nome,posicao_raw,posicao,idade,nacionalidade,clube,liga,jogos,minutos,gols,assistencias,amarelos,vermelhos,passes_tent,pct_passes,passes_prog,chutes,chutes_gol,xG,desarmes,interceptacoes,bloqueios,cortes,defesas_gk,pct_defesas,clean_sheets,avaliacao_fotmob,90s,starts,nome_norm,nome_tm,valor_mercado
Brenden Aaronson,"MF,FW",MF,25.0,usUSA,Leeds United,Big5,35,2301,4,5,2,0,,,,43.008,16,4.6,,17,,,,,,6.69,25.6,28,brendenaaronson,,
Zach Abbott,DF,DF,20.0,engENG,Nottingham Forest,Big5,3,164,0,0,0,0,,,,0.0,0,,,2,,,,,,,1.8,2,zachabbott,,
Himad Abdelli,MF,MF,26.0,dzALG,Marseille,Big5,8,138,0,0,1,0,,,,3.915,1,2.1,,2,,,,,,6.96,1.5,1,himadabdelli,,
Ali Abdi,"MF,DF",MF,32.0,tnTUN,Nice,Big5,21,1097,3,0,4,1,,,,10.98,3,2.4,,10,,,,,,6.68,12.2,12,aliabdi,,
Salis Abdul Samed,MF,MF,26.0,ghGHA,Nice,Big5,18,911,0,0,3,0,,,,1.01,0,0.0,,11,,,,,,6.27,10.1,12,salisabdulsamed,,
Saud Abdulhamid,MF,MF,26.0,saKSA,Lens,Big5,24,1307,2,4,3,1,,,,7.9750000000000005,3,0.8,,9,,,,,,6.9,14.5,13,saudabdulhamid,,
Laurent Abergel,MF,MF,33.0,frFRA,Lorient,Big5,27,2253,1,0,6,0,,,,22.0,5,0.8,,28,,,,,,6.91,25.0,26,laurentabergel,,
Matthis Abline,"FW,MF",FW,23.0,frFRA,Nantes,Big5,32,2494,6,4,6,0,,,,83.931,22,8.0,,9,,,,,,6.79,27.7,27,matthisabline,,
Abner,"DF,MF",DF,25.0,brBRA,Lyon,Big5,25,2060,3,2,4,1,,,,16.945999999999998,7,1.6,,8,,,,,,6.94,22.9,24,abner,,
Zakaria Aboukhlal,MF,MF,26.0,maMAR,Torino,Big5,15,511,0,0,4,0,,,,7.011,2,0.3,,1,,,,,,,5.7,6,zakariaaboukhlal,,
Tammy Abraham,FW,FW,28.0,engENG,Aston Villa,Big5,12,286,2,0,0,0,,,,9.056000000000001,3,2.0,,0,,,,,,,3.2,2,tammyabraham,,
Giorgi Abuashvili,"MF,FW",MF,23.0,geGEO,Metz,Big5,22,624,2,0,1,0,,,,16.905,7,1.0,,4,,,,,,6.34,6.9,5,giorgiabuashvili,,
Mathieu Acapandié,"MF,DF",MF,21.0,mgMAD,Nantes,Big5,6,261,0,0,0,0,,,,0.0,0,,,3,,,,,,,2.9,2,mathieuacapandie,,
Akor Adams,FW,FW,26.0,ngNGA,Sevilla,Big5,30,1947,10,3,3,0,,,,57.888000000000005,29,10.0,,1,,,,,,6.68,21.6,20,akoradams,,
Che Adams,FW,FW,29.0,sctSCO,Torino,Big5,31,1826,5,2,0,0,,,,48.111000000000004,14,5.7,,1,,,,,,6.69,20.3,19,cheadams,,
Tyler Adams,MF,MF,27.0,usUSA,Bournemouth,Big5,23,1593,2,2,7,0,,,,9.027,6,0.6,,27,,,,,,6.94,17.7,19,tyleradams,,
Tosin Adarabioyo,DF,DF,28.0,engENG,Chelsea,Big5,16,795,0,0,2,0,,,,2.0240000000000005,0,0.1,,9,,,,,,,8.8,8,tosinadarabioyo,,
Jayden Addai,MF,MF,20.0,nlNED,Como,Big5,12,686,3,0,4,0,,,,12.995999999999999,6,1.5,,2,,,,,,,7.6,7,jaydenaddai,,
Simon Adingra,"MF,FW",MF,24.0,ciCIV,Sunderland,Big5,14,653,1,0,2,0,,,,6.058999999999999,2,0.3,,2,,,,,,,7.3,9,simonadingra,,
Simon Adingra,"MF,FW",MF,24.0,ciCIV,Monaco,Big5,13,780,3,1,0,0,,,,20.096999999999998,5,2.5,,6,,,,,,,8.7,9,simonadingra,,
Nathaniel Adjei,DF,DF,23.0,ghGHA,Lorient,Big5,14,763,0,0,0,0,,,,3.9949999999999997,2,0.4,,6,,,,,,,8.5,8,nathanieladjei,,
Amine Adli,MF,MF,26.0,maMAR,Bournemouth,Big5,30,1075,3,1,2,0,,,,19.873,9,2.6,,5,,,,,,6.69,11.9,10,amineadli,,
Vasilije Adžić,MF,MF,20.0,meMNE,Juventus,Big5,10,171,1,0,0,0,,,,6.004,4,0.2,,3,,,,,,,1.9,1,vasilijeadzic,,
Michel Aebischer,MF,MF,29.0,chSUI,Pisa,Big5,33,2742,1,1,8,0,,,,18.91,5,0.6,,33,,,,,,6.9,30.5,31,michelaebischer,,
David Affengruber,DF,DF,25.0,atAUT,Elche,Big5,34,2769,1,1,6,1,,,,14.168000000000001,4,0.9,,47,,,,,,7.04,30.8,31,davidaffengruber,,
Lucien Agoume,MF,MF,24.0,frFRA,Sevilla,Big5,32,2564,1,3,11,0,,,,15.105,2,0.9,,48,,,,,,6.93,28.5,30,lucienagoume,,
Marc Aguado,MF,MF,26.0,esESP,Elche,Big5,33,2327,1,2,2,0,,,,3.1079999999999997,2,0.2,,40,,,,,,6.88,25.9,28,marcaguado,,
Nayef Aguerd,DF,DF,30.0,maMAR,Marseille,Big5,16,1396,1,0,4,0,,,,9.92,2,0.6,,21,,,,,,,15.5,16,nayefaguerd,,
Nayef Aguerd,DF,DF,30.0,maMAR,West Ham United,Big5,2,180,0,0,0,0,,,,2.0,0,0.1,,1,,,,,,,2.0,2,nayefaguerd,,
Ruben Aguilar,MF,MF,33.0,frFRA,Lens,Big5,25,1675,2,2,5,1,,,,13.02,3,0.9,,24,,,,,,7.13,18.6,20,rubenaguilar,,
Naouirou Ahamada,MF,MF,24.0,frFRA,Auxerre,Big5,14,592,0,1,0,0,,,,5.016,1,0.4,,4,,,,,,,6.6,7,naouirouahamada,,
Honest Ahanor,DF,DF,18.0,itITA,Atalanta,Big5,20,1197,0,0,1,1,,,,11.97,3,1.9,,21,,,,,,6.83,13.3,13,honestahanor,,
Ola Aina,DF,DF,29.0,ngNGA,Nottingham Forest,Big5,18,1588,0,0,3,0,,,,11.968000000000002,1,0.4,,26,,,,,,,17.6,18,olaaina,,
Abdelhamid Ait Boudlal,DF,DF,20.0,maMAR,Rennes,Big5,19,1313,2,1,3,1,,,,10.95,4,1.7,,17,,,,,,6.79,14.6,16,abdelhamidaitboudlal,,
Rayan Aït-Nouri,DF,DF,24.0,dzALG,Manchester City,Big5,16,960,0,2,2,0,,,,10.057999999999998,2,0.6,,13,,,,,,,10.7,12,rayanaitnouri,Rayan Aït-Nouri,40000000.0
Kristoffer Ajer,DF,DF,28.0,noNOR,Brentford,Big5,26,1729,0,1,4,0,,,,9.984,3,0.8,,13,,,,,,6.61,19.2,19,kristofferajer,,
Ludovic Ajorque,FW,FW,32.0,frFRA,Brest,Big5,31,2730,8,9,9,1,,,,53.025,17,9.3,,11,,,,,,7.14,30.3,31,ludovicajorque,,
Nathan Aké,DF,DF,31.0,nlNED,Manchester City,Big5,17,619,0,0,1,0,,,,6.003,1,0.7,,5,,,,,,,6.9,5,nathanake,,
Ilias Akhomach,"MF,FW",MF,22.0,maMAR,Rayo Vallecano,Big5,11,709,0,1,2,0,,,,18.012,6,1.9,,2,,,,,,6.49,7.9,7,iliasakhomach,,
Ebenezer Akinsanmiro,MF,MF,21.0,ngNGA,Pisa,Big5,22,1340,0,1,2,0,,,,12.963000000000001,3,0.9,,24,,,,,,6.75,14.9,14,ebenezerakinsanmiro,,
Maghnes Akliouche,"MF,FW",MF,24.0,frFRA,Monaco,Big5,30,2334,6,6,3,0,,,,47.915,19,7.2,,17,,,,,,7.26,25.9,27,maghnesakliouche,Maghnes Akliouche,50000000.0
Clément Akpa,DF,DF,24.0,ciCIV,Auxerre,Big5,26,1944,0,0,4,1,,,,6.048000000000001,0,0.2,,23,,,,,,6.55,21.6,21,clementakpa,,
David Alaba,DF,DF,33.0,atAUT,Real Madrid,Big5,9,265,0,0,1,0,,,,2.9579999999999997,1,0.2,,0,,,,,,,2.9,3,davidalaba,,
Raúl Albiol,DF,DF,40.0,esESP,Pisa,Big5,8,500,0,1,1,0,,,,1.008,0,0.1,,7,,,,,,,5.6,5,raulalbiol,,
Omar Alderete,DF,DF,29.0,pyPAR,Sunderland,Big5,32,2776,1,1,6,0,,,,24.024,9,1.6,,36,,,,,,6.92,30.8,31,omaralderete,,
Carles Aleñá,MF,MF,28.0,esESP,Alavés,Big5,34,1989,0,4,5,0,,,,28.951000000000004,5,2.7,,12,,,,,,6.59,22.1,23,carlesalena,,
Trent Alexander-Arnold,DF,DF,27.0,engENG,Real Madrid,Big5,19,1086,0,4,4,0,,,,7.986,1,0.3,,13,,,,,,,12.1,13,trentalexanderarnold,Trent Alexander-Arnold,60000000.0
Jim Allevinah,MF,MF,31.0,gaGAB,Angers,Big5,6,133,1,0,0,0,,,,5.07,1,1.0,,0,,,,,,,1.5,0,jimallevinah,,
Max Alleyne,DF,DF,20.0,engENG,Manchester City,Big5,2,135,0,0,0,0,,,,1.995,1,0.3,,3,,,,,,,1.5,2,maxalleyne,,
Pontus Almqvist,MF,MF,26.0,seSWE,Parma,Big5,12,438,0,0,0,0,,,,3.0380000000000003,2,0.4,,6,,,,,,,4.9,4,pontusalmqvist,,
Sergi Altimira,MF,MF,24.0,esESP,Real Betis,Big5,24,1186,1,2,3,0,,,,6.9959999999999996,3,0.3,,20,,,,,,6.87,13.2,13,sergialtimira,,
Carlos Álvarez,MF,MF,22.0,esESP,Levante,Big5,30,1890,3,1,3,0,,,,30.029999999999998,11,2.7,,13,,,,,,6.71,21.0,23,carlosalvarez,,
Yeray Álvarez,DF,DF,31.0,esESP,Athletic Club,Big5,5,378,0,0,0,0,,,,0.0,0,0.1,,8,,,,,,,4.2,4,yerayalvarez,,
Aurele Amenda,DF,DF,22.0,chSUI,Eintracht Frankfurt,Big5,23,1588,0,0,4,0,,,,10.032,2,0.8,,29,,,,,,6.69,17.6,17,aureleamenda,,
Kelvin Amian,DF,DF,28.0,frFRA,Nantes,Big5,23,1961,0,1,3,0,,,,10.028,2,0.4,,8,,,,,,6.37,21.8,22,kelvinamian,,
Samuel Amo-Ameyaw,"MF,DF",MF,19.0,engENG,Strasbourg,Big5,25,1047,2,2,2,0,,,,16.936,5,0.9,,3,,,,,,6.64,11.6,9,samuelamoameyaw,,
Amorim,MF,MF,20.0,brBRA,Genoa,Big5,9,395,0,0,1,0,,,,2.0240000000000005,0,0.2,,7,,,,,,,4.4,4,amorim,,
Mathis Amougou,MF,MF,20.0,frFRA,Strasbourg,Big5,12,409,0,0,1,0,,,,2.97,2,0.2,,2,,,,,,,4.5,4,mathisamougou,,
Ethan Ampadu,MF,MF,25.0,wlsWAL,Leeds United,Big5,33,2939,1,1,9,0,,,,26.160000000000004,6,2.5,,50,,,,,,7.21,32.7,33,ethanampadu,,
Sofyan Amrabat,MF,MF,29.0,maMAR,Real Betis,Big5,16,1216,0,0,4,0,,,,7.0200000000000005,1,0.3,,11,,,,,,,13.5,13,sofyanamrabat,,
Joachim Andersen,DF,DF,29.0,dkDEN,Fulham,Big5,33,2875,0,1,7,1,,,,15.95,4,1.5,,34,,,,,,6.94,31.9,33,joachimandersen,,
Elliot Anderson,MF,MF,23.0,engENG,Nottingham Forest,Big5,36,3177,4,2,7,0,,,,43.065999999999995,10,2.9,,38,,,,,,7.51,35.3,35,elliotanderson,Elliot Anderson,75000000.0
Benjamin André,MF,MF,35.0,frFRA,Lille,Big5,26,2242,2,2,8,0,,,,24.9,6,3.2,,31,,,,,,7.4,24.9,25,benjaminandre,,
Manuel Ángel,MF,MF,22.0,esESP,Real Madrid,Big5,4,96,0,0,0,0,,,,2.0570000000000004,1,0.0,,0,,,,,,,1.1,1,manuelangel,,
Angeliño,MF,MF,29.0,esESP,Roma,Big5,7,416,0,0,2,0,,,,4.968,2,0.2,,3,,,,,,,4.6,5,angelino,,
Samuele Angori,MF,MF,22.0,itITA,Pisa,Big5,33,2419,0,2,2,0,,,,12.911999999999999,2,1.8,,23,,,,,,6.7,26.9,28,samueleangori,,
Nilson Angulo,MF,MF,22.0,ecECU,Sunderland,Big5,6,268,0,0,0,0,,,,3.0300000000000002,2,0.8,,2,,,,,,,3.0,3,nilsonangulo,,
Jaidon Anthony,MF,MF,26.0,engENG,Burnley,Big5,35,2548,8,2,4,0,,,,52.072,22,5.1,,16,,,,,,6.86,28.3,30,jaidonanthony,,
Kyllian Antonio,DF,DF,18.0,frFRA,Lens,Big5,3,152,0,0,1,0,,,,1.003,0,0.1,,5,,,,,,,1.7,1,kyllianantonio,,
Antony,"MF,FW",MF,26.0,brBRA,Real Betis,Big5,30,2273,8,6,5,1,,,,83.23700000000001,33,8.8,,21,,,,,,7.43,25.3,28,antony,Antony,40000000.0
Mauro Arambarri,MF,MF,30.0,uyURU,Getafe,Big5,35,3069,6,2,5,0,,,,56.947,19,7.2,,21,,,,,,6.92,34.1,35,mauroarambarri,,
Jon Aramburu,DF,DF,23.0,veVEN,Real Sociedad,Big5,32,2604,1,0,10,0,,,,19.941,5,1.9,,43,,,,,,6.91,28.9,29,jonaramburu,,
Ronald Araújo,DF,DF,27.0,uyURU,Barcelona,Big5,22,998,3,0,2,0,,,,10.988999999999999,5,1.4,,10,,,,,,6.9,11.1,10,ronaldaraujo,,
Carlens Arcus,DF,DF,29.0,htHAI,Angers,Big5,25,2014,0,3,7,0,,,,8.959999999999999,1,0.3,,29,,,,,,6.82,22.4,24,carlensarcus,,
Alphonse Areola,GK,GK,33.0,frFRA,West Ham United,Big5,20,1800,0,1,0,0,,,,0.0,0,,,1,,,76.0,70.4,0.0,6.57,20.0,20,alphonseareola,,
Jesús Areso,DF,DF,26.0,esESP,Athletic Club,Big5,26,1506,0,1,3,0,,,,3.006,0,0.1,,20,,,,,,6.79,16.7,14,jesusareso,,
Paul Argney,GK,GK,19.0,frFRA,Le Havre,Big5,1,90,0,0,0,0,,,,0.0,0,,,0,,,2.0,66.7,0.0,,1.0,1,paulargney,,
Iñigo Arguibide,DF,DF,21.0,esESP,Osasuna,Big5,6,187,0,0,0,1,,,,0.0,0,,,1,,,,,,,2.1,2,inigoarguibide,,
Juan Arizala,MF,MF,20.0,coCOL,Udinese,Big5,9,132,0,0,0,0,,,,1.02,1,0.0,,1,,,,,,,1.5,0,juanarizala,,
Harrison Armstrong,MF,MF,19.0,engENG,Everton,Big5,12,500,0,0,0,0,,,,5.04,2,0.8,,4,,,,,,,5.6,6,harrisonarmstrong,,
Kervin Arriaga,MF,MF,28.0,hnHON,Levante,Big5,25,1397,2,3,7,1,,,,13.02,5,1.0,,14,,,,,,6.79,15.5,14,kervinarriaga,,
Takuma Asano,"MF,FW",MF,31.0,jpJPN,Mallorca,Big5,18,582,1,0,2,0,,,,12.09,2,2.0,,1,,,,,,,6.5,7,takumaasano,,
Raúl Asencio,DF,DF,23.0,esESP,Real Madrid,Big5,21,1528,2,0,4,0,,,,13.94,4,1.2,,8,,,,,,6.88,17.0,16,raulasencio,,
Kristjan Asllani,MF,MF,24.0,alALB,Torino,Big5,15,1129,0,0,3,0,,,,19.875,4,1.4,,12,,,,,,,12.5,13,kristjanasllani,,
Joel Asoro,FW,FW,27.0,seSWE,Metz,Big5,8,227,0,0,0,0,,,,3.975,1,0.7,,0,,,,,,,2.5,2,joelasoro,,
Yaser Asprilla,"FW,MF",FW,22.0,coCOL,Girona,Big5,15,611,0,0,0,0,,,,15.027999999999999,5,0.6,,5,,,,,,,6.8,6,yaserasprilla,,
Zachary Athekame,"MF,DF",MF,21.0,chSUI,Milan,Big5,25,713,1,2,3,0,,,,10.981,3,0.4,,4,,,,,,6.64,7.9,6,zacharyathekame,,
Arthur Atta,MF,MF,23.0,frFRA,Udinese,Big5,30,2377,5,3,3,0,,,,53.06399999999999,19,4.0,,22,,,,,,6.99,26.4,27,arthuratta,,
Pierre-Emerick Aubameyang,FW,FW,36.0,gaGAB,Marseille,Big5,29,1949,9,5,1,0,,,,52.08,28,13.2,,7,,,,,,6.99,21.7,22,pierreemerickaubameyang,,
Emil Audero,GK,GK,29.0,idIDN,Cremonese,Big5,32,2880,0,0,0,0,,,,0.0,0,,,0,,,119.0,73.1,10.0,6.86,32.0,32,emilaudero,,
Ezequiel Ávila,FW,FW,32.0,arARG,Real Betis,Big5,14,363,1,0,3,0,,,,7.92,2,1.6,,4,,,,,,,4.0,3,ezequielavila,,
Arthur Avom,MF,MF,21.0,cmCMR,Lorient,Big5,30,2094,2,1,3,0,,,,20.970000000000002,6,1.1,,28,,,,,,6.97,23.3,22,arthuravom,,
Chidozie Awaziem,DF,DF,29.0,ngNGA,Nantes,Big5,26,2231,1,2,7,0,,,,10.912,4,0.6,,20,,,,,,6.8,24.8,25,chidozieawaziem,,
Taiwo Awoniyi,FW,FW,28.0,ngNGA,Nottingham Forest,Big5,15,444,4,1,1,0,,,,12.936000000000002,8,3.6,,1,,,,,,,4.9,3,taiwoawoniyi,,
Neil El Aynaoui,MF,MF,24.0,maMAR,Roma,Big5,23,864,1,2,5,0,,,,5.952,4,1.1,,18,,,,,,6.73,9.6,7,neilelaynaoui,,
César Azpilicueta,DF,DF,36.0,esESP,Sevilla,Big5,16,1123,0,1,4,0,,,,1.0,0,0.0,,22,,,,,,,12.5,16,cesarazpilicueta,,
Oussama El Azzouzi,"MF,DF",MF,24.0,maMAR,Auxerre,Big5,11,807,1,0,1,1,,,,5.040000000000001,1,0.5,,16,,,,,,,9.0,10,oussamaelazzouzi,,
Benoît Badiashile,DF,DF,25.0,frFRA,Chelsea,Big5,8,471,0,0,2,0,,,,0.0,0,,,9,,,,,,,5.2,6,benoitbadiashile,,
Samson Baidoo,DF,DF,22.0,atAUT,Lens,Big5,23,1827,2,1,2,0,,,,16.037000000000003,4,1.6,,25,,,,,,7.22,20.3,20,samsonbaidoo,,
Leon Bailey,MF,MF,28.0,jmJAM,Aston Villa,Big5,12,369,0,1,1,0,,,,5.986,1,0.5,,1,,,,,,,4.1,2,leonbailey,,
Leon Bailey,FW,FW,28.0,jmJAM,Roma,Big5,7,186,0,0,0,0,,,,3.045,1,0.2,,0,,,,,,,2.1,1,leonbailey,,
Cédric Bakambu,FW,FW,35.0,cdCOD,Real Betis,Big5,17,524,3,1,1,0,,,,20.938,9,3.4,,1,,,,,,,5.8,5,cedricbakambu,,
Johan Bakayoko,"FW,MF",FW,23.0,beBEL,RB Leipzig,Big5,19,766,2,0,1,0,,,,23.97,9,2.1,,2,,,,,,6.65,8.5,8,johanbakayoko,,
Darryl Bakola,MF,MF,18.0,frFRA,Sassuolo,Big5,5,109,0,1,0,0,,,,2.976,1,0.1,,1,,,,,,,1.2,1,darrylbakola,,
Ridle Baku,DF,DF,28.0,deGER,RB Leipzig,Big5,31,2476,2,3,4,0,,,,28.875,6,2.6,,30,,,,,,7.08,27.5,28,ridlebaku,,
Dilane Bakwa,"FW,MF",FW,23.0,frFRA,Strasbourg,Big5,3,107,1,2,0,0,,,,2.016,1,0.1,,1,,,,,,,1.2,0,dilanebakwa,,
Dilane Bakwa,MF,MF,23.0,frFRA,Nottingham Forest,Big5,13,532,0,2,1,0,,,,8.968,3,0.5,,0,,,,,,,5.9,6,dilanebakwa,,
Luís Balbo,DF,DF,20.0,veVEN,Fiorentina,Big5,4,180,0,0,0,0,,,,0.0,0,,,1,,,,,,,2.0,1,luisbalbo,,
Tommaso Baldanzi,MF,MF,23.0,itITA,Genoa,Big5,7,336,0,2,0,0,,,,7.918000000000001,3,2.0,,2,,,,,,,3.7,4,tommasobaldanzi,,
Alejandro Balde,DF,DF,22.0,esESP,Barcelona,Big5,26,1734,0,2,2,0,,,,8.106,1,0.6,,6,,,,,,7.08,19.3,20,alejandrobalde,Alejandro Balde,50000000.0
Fabio Baldé,"FW,MF",FW,20.0,ptPOR,Hamburger SV,Big5,15,434,1,1,1,0,,,,6.96,4,0.9,,1,,,,,,,4.8,3,fabiobalde,,
Leonardo Balerdi,DF,DF,27.0,arARG,Marseille,Big5,25,1911,0,1,5,0,,,,18.868,5,2.3,,25,,,,,,7.0,21.2,20,leonardobalerdi,,
Daniel Ballard,DF,DF,26.0,nirNIR,Sunderland,Big5,29,2149,2,0,4,1,,,,26.051000000000002,9,2.5,,20,,,,,,6.85,23.9,24,danielballard,,
Iván Balliu,DF,DF,34.0,alALB,Rayo Vallecano,Big5,12,423,0,0,2,0,,,,2.021,0,0.4,,5,,,,,,,4.7,4,ivanballiu,,
Folarin Balogun,FW,FW,24.0,usUSA,Monaco,Big5,29,2155,13,4,4,1,,,,71.939,31,13.4,,4,,,,,,7.03,23.9,25,folarinbalogun,Folarin Balogun,40000000.0
Abdoulaye Bamba,DF,DF,36.0,ciCIV,Angers,Big5,5,191,0,0,0,0,,,,0.987,1,0.0,,3,,,,,,,2.1,2,abdoulayebamba,,
Aladji Bamba,MF,MF,19.0,frFRA,Monaco,Big5,17,746,0,1,2,0,,,,0.996,1,0.1,,8,,,,,,,8.3,10,aladjibamba,,
Mohamed Bamba,FW,FW,24.0,ciCIV,Lorient,Big5,18,682,1,2,3,0,,,,13.072,6,2.4,,2,,,,,,6.35,7.6,7,mohamedbamba,,
Lameck Banda,"MF,FW",MF,25.0,zmZAM,Lecce,Big5,30,1626,4,3,6,1,,,,33.123000000000005,10,2.8,,7,,,,,,6.6,18.1,19,lameckbanda,,
Ezechiel Banzuzi,MF,MF,21.0,nlNED,RB Leipzig,Big5,24,597,0,1,3,0,,,,14.915999999999999,4,1.4,,6,,,,,,6.57,6.6,2,ezechielbanzuzi,,
Tommaso Barbieri,MF,MF,23.0,itITA,Cremonese,Big5,27,1640,0,1,7,0,,,,14.014,2,0.8,,14,,,,,,6.56,18.2,17,tommasobarbieri,,
Valentín Barco,MF,MF,21.0,arARG,Strasbourg,Big5,26,2110,2,4,5,1,,,,26.909999999999997,10,3.3,,13,,,,,,7.16,23.4,23,valentinbarco,Valentín Barco,40000000.0
Bradley Barcola,FW,FW,23.0,frFRA,Paris Saint-Germain,Big5,28,1686,10,1,2,0,,,,63.95399999999999,28,10.8,,12,,,,,,7.36,18.7,20,bradleybarcola,Bradley Barcola,70000000.0
Melvin Bard,"DF,MF",DF,25.0,frFRA,Nice,Big5,29,2394,2,1,4,0,,,,14.896000000000003,5,1.1,,41,,,,,,6.84,26.6,26,melvinbard,,
Roony Bardghji,"MF,FW",MF,20.0,seSWE,Barcelona,Big5,20,620,1,1,0,0,,,,21.044999999999998,12,1.4,,2,,,,,,,6.9,7,roonybardghji,,
Ross Barkley,MF,MF,32.0,engENG,Aston Villa,Big5,19,727,3,0,1,0,,,,17.01,8,1.5,,2,,,,,,6.68,8.1,6,rossbarkley,,
Harvey Barnes,"FW,MF",FW,28.0,engENG,Newcastle United,Big5,35,1847,7,0,1,0,,,,53.915,20,7.1,,3,,,,,,6.63,20.5,18,harveybarnes,,
Ander Barrenetxea,MF,MF,24.0,esESP,Real Sociedad,Big5,29,1730,3,5,4,0,,,,33.984,10,2.6,,16,,,,,,7.01,19.2,21,anderbarrenetxea,,
Thierno Barry,FW,FW,23.0,frFRA,Everton,Big5,36,1813,8,0,3,0,,,,36.984,14,8.1,,5,,,,,,6.44,20.1,20,thiernobarry,,
Davide Bartesaghi,"MF,DF",MF,20.0,itITA,Milan,Big5,29,2261,2,0,3,0,,,,20.080000000000002,6,1.1,,13,,,,,,6.93,25.1,25,davidebartesaghi,,
Marc Bartra,DF,DF,35.0,esESP,Real Betis,Big5,25,1978,1,0,3,0,,,,16.06,5,0.8,,29,,,,,,6.92,22.0,21,marcbartra,,
Federico Baschirotto,DF,DF,29.0,itITA,Cremonese,Big5,29,2540,2,0,2,0,,,,12.126,5,1.1,,24,,,,,,6.58,28.2,29,federicobaschirotto,,
Toma Bašić,MF,MF,29.0,hrCRO,Lazio,Big5,21,1555,2,3,0,1,,,,29.064,11,1.4,,8,,,,,,6.91,17.3,21,tomabasic,,
Calvin Bassey,DF,DF,26.0,ngNGA,Fulham,Big5,28,2354,1,0,5,0,,,,12.052,1,1.7,,19,,,,,,6.81,26.2,26,calvinbassey,,
Augusto Batalla,GK,GK,30.0,arARG,Rayo Vallecano,Big5,32,2880,0,0,6,0,,,,0.0,0,,,0,,,87.0,73.5,10.0,7.05,32.0,32,augustobatalla,,
Michy Batshuayi,FW,FW,32.0,beBEL,Eintracht Frankfurt,Big5,6,139,1,0,0,0,,,,4.86,1,1.1,,0,,,,,,,1.5,1,michybatshuayi,,
Martin Baturina,"MF,FW",MF,23.0,hrCRO,Como,Big5,27,1406,6,3,0,0,,,,22.932,9,1.8,,5,,,,,,7.24,15.6,15,martinbaturina,,
Christoph Baumgartner,MF,MF,26.0,atAUT,RB Leipzig,Big5,32,2690,13,8,9,0,,,,78.936,34,15.1,,22,,,,,,7.36,29.9,31,christophbaumgartner,,
Sheraldo Becker,"FW,MF",FW,31.0,srSUR,Osasuna,Big5,9,158,0,0,0,0,,,,3.078,0,0.1,,3,,,,,,,1.8,0,sheraldobecker,,
Ismael Bekhoucha,DF,DF,21.0,maMAR,Getafe,Big5,4,122,0,1,2,0,,,,1.036,0,0.0,,2,,,,,,,1.4,1,ismaelbekhoucha,,
Reda Belahyane,MF,MF,21.0,maMAR,Lazio,Big5,12,519,0,1,1,1,,,,0.986,1,0.2,,2,,,,,,,5.8,4,redabelahyane,,
Haris Belkebla,MF,MF,32.0,dzALG,Angers,Big5,32,2785,0,0,7,0,,,,4.944,0,0.3,,29,,,,,,6.76,30.9,32,harisbelkebla,,
Yassin Belkhdim,MF,MF,24.0,frFRA,Angers,Big5,27,2135,2,2,5,0,,,,32.943,14,2.3,,32,,,,,,6.94,23.7,26,yassinbelkhdim,,
Raoul Bellanova,MF,MF,25.0,itITA,Atalanta,Big5,23,1332,0,1,2,0,,,,13.024000000000001,5,0.5,,9,,,,,,6.76,14.8,14,raoulbellanova,,
Héctor Bellerín,DF,DF,31.0,esESP,Real Betis,Big5,25,1642,2,3,2,0,,,,6.006,5,0.4,,13,,,,,,6.96,18.2,18,hectorbellerin,,
Jude Bellingham,MF,MF,22.0,engENG,Real Madrid,Big5,25,1730,4,4,2,0,,,,48.0,23,7.3,,13,,,,,,7.53,19.2,20,judebellingham,Jude Bellingham,130000000.0
Andrea Belotti,FW,FW,32.0,itITA,Cagliari,Big5,7,212,2,0,0,0,,,,6.119999999999999,4,1.9,,4,,,,,,,2.4,3,andreabelotti,,
Fran Beltrán,MF,MF,27.0,esESP,Girona,Big5,14,910,1,0,3,0,,,,7.979,3,0.7,,8,,,,,,6.77,10.1,11,franbeltran,,
Adrian Benedyczak,FW,FW,25.0,plPOL,Parma,Big5,14,490,1,1,1,0,,,,7.938000000000001,3,1.4,,1,,,,,,,5.4,5,adrianbenedyczak,,
Yassine Benhattab,"MF,FW",MF,23.0,frFRA,Nantes,Big5,10,477,0,0,0,0,,,,3.9749999999999996,1,0.1,,0,,,,,,,5.3,5,yassinebenhattab,,
Walter Benítez,GK,GK,33.0,arARG,Crystal Palace,Big5,1,90,0,0,0,0,,,,0.0,0,,,0,,,3.0,100.0,1.0,,1.0,1,walterbenitez,,
Iker Benito,MF,MF,23.0,esESP,Osasuna,Big5,6,159,1,0,1,0,,,,2.034,1,0.6,,2,,,,,,,1.8,1,ikerbenito,,
Nabil Bentaleb,MF,MF,31.0,dzALG,Lille,Big5,25,1242,2,2,3,0,,,,16.974,5,1.3,,15,,,,,,6.83,13.8,12,nabilbentaleb,,
Rodrigo Bentancur,MF,MF,28.0,uyURU,Tottenham Hotspur,Big5,24,1712,1,1,7,0,,,,12.920000000000002,3,0.7,,33,,,,,,7.11,19.0,21,rodrigobentancur,,
Lucas Beraldo,"DF,MF",DF,22.0,brBRA,Paris Saint-Germain,Big5,19,1477,2,1,2,0,,,,13.939999999999998,4,1.7,,18,,,,,,7.25,16.4,17,lucasberaldo,,
Domenico Berardi,FW,FW,31.0,itITA,Sassuolo,Big5,24,1797,8,4,2,1,,,,37.0,19,5.8,,23,,,,,,7.13,20.0,22,domenicoberardi,,
Yuri Berchiche,DF,DF,36.0,esESP,Athletic Club,Big5,31,2615,0,5,4,0,,,,22.116,5,0.6,,34,,,,,,7.13,29.1,30,yuriberchiche,,
Álex Berenguer,MF,MF,30.0,esESP,Athletic Club,Big5,30,2073,2,3,4,0,,,,43.010000000000005,20,4.5,,13,,,,,,6.68,23.0,24,alexberenguer,,
Sander Berge,MF,MF,28.0,noNOR,Fulham,Big5,33,2770,0,1,5,0,,,,12.012,3,1.5,,25,,,,,,6.71,30.8,32,sanderberge,,
Lucas Bergström,GK,GK,23.0,fiFIN,Mallorca,Big5,5,450,0,0,1,0,,,,0.0,0,,,0,,,15.0,68.2,2.0,,5.0,5,lucasbergstrom,,
Lucas Bergvall,MF,MF,20.0,seSWE,Tottenham Hotspur,Big5,23,965,1,3,2,0,,,,11.984,5,1.4,,3,,,,,,,10.7,11,lucasbergvall,,
Medon Berisha,MF,MF,22.0,alALB,Lecce,Big5,13,871,2,3,0,0,,,,24.055999999999997,5,1.2,,5,,,,,,,9.7,12,medonberisha,,
Anthony Bermont,FW,FW,21.0,frFRA,Lens,Big5,10,104,0,0,0,0,,,,4.152,2,0.2,,3,,,,,,,1.2,0,anthonybermont,,
Adrian Bernabe,MF,MF,24.0,esESP,Parma,Big5,32,2470,3,1,0,0,,,,49.868,12,2.2,,17,,,,,,7.01,27.4,31,adrianbernabe,,
Marc Bernal,MF,MF,18.0,esESP,Barcelona,Big5,20,634,2,1,3,0,,,,6.93,2,1.0,,10,,,,,,,7.0,7,marcbernal,,
Gabin Bernardeau,MF,MF,20.0,frFRA,Nice,Big5,4,95,0,0,0,0,,,,3.124,1,0.1,,0,,,,,,,1.1,1,gabinbernardeau,,
Federico Bernardeschi,"MF,FW",MF,32.0,itITA,Bologna,Big5,27,1062,3,2,3,0,,,,33.984,10,3.0,,5,,,,,,6.85,11.8,10,federicobernardeschi,,
Lorenzo Bernasconi,MF,MF,22.0,itITA,Atalanta,Big5,23,1572,0,3,3,0,,,,9.1,1,0.4,,14,,,,,,7.02,17.5,17,lorenzobernasconi,,
Nicolò Bertola,"DF,MF",DF,23.0,itITA,Udinese,Big5,26,1686,0,1,3,0,,,,11.968,4,0.6,,22,,,,,,6.78,18.7,18,nicolobertola,,
Beto,FW,FW,28.0,gwGNB,Everton,Big5,35,1489,9,1,3,0,,,,41.910000000000004,17,8.9,,1,,,,,,6.51,16.5,16,beto,,
Sam Beukema,DF,DF,27.0,nlNED,Napoli,Big5,23,1591,2,0,2,0,,,,7.08,3,1.7,,14,,,,,,6.96,17.7,17,sambeukema,,
Matteo Bianchetti,DF,DF,33.0,itITA,Cremonese,Big5,25,2012,0,2,3,0,,,,6.944,1,0.5,,16,,,,,,6.69,22.4,23,matteobianchetti,,
Mika Biereth,FW,FW,23.0,dkDEN,Monaco,Big5,31,1059,2,2,0,0,,,,18.998,7,3.3,,0,,,,,,6.3,11.8,12,mikabiereth,,
Pedro Bigas,DF,DF,35.0,esESP,Elche,Big5,26,1883,1,2,5,1,,,,10.031999999999998,3,0.7,,27,,,,,,6.97,20.9,23,pedrobigas,,
Justin Bijlow,GK,GK,28.0,nlNED,Genoa,Big5,15,1305,0,0,0,0,,,,0.0,0,,,0,,,41.0,74.5,5.0,,14.5,15,justinbijlow,,
Jaka Bijol,DF,DF,27.0,siSVN,Leeds United,Big5,23,1731,1,2,3,0,,,,14.975999999999999,6,0.9,,22,,,,,,7.04,19.2,19,jakabijol,,
Cristiano Biraghi,"MF,DF",MF,33.0,itITA,Torino,Big5,14,517,0,0,0,0,,,,1.9949999999999999,0,0.1,,3,,,,,,,5.7,5,cristianobiraghi,,
Veljko Birmančević,FW,FW,28.0,rsSRB,Getafe,Big5,5,136,0,0,0,0,,,,1.98,1,0.1,,2,,,,,,,1.5,1,veljkobirmancevic,,
Yves Bissouma,MF,MF,29.0,mlMLI,Tottenham Hotspur,Big5,11,603,0,0,4,0,,,,5.025,2,0.4,,8,,,,,,,6.7,7,yvesbissouma,,
Emmanuel Biumla,DF,DF,21.0,frFRA,Angers,Big5,8,374,0,0,0,0,,,,2.016,0,0.1,,2,,,,,,,4.2,3,emmanuelbiumla,,
Marco Bizot,GK,GK,35.0,nlNED,Aston Villa,Big5,6,495,0,0,2,0,,,,0.0,0,,,0,,,17.0,68.0,2.0,,5.5,5,marcobizot,,
Antonio Blanco,MF,MF,25.0,esESP,Alavés,Big5,34,2930,2,3,9,0,,,,38.141999999999996,12,1.4,,50,,,,,,7.06,32.6,34,antonioblanco,,
Ludovic Blas,"MF,FW",MF,28.0,frFRA,Rennes,Big5,31,1468,5,4,1,0,,,,44.010000000000005,13,5.1,,14,,,,,,6.9,16.3,14,ludovicblas,,
Daley Blind,DF,DF,36.0,nlNED,Girona,Big5,31,2606,0,0,1,0,,,,4.930000000000001,1,0.3,,38,,,,,,6.86,29.0,30,daleyblind,,
Adam Boayar,MF,MF,20.0,maMAR,Elche,Big5,7,104,1,0,0,0,,,,5.196,2,0.3,,1,,,,,,,1.2,0,adamboayar,,
Oscar Bobb,MF,MF,22.0,noNOR,Fulham,Big5,12,422,0,0,0,0,,,,8.037,3,1.5,,4,,,,,,6.69,4.7,4,oscarbobb,,
Arnaud Bodart,GK,GK,28.0,beBEL,Lille,Big5,3,226,0,0,0,0,,,,0.0,0,,,0,,,4.0,66.7,0.0,,2.5,2,arnaudbodart,,
Jeremie Boga,"MF,FW",MF,29.0,ciCIV,Nice,Big5,14,646,2,2,0,0,,,,15.048,5,1.6,,3,,,,,,,7.2,7,jeremieboga,,
Jeremie Boga,"MF,FW",MF,29.0,ciCIV,Juventus,Big5,13,557,4,0,1,0,,,,20.026,10,2.9,,2,,,,,,,6.2,5,jeremieboga,,
Lamare Bogarde,"MF,DF",MF,22.0,nlNED,Aston Villa,Big5,27,981,0,0,5,0,,,,0.0,0,,,3,,,,,,,10.9,10,lamarebogarde,,
Jayden Bogle,"MF,DF",MF,25.0,engENG,Leeds United,Big5,33,2716,1,2,6,0,,,,16.912000000000003,4,2.1,,29,,,,,,6.7,30.2,31,jaydenbogle,,
Adama Boiro,DF,DF,23.0,esESP,Athletic Club,Big5,13,725,0,0,1,0,,,,0.972,0,0.0,,17,,,,,,,8.1,7,adamaboiro,,
Daniel Boloca,MF,MF,27.0,roROU,Sassuolo,Big5,2,135,0,0,0,0,,,,1.995,0,0.2,,2,,,,,,,1.5,2,danielboloca,,
Moïse Bombito,DF,DF,26.0,caCAN,Nice,Big5,2,145,0,0,1,0,,,,0.0,0,,,2,,,,,,,1.6,2,moisebombito,,
Federico Bonazzoli,FW,FW,28.0,itITA,Cremonese,Big5,33,2367,9,1,3,0,,,,72.06200000000001,30,9.7,,10,,,,,,6.84,26.3,29,federicobonazzoli,,
Warren Bondo,MF,MF,22.0,frFRA,Cremonese,Big5,27,1762,0,0,5,0,,,,8.036,2,0.3,,9,,,,,,6.44,19.6,22,warrenbondo,,
Giovanni Bonfanti,"DF,MF",DF,23.0,itITA,Pisa,Big5,9,494,0,0,1,0,,,,5.995,1,0.4,,7,,,,,,,5.5,6,giovannibonfanti,,
Sebastiaan Bornauw,DF,DF,27.0,beBEL,Leeds United,Big5,10,339,0,0,1,0,,,,0.0,0,0.2,,6,,,,,,,3.8,4,sebastiaanbornauw,,
Gennaro Borrelli,FW,FW,26.0,itITA,Cagliari,Big5,26,1202,4,1,4,0,,,,25.058000000000003,8,3.2,,3,,,,,,6.52,13.4,12,gennaroborrelli,,
Sebastián Boselli,DF,DF,22.0,uyURU,Getafe,Big5,11,380,0,0,4,0,,,,3.9899999999999998,1,0.4,,0,,,,,,,4.2,4,sebastianboselli,,
Sven Botman,DF,DF,26.0,nlNED,Newcastle United,Big5,23,1655,1,1,2,0,,,,13.983999999999998,4,1.7,,21,,,,,,7.0,18.4,19,svenbotman,,
Ayyoub Bouaddi,MF,MF,18.0,frFRA,Lille,Big5,29,2231,0,1,7,1,,,,16.12,5,1.7,,25,,,,,,7.06,24.8,27,ayyoubbouaddi,Ayyoub Bouaddi,50000000.0
Badredine Bouanani,MF,MF,21.0,dzALG,Nice,Big5,2,93,0,0,0,0,,,,0.97,0,0.1,,1,,,,,,,1.0,1,badredinebouanani,,
Kaïl Boudache,"MF,FW",MF,19.0,frFRA,Nice,Big5,12,486,1,0,1,0,,,,11.016000000000002,2,2.6,,6,,,,,,,5.4,2,kailboudache,,
Hicham Boudaoui,MF,MF,26.0,dzALG,Nice,Big5,24,1649,1,2,5,0,,,,19.032,8,1.6,,18,,,,,,6.77,18.3,18,hichamboudaoui,,
Sofiane Boufal,"MF,FW",MF,32.0,maMAR,Le Havre,Big5,16,935,1,3,2,0,,,,16.016000000000002,3,1.5,,3,,,,,,7.0,10.4,12,sofianeboufal,,
Jarrod Bowen,"MF,FW",MF,29.0,engENG,West Ham United,Big5,36,3223,8,10,4,0,,,,75.896,26,7.3,,27,,,,,,7.19,35.8,36,jarrodbowen,,
Lucas Boyé,FW,FW,30.0,arARG,Alavés,Big5,27,1866,11,1,4,1,,,,58.995,20,9.5,,7,,,,,,6.73,20.7,21,lucasboye,,
Rosen Bozhinov,DF,DF,21.0,bgBUL,Pisa,Big5,8,520,0,0,3,1,,,,2.03,1,0.2,,12,,,,,,,5.8,7,rosenbozhinov,,
Conor Bradley,DF,DF,22.0,nirNIR,Liverpool,Big5,15,929,0,1,5,0,,,,5.974,0,0.2,,12,,,,,,,10.3,12,conorbradley,,
Jarrad Branthwaite,DF,DF,23.0,engENG,Everton,Big5,10,680,1,0,1,0,,,,6.004,2,0.4,,11,,,,,,,7.6,7,jarradbranthwaite,Jarrad Branthwaite,40000000.0
Riccardo Braschi,FW,FW,19.0,itITA,Fiorentina,Big5,2,105,0,0,0,0,,,,3.0839999999999996,0,0.1,,0,,,,,,,1.2,1,riccardobraschi,,
Lilian Brassier,DF,DF,26.0,frFRA,Rennes,Big5,27,2250,0,1,2,0,,,,11.0,2,0.8,,38,,,,,,6.96,25.0,25,lilianbrassier,,
Iker Bravo,FW,FW,21.0,esESP,Udinese,Big5,8,206,1,0,1,0,,,,4.0249999999999995,1,0.2,,0,,,,,,,2.3,3,ikerbravo,,
Gleison Bremer,DF,DF,29.0,brBRA,Juventus,Big5,25,2081,4,3,4,0,,,,19.866,8,2.8,,28,,,,,,7.31,23.1,24,gleisonbremer,,
Marco Brescianini,MF,MF,26.0,itITA,Fiorentina,Big5,15,733,1,0,1,0,,,,9.963,2,1.8,,1,,,,,,6.54,8.1,8,marcobrescianini,,
Abel Bretones,"MF,DF",MF,25.0,esESP,Osasuna,Big5,27,1558,1,2,5,1,,,,11.072000000000001,3,0.6,,15,,,,,,6.7,17.3,16,abelbretones,,
Sascha Britschgi,"MF,DF",MF,19.0,chSUI,Parma,Big5,28,2024,0,2,6,1,,,,13.049999999999999,3,0.4,,8,,,,,,6.51,22.5,21,saschabritschgi,,
Brian Brobbey,FW,FW,24.0,nlNED,Sunderland,Big5,29,1791,6,1,6,0,,,,31.044,16,5.9,,0,,,,,,6.53,19.9,20,brianbrobbey,,
Marius Broholm,MF,MF,21.0,noNOR,Lille,Big5,11,279,1,1,0,0,,,,3.999,3,1.0,,2,,,,,,,3.1,3,mariusbroholm,,
Armando Broja,FW,FW,24.0,alALB,Burnley,Big5,24,860,1,1,0,0,,,,16.032,6,2.1,,3,,,,,,,9.6,8,armandobroja,,
David Brooks,MF,MF,28.0,wlsWAL,Bournemouth,Big5,30,1197,1,3,7,0,,,,46.018,12,5.8,,4,,,,,,6.63,13.3,13,davidbrooks,,
Nathaniel Brown,"MF,DF",MF,22.0,deGER,Eintracht Frankfurt,Big5,32,2566,4,4,3,0,,,,17.099999999999998,9,2.5,,25,,,,,,7.11,28.5,28,nathanielbrown,Nathaniel Brown,40000000.0
Paris Brunner,FW,FW,20.0,deGER,Monaco,Big5,6,117,0,0,1,0,,,,2.0020000000000002,0,0.3,,1,,,,,,,1.3,1,parisbrunner,,
Jacob Bruun Larsen,"MF,FW",MF,27.0,dkDEN,Burnley,Big5,26,1015,0,1,0,0,,,,16.046,4,1.4,,6,,,,,,6.3,11.3,10,jacobbruunlarsen,,
Tajon Buchanan,MF,MF,27.0,caCAN,Villarreal,Big5,33,1774,7,1,8,0,,,,26.989,11,2.1,,22,,,,,,6.72,19.7,20,tajonbuchanan,,
Ante Budimir,FW,FW,34.0,hrCRO,Osasuna,Big5,35,2758,17,0,3,0,,,,97.002,39,17.1,,6,,,,,,6.88,30.6,33,antebudimir,,
Manu Bueno,MF,MF,21.0,esESP,Sevilla,Big5,8,272,0,0,2,0,,,,1.98,0,0.0,,0,,,,,,,3.0,2,manubueno,,
Adam Buksa,FW,FW,29.0,plPOL,Udinese,Big5,23,800,3,0,2,0,,,,12.015,6,2.1,,3,,,,,,6.35,8.9,5,adambuksa,,
Andrija Bulatović,MF,MF,19.0,meMNE,Lens,Big5,18,672,0,3,2,0,,,,10.05,5,0.7,,7,,,,,,,7.5,5,andrijabulatovic,,
Alessandro Buongiorno,DF,DF,26.0,itITA,Napoli,Big5,32,2463,0,1,3,0,,,,7.945999999999999,3,1.4,,40,,,,,,6.95,27.4,27,alessandrobuongiorno,,
Jonathan Burkardt,FW,FW,25.0,deGER,Eintracht Frankfurt,Big5,21,1305,11,1,1,0,,,,37.99,19,12.0,,1,,,,,,7.03,14.5,15,jonathanburkardt,,
Aurélio Buta,DF,DF,29.0,ptPOR,Eintracht Frankfurt,Big5,4,144,0,0,1,0,,,,0.992,0,0.0,,0,,,,,,,1.6,1,aureliobuta,,
Jean Butez,GK,GK,30.0,frFRA,Como,Big5,36,3240,0,1,3,0,,,,0.0,0,,,0,,,84.0,77.8,18.0,7.38,36.0,36,jeanbutez,,
Rémy Cabella,"MF,FW",MF,36.0,frFRA,Nantes,Big5,11,572,2,0,1,0,,,,9.088,5,3.2,,6,,,,,,,6.4,6,remycabella,,
Jorge Cabello,DF,DF,22.0,esESP,Levante,Big5,5,362,0,0,1,0,,,,0.0,0,,,0,,,,,,,4.0,4,jorgecabello,,
Leandro Cabrera,DF,DF,34.0,uyURU,Espanyol,Big5,35,3150,3,0,3,0,,,,38.85,12,2.8,,23,,,,,,6.75,35.0,35,leandrocabrera,,
Noah Cadiou,MF,MF,27.0,gpGLP,Lorient,Big5,27,1789,3,1,1,0,,,,17.113999999999997,9,1.8,,24,,,,,,6.88,19.9,19,noahcadiou,,
Mathieu Cafaro,FW,FW,29.0,frFRA,Paris FC,Big5,10,152,0,0,0,0,,,,7.037999999999999,1,0.4,,0,,,,,,,1.7,1,mathieucafaro,,
Moisés Caicedo,MF,MF,24.0,ecECU,Chelsea,Big5,31,2621,3,1,11,1,,,,25.899,7,1.4,,56,,,,,,7.1,29.1,30,moisescaicedo,Moisés Caicedo,100000000.0
Tom Cairney,MF,MF,35.0,sctSCO,Fulham,Big5,23,744,1,0,3,0,,,,14.027000000000001,1,1.2,,2,,,,,,,8.3,6,tomcairney,,
Arturo Calabresi,DF,DF,30.0,itITA,Pisa,Big5,24,1369,0,0,7,0,,,,3.952,1,0.2,,18,,,,,,6.29,15.2,15,arturocalabresi,,
Riccardo Calafiori,DF,DF,23.0,itITA,Arsenal,Big5,24,1583,1,2,5,0,,,,32.032000000000004,8,3.3,,13,,,,,,7.15,17.6,20,riccardocalafiori,Riccardo Calafiori,55000000.0
Calebe,MF,MF,26.0,brBRA,Alavés,Big5,19,752,0,0,2,0,,,,5.04,1,0.1,,9,,,,,,,8.4,13,calebe,,
Fernando Calero,DF,DF,30.0,esESP,Espanyol,Big5,26,2031,0,0,5,0,,,,11.978000000000002,1,1.8,,28,,,,,,6.68,22.6,23,fernandocalero,,
Duje Ćaleta-Car,DF,DF,29.0,hrCRO,Real Sociedad,Big5,26,2060,1,0,5,1,,,,11.908,3,1.2,,28,,,,,,6.72,22.9,23,dujecaletacar,,
Dominic Calvert-Lewin,FW,FW,29.0,engENG,Leeds United,Big5,33,2563,13,1,2,0,,,,70.11,32,15.8,,2,,,,,,6.85,28.5,28,dominiccalvertlewin,,
Adama Camara,"MF,DF",MF,29.0,frFRA,Paris FC,Big5,28,2069,1,0,8,0,,,,16.099999999999998,4,2.0,,34,,,,,,6.88,23.0,25,adamacamara,,
Amady Camara,FW,FW,20.0,mlMLI,Nantes,Big5,10,171,0,0,0,0,,,,6.004,0,0.4,,1,,,,,,,1.9,1,amadycamara,,
Lamine Camara,MF,MF,22.0,snSEN,Monaco,Big5,23,1757,1,4,5,0,,,,21.060000000000002,2,2.1,,38,,,,,,7.54,19.5,21,laminecamara,Lamine Camara,40000000.0
Mahdi Camara,MF,MF,27.0,frFRA,Rennes,Big5,31,2563,3,1,4,1,,,,27.075,11,3.2,,27,,,,,,7.14,28.5,30,mahdicamara,,
Ousmane Camara,DF,DF,23.0,mlMLI,Angers,Big5,31,2628,1,0,3,0,,,,13.14,5,0.6,,34,,,,,,6.8,29.2,30,ousmanecamara,,
Francesco Camarda,FW,FW,18.0,itITA,Lecce,Big5,20,676,1,0,1,0,,,,15.0,3,1.9,,0,,,,,,6.03,7.5,7,francescocamarda,,
Eduardo Camavinga,MF,MF,23.0,frFRA,Real Madrid,Big5,27,1417,1,0,2,0,,,,11.932,2,1.2,,15,,,,,,7.04,15.7,15,eduardocamavinga,Eduardo Camavinga,50000000.0
Nicolò Cambiaghi,"MF,FW",MF,25.0,itITA,Bologna,Big5,28,1518,3,4,3,1,,,,23.997999999999998,6,2.1,,9,,,,,,6.72,16.9,17,nicolocambiaghi,,
Andrea Cambiaso,"MF,DF",MF,26.0,itITA,Juventus,Big5,34,2639,3,4,3,1,,,,24.026,12,2.9,,20,,,,,,7.06,29.3,33,andreacambiaso,,
Sergio Camello,"FW,MF",FW,25.0,esESP,Rayo Vallecano,Big5,20,698,3,0,2,1,,,,20.124,10,3.1,,3,,,,,,,7.8,7,sergiocamello,,
Matteo Cancellieri,"FW,MF",FW,24.0,itITA,Lazio,Big5,28,1585,4,2,5,0,,,,36.96000000000001,14,4.3,,23,,,,,,6.81,17.6,19,matteocancellieri,,
João Cancelo,DF,DF,31.0,ptPOR,Barcelona,Big5,14,856,1,2,1,0,,,,11.02,3,0.5,,11,,,,,,,9.5,10,joaocancelo,,
Fali Candé,DF,DF,28.0,gwGNB,Sassuolo,Big5,12,509,0,0,2,0,,,,3.0210000000000004,0,0.2,,2,,,,,,,5.7,5,falicande,,
Simone Canestrelli,DF,DF,25.0,itITA,Pisa,Big5,35,3021,1,0,4,0,,,,15.120000000000001,3,1.3,,30,,,,,,6.47,33.6,34,simonecanestrelli,,
Jaydee Canvot,"MF,DF",MF,19.0,frFRA,Toulouse,Big5,2,180,0,0,1,0,,,,2.0,0,0.1,,0,,,,,,,2.0,2,jaydeecanvot,,
Jaydee Canvot,DF,DF,19.0,frFRA,Crystal Palace,Big5,19,1246,0,0,3,0,,,,7.038,1,1.5,,9,,,,,,,13.8,13,jaydeecanvot,,
Nicolás Capaldo,"DF,MF",DF,27.0,arARG,Hamburger SV,Big5,25,1911,1,2,9,0,,,,18.868,4,1.9,,35,,,,,,7.07,21.2,23,nicolascapaldo,,
Pierrick Capelle,MF,MF,39.0,frFRA,Angers,Big5,15,574,0,1,2,0,,,,8.0,1,0.7,,7,,,,,,,6.4,5,pierrickcapelle,,
Elia Caprile,GK,GK,24.0,itITA,Cagliari,Big5,36,3240,0,0,2,0,,,,0.0,0,,,0,,,117.0,70.7,8.0,6.95,36.0,36,eliacaprile,,
Maxence Caqueret,MF,MF,26.0,frFRA,Como,Big5,28,1406,2,5,3,0,,,,17.004,4,2.3,,14,,,,,,6.86,15.6,16,maxencecaqueret,,
Antonio Caracciolo,DF,DF,35.0,itITA,Pisa,Big5,34,2983,2,0,9,0,,,,24.825000000000003,6,2.1,,51,,,,,,6.48,33.1,33,antoniocaracciolo,,
Valentin Carboni,MF,MF,21.0,arARG,Genoa,Big5,12,359,0,0,2,0,,,,6.0,2,0.4,,2,,,,,,,4.0,3,valentincarboni,,
Dani Cárdenas,GK,GK,29.0,esESP,Rayo Vallecano,Big5,3,270,0,0,0,0,,,,0.0,0,,,0,,,9.0,61.5,1.0,,3.0,3,danicardenas,,
Sergi Cardona,DF,DF,26.0,esESP,Villarreal,Big5,29,1856,1,4,4,0,,,,16.068,4,1.0,,36,,,,,,6.88,20.6,19,sergicardona,,
Fábio Cardoso,DF,DF,32.0,ptPOR,Sevilla,Big5,4,295,0,0,0,0,,,,0.0,0,,,4,,,,,,,3.3,4,fabiocardoso,,
Patrik Carlgren,GK,GK,34.0,seSWE,Nantes,Big5,3,182,0,0,0,0,,,,0.0,0,,,0,,,11.0,84.6,1.0,,2.0,2,patrikcarlgren,,
Diego Carlos,DF,DF,33.0,brBRA,Como,Big5,26,1940,1,0,8,0,,,,7.992,2,1.0,,22,,,,,,6.92,21.6,21,diegocarlos,,
Kevin Carlos,FW,FW,25.0,esESP,Nice,Big5,22,867,0,0,3,0,,,,21.887999999999998,7,1.8,,1,,,,,,6.12,9.6,9,kevincarlos,,
Marco Carnesecchi,GK,GK,25.0,itITA,Atalanta,Big5,36,3240,0,0,0,0,,,,0.0,0,,,0,,,108.0,77.0,13.0,7.23,36.0,36,marcocarnesecchi,,
Álvaro Carreras,DF,DF,23.0,esESP,Real Madrid,Big5,26,2152,2,2,5,1,,,,7.887,2,0.5,,36,,,,,,7.52,23.9,24,alvarocarreras,Álvaro Carreras,50000000.0
Fabio Carvalho,MF,MF,23.0,ptPOR,Brentford,Big5,6,102,1,0,0,0,,,,1.9360000000000002,1,0.7,,0,,,,,,,1.1,1,fabiocarvalho,,
Cesare Casadei,MF,MF,23.0,itITA,Torino,Big5,31,1920,5,0,5,0,,,,33.015,15,4.2,,9,,,,,,6.76,21.3,19,cesarecasadei,,
Marc Casado,MF,MF,22.0,esESP,Barcelona,Big5,22,975,0,1,1,0,,,,11.016000000000002,0,1.0,,7,,,,,,,10.8,10,marccasado,,
Nicolò Casale,DF,DF,28.0,itITA,Bologna,Big5,12,678,0,0,0,0,,,,4.95,0,0.7,,7,,,,,,,7.5,8,nicolocasale,,
Matty Cash,DF,DF,28.0,plPOL,Aston Villa,Big5,33,2879,3,3,8,0,,,,29.12,10,1.2,,23,,,,,,6.93,32.0,33,mattycash,,
Josué Casimir,"MF,FW",MF,24.0,htHAI,Auxerre,Big5,30,1503,1,0,6,1,,,,22.044,12,2.9,,11,,,,,,6.41,16.7,16,josuecasimir,,
Timothy Castagne,"DF,MF",DF,30.0,beBEL,Fulham,Big5,28,1665,0,0,4,0,,,,12.025,6,1.4,,26,,,,,,6.86,18.5,18,timothycastagne,,
Valentín Castellanos,FW,FW,27.0,arARG,Lazio,Big5,11,692,2,3,2,0,,,,20.02,8,2.0,,3,,,,,,,7.7,8,valentincastellanos,,
Valentín Castellanos,FW,FW,27.0,arARG,West Ham United,Big5,16,1232,4,0,6,0,,,,38.086,16,5.8,,4,,,,,,,13.7,16,valentincastellanos,,
Santiago Castro,FW,FW,21.0,arARG,Bologna,Big5,33,2201,7,2,3,0,,,,59.045,19,7.2,,1,,,,,,6.72,24.5,24,santiagocastro,,
Danilo Cataldi,MF,MF,31.0,itITA,Lazio,Big5,27,1985,3,3,6,0,,,,26.078,7,3.0,,21,,,,,,7.02,22.1,24,danilocataldi,,
Dani Ceballos,MF,MF,29.0,esESP,Real Madrid,Big5,15,469,0,0,1,0,,,,3.016,0,0.0,,7,,,,,,,5.2,4,daniceballos,,
Federico Ceccherini,DF,DF,34.0,itITA,Cremonese,Big5,9,476,0,1,1,1,,,,5.034999999999999,2,0.2,,7,,,,,,,5.3,6,federicoceccherini,,
Nidal Celik,DF,DF,19.0,baBIH,Lens,Big5,7,526,0,0,1,0,,,,0.986,1,0.0,,8,,,,,,,5.8,7,nidalcelik,,
Zeki Çelik,"MF,DF",MF,29.0,trTUR,Roma,Big5,32,2543,1,2,2,1,,,,20.942,4,1.5,,19,,,,,,7.04,28.3,30,zekicelik,,
Fabien Centonze,"MF,DF",MF,30.0,frFRA,Nantes,Big5,15,736,3,0,4,0,,,,8.036,3,1.3,,20,,,,,,,8.2,9,fabiencentonze,,
Lucas Cepeda,MF,MF,23.0,clCHI,Elche,Big5,9,395,1,0,1,0,,,,13.024000000000001,5,0.9,,1,,,,,,,4.4,4,lucascepeda,,
El Chadaille Bitshiabu,DF,DF,20.0,frFRA,RB Leipzig,Big5,11,655,0,0,0,0,,,,1.971,0,0.2,,6,,,,,,,7.3,8,elchadaillebitshiabu,,
Fares Chaïbi,MF,MF,23.0,dzALG,Eintracht Frankfurt,Big5,27,1747,2,9,1,0,,,,32.98,7,2.8,,13,,,,,,7.08,19.4,21,fareschaibi,,
Trevoh Chalobah,DF,DF,26.0,engENG,Chelsea,Big5,32,2740,3,0,3,1,,,,16.112,5,1.4,,36,,,,,,7.01,30.4,31,trevohchalobah,,
Brendan Chardonnet,DF,DF,31.0,frFRA,Brest,Big5,28,2456,1,3,5,0,,,,10.920000000000002,6,0.7,,33,,,,,,6.86,27.3,28,brendanchardonnet,,
Pep Chavarría,DF,DF,28.0,esESP,Rayo Vallecano,Big5,31,2512,1,2,6,1,,,,17.855999999999998,3,0.6,,31,,,,,,6.86,27.9,27,pepchavarria,,
Walid Cheddira,FW,FW,28.0,maMAR,Lecce,Big5,15,842,1,1,2,0,,,,19.081999999999997,6,3.6,,0,,,,,,6.41,9.4,9,walidcheddira,,
Samir Chergui,DF,DF,27.0,dzALG,Paris FC,Big5,14,1064,1,0,1,0,,,,12.036000000000001,4,1.7,,9,,,,,,,11.8,12,samirchergui,,
Sidiki Cherif,"FW,MF",FW,19.0,frFRA,Angers,Big5,19,1157,4,0,3,0,,,,28.122000000000003,12,3.0,,6,,,,,,6.48,12.9,14,sidikicherif,,
Rayan Cherki,MF,MF,22.0,frFRA,Manchester City,Big5,31,1718,4,12,1,0,,,,53.098,13,4.1,,7,,,,,,7.35,19.1,19,rayancherki,Rayan Cherki,90000000.0
Lucas Chevalier,GK,GK,24.0,frFRA,Paris Saint-Germain,Big5,17,1530,0,0,0,0,,,,0.0,0,,,0,,,32.0,72.1,9.0,7.0,17.0,17,lucaschevalier,,
Federico Chiesa,MF,MF,28.0,itITA,Liverpool,Big5,25,314,2,1,3,0,,,,16.064999999999998,4,1.5,,4,,,,,,,3.5,1,federicochiesa,,
Ben Chilwell,"DF,MF",DF,29.0,engENG,Strasbourg,Big5,20,1598,0,2,4,0,,,,4.984000000000001,3,0.3,,22,,,,,,6.77,17.8,19,benchilwell,,
Joris Chotard,MF,MF,24.0,frFRA,Brest,Big5,32,2756,2,1,2,0,,,,25.092,8,1.3,,48,,,,,,6.8,30.6,31,jorischotard,,
Andreas Christensen,DF,DF,30.0,dkDEN,Barcelona,Big5,12,380,0,0,1,0,,,,1.974,0,0.3,,2,,,,,,,4.2,3,andreaschristensen,,
Ryan Christie,MF,MF,31.0,sctSCO,Bournemouth,Big5,26,993,2,0,3,1,,,,24.97,8,1.9,,11,,,,,,6.64,11.0,9,ryanchristie,,
Samuel Chukwueze,MF,MF,26.0,ngNGA,Fulham,Big5,22,1067,3,4,0,0,,,,25.108999999999998,7,2.1,,6,,,,,,6.78,11.9,10,samuelchukwueze,,
Víctor Chust,DF,DF,26.0,esESP,Elche,Big5,29,1992,0,0,9,1,,,,7.956,2,0.5,,20,,,,,,6.76,22.1,20,victorchust,,
Alessandro Circati,DF,DF,22.0,auAUS,Parma,Big5,29,2484,1,0,6,0,,,,8.004,1,1.0,,24,,,,,,6.83,27.6,29,alessandrocircati,,
Dennis Cirkin,DF,DF,24.0,lvLVA,Sunderland,Big5,8,323,0,0,2,0,,,,1.0080000000000002,0,0.1,,5,,,,,,,3.6,3,denniscirkin,,
Pathé Ciss,"MF,DF",MF,32.0,snSEN,Rayo Vallecano,Big5,26,1848,2,0,8,2,,,,19.065,7,3.3,,31,,,,,,6.97,20.5,19,patheciss,,
Amadou Cissé,DF,DF,20.0,gnGUI,Strasbourg,Big5,1,90,0,0,0,0,,,,0.0,0,,,0,,,,,,,1.0,1,amadoucisse,,
Djaoui Cissé,MF,MF,22.0,frFRA,Rennes,Big5,24,981,0,0,3,0,,,,23.980000000000004,6,0.8,,5,,,,,,6.56,10.9,12,djaouicisse,,
Jonathan Clauss,"MF,DF",MF,33.0,frFRA,Nice,Big5,29,2453,1,6,0,0,,,,22.932,6,1.3,,47,,,,,,7.26,27.3,27,jonathanclauss,,
Nathaniel Clyne,MF,MF,35.0,engENG,Crystal Palace,Big5,9,504,0,1,1,0,,,,3.024,0,0.4,,7,,,,,,,5.6,6,nathanielclyne,,
Saúl Coco,DF,DF,27.0,gqEQG,Torino,Big5,33,2908,1,1,3,0,,,,14.857999999999999,4,0.9,,41,,,,,,6.75,32.3,33,saulcoco,,
Maxime Colin,DF,DF,34.0,frFRA,Metz,Big5,21,1602,0,0,1,0,,,,6.942,2,0.4,,22,,,,,,6.46,17.8,17,maximecolin,,
Nathan Collins,DF,DF,25.0,ieIRL,Brentford,Big5,33,2795,1,2,6,0,,,,18.971,6,2.3,,34,,,,,,6.88,31.1,30,nathancollins,,
Nnamdi Collins,DF,DF,22.0,deGER,Eintracht Frankfurt,Big5,23,1500,1,2,4,0,,,,4.008,1,0.5,,24,,,,,,6.81,16.7,16,nnamdicollins,,
Michele Collocolo,MF,MF,26.0,itITA,Cremonese,Big5,6,308,0,0,1,0,,,,1.9719999999999998,1,0.1,,1,,,,,,,3.4,5,michelecollocolo,,
Lorenzo Colombo,FW,FW,24.0,itITA,Genoa,Big5,36,2152,7,1,2,0,,,,65.008,27,8.3,,1,,,,,,6.46,23.9,28,lorenzocolombo,,
Levi Colwill,DF,DF,23.0,engENG,Chelsea,Big5,2,135,0,0,0,0,,,,0.0,0,,,3,,,,,,,1.5,1,levicolwill,Levi Colwill,50000000.0
Santi Comesaña,MF,MF,29.0,esESP,Villarreal,Big5,33,2344,3,6,5,1,,,,26.0,7,4.2,,31,,,,,,6.97,26.0,27,santicomesana,,
Pietro Comuzzo,DF,DF,21.0,itITA,Fiorentina,Big5,25,1579,1,0,2,0,,,,9.975,2,1.0,,22,,,,,,6.57,17.5,17,pietrocomuzzo,,
Francisco Conceição,"MF,FW",MF,23.0,ptPOR,Juventus,Big5,29,1941,3,4,3,0,,,,67.176,22,7.8,,7,,,,,,7.21,21.6,25,franciscoconceicao,,
Lewis Cook,"MF,DF",MF,29.0,engENG,Bournemouth,Big5,16,872,0,1,1,1,,,,3.0069999999999997,0,0.1,,21,,,,,,,9.7,8,lewiscook,,
Diego Coppola,DF,DF,22.0,itITA,Paris FC,Big5,12,1080,0,2,1,0,,,,3.96,2,0.3,,7,,,,,,,12.0,12,diegocoppola,,
Francesco Coppola,DF,DF,21.0,itITA,Pisa,Big5,7,458,0,0,3,0,,,,1.9889999999999999,0,0.1,,5,,,,,,,5.1,5,francescocoppola,,
Francis Coquelin,MF,MF,35.0,frFRA,Nantes,Big5,16,655,0,1,2,0,,,,5.986,1,0.1,,5,,,,,,,7.3,8,franciscoquelin,,
Maxwel Cornet,MF,MF,29.0,ciCIV,Genoa,Big5,8,118,0,0,0,0,,,,3.965,2,1.5,,0,,,,,,,1.3,1,maxwelcornet,,
Félix Correia,MF,MF,25.0,ptPOR,Lille,Big5,33,1992,4,5,2,0,,,,34.034000000000006,8,5.3,,21,,,,,,6.91,22.1,25,felixcorreia,,
Alvaro Cortes,DF,DF,21.0,esESP,Barcelona,Big5,1,90,0,0,0,0,,,,0.0,0,,,1,,,,,,,1.0,1,alvarocortes,,
Paco Cortés,"MF,FW",MF,18.0,esESP,Levante,Big5,12,472,0,0,2,0,,,,11.908000000000001,4,0.5,,2,,,,,,,5.2,4,pacocortes,,
Edoardo Corvi,GK,GK,25.0,itITA,Parma,Big5,16,1440,0,0,1,0,,,,0.0,0,,,0,,,43.0,74.6,6.0,,16.0,16,edoardocorvi,,
Coba da Costa,MF,MF,23.0,esESP,Getafe,Big5,14,348,0,0,1,0,,,,5.031,1,0.3,,0,,,,,,,3.9,2,cobadacosta,,
Grégoire Coudert,GK,GK,27.0,frFRA,Brest,Big5,24,2102,0,0,2,0,,,,0.0,0,,,0,,,75.0,67.3,6.0,6.89,23.4,23,gregoirecoudert,,
Lassana Coulibaly,MF,MF,30.0,mlMLI,Lecce,Big5,31,2509,3,1,4,0,,,,25.947,8,2.8,,9,,,,,,6.86,27.9,29,lassanacoulibaly,,
Lasso Coulibaly,MF,MF,23.0,ciCIV,Auxerre,Big5,17,321,0,0,1,0,,,,3.024,0,0.2,,6,,,,,,,3.6,1,lassocoulibaly,,
Mamadou Coulibaly,MF,MF,22.0,frFRA,Monaco,Big5,24,1357,3,3,7,1,,,,12.08,5,1.6,,21,,,,,,6.81,15.1,15,mamadoucoulibaly,,
Soumaïla Coulibaly,DF,DF,22.0,frFRA,Brest,Big5,16,1338,0,0,3,0,,,,5.960000000000001,2,0.3,,13,,,,,,,14.9,15,soumailacoulibaly,,
Woyo Coulibaly,DF,DF,26.0,mlMLI,Sassuolo,Big5,18,874,0,0,2,0,,,,3.9769999999999994,1,0.1,,8,,,,,,6.51,9.7,7,woyocoulibaly,,
Marius Courcoul,MF,MF,19.0,frFRA,Angers,Big5,18,374,0,0,0,0,,,,2.016,1,0.1,,3,,,,,,,4.2,3,mariuscourcoul,,
Thibaut Courtois,GK,GK,34.0,beBEL,Real Madrid,Big5,29,2610,0,0,1,0,,,,0.0,0,,,0,,,63.0,74.1,11.0,7.09,29.0,29,thibautcourtois,,
Nicolas Cozza,DF,DF,27.0,frFRA,Nantes,Big5,29,2301,0,1,2,0,,,,11.008000000000001,3,1.9,,21,,,,,,6.62,25.6,25,nicolascozza,,
Charlie Cresswell,DF,DF,23.0,engENG,Toulouse,Big5,29,2533,3,2,8,0,,,,37.935,12,3.4,,30,,,,,,7.04,28.1,28,charliecresswell,,
Bryan Cristante,MF,MF,31.0,itITA,Roma,Big5,35,2914,2,1,6,0,,,,41.147999999999996,8,2.1,,28,,,,,,7.18,32.4,34,bryancristante,,
Juan Cuadrado,MF,MF,37.0,coCOL,Pisa,Big5,17,465,1,0,3,0,,,,10.088,2,1.0,,5,,,,,,,5.2,2,juancuadrado,,
Pau Cubarsí,DF,DF,19.0,esESP,Barcelona,Big5,31,2703,1,0,3,0,,,,9.9,2,0.5,,30,,,,,,7.28,30.0,31,paucubarsi,Pau Cubarsí,80000000.0
Marc Cucurella,DF,DF,27.0,esESP,Chelsea,Big5,32,2527,1,4,7,1,,,,19.951,6,2.3,,27,,,,,,6.97,28.1,29,marccucurella,Marc Cucurella,50000000.0
Jorge Cuenca,DF,DF,26.0,esESP,Fulham,Big5,14,933,0,0,5,0,,,,1.04,0,0.1,,15,,,,,,,10.4,11,jorgecuenca,,
Josh Cullen,MF,MF,30.0,ieIRL,Burnley,Big5,18,1514,2,2,2,0,,,,10.920000000000002,6,0.9,,24,,,,,,,16.8,18,joshcullen,,
Jair Cunha,DF,DF,21.0,brBRA,Nottingham Forest,Big5,7,448,0,0,0,0,,,,3.0,1,0.3,,4,,,,,,,5.0,5,jaircunha,,
Patrick Cutrone,FW,FW,28.0,itITA,Parma,Big5,15,888,1,0,0,0,,,,25.047,7,2.6,,3,,,,,,,9.9,11,patrickcutrone,,
Lucas Da Cunha,MF,MF,24.0,frFRA,Como,Big5,34,2559,4,4,4,0,,,,36.92,14,6.6,,16,,,,,,7.33,28.4,29,lucasdacunha,,
Mahmoud Dahoud,"MF,FW",MF,30.0,deGER,Eintracht Frankfurt,Big5,14,685,2,3,0,0,,,,14.972,2,0.8,,9,,,,,,,7.6,8,mahmouddahoud,,
Thijs Dallinga,FW,FW,25.0,nlNED,Bologna,Big5,21,786,2,2,2,0,,,,23.924999999999997,5,2.9,,1,,,,,,,8.7,9,thijsdallinga,,
Mikkel Damsgaard,MF,MF,25.0,dkDEN,Brentford,Big5,31,1956,4,4,0,0,,,,27.993,11,2.6,,24,,,,,,6.99,21.7,23,mikkeldamsgaard,,
Kévin Danois,MF,MF,21.0,frFRA,Auxerre,Big5,32,2740,3,1,3,0,,,,24.016,8,2.0,,37,,,,,,7.19,30.4,31,kevindanois,,
Kevin Danso,DF,DF,27.0,atAUT,Tottenham Hotspur,Big5,22,1314,0,0,8,0,,,,7.008,2,0.6,,19,,,,,,6.9,14.6,15,kevindanso,,
Dante,DF,DF,42.0,brBRA,Nice,Big5,11,759,0,1,1,0,,,,4.9559999999999995,1,0.3,,10,,,,,,,8.4,8,dante,,
Sergi Darder,MF,MF,32.0,esESP,Mallorca,Big5,36,2500,1,5,3,0,,,,33.916,12,2.0,,22,,,,,,7.0,27.8,28,sergidarder,,
Karl Darlow,GK,GK,35.0,wlsWAL,Leeds United,Big5,20,1800,0,0,1,0,,,,0.0,0,,,0,,,51.0,69.9,4.0,7.01,20.0,20,karldarlow,,
David Datro Fofana,FW,FW,23.0,ciCIV,Strasbourg,Big5,5,171,0,0,0,0,,,,3.002,1,1.0,,1,,,,,,,1.9,3,daviddatrofofana,,
Jonathan David,FW,FW,26.0,caCAN,Juventus,Big5,34,1752,6,4,0,0,,,,41.144999999999996,16,8.8,,6,,,,,,6.7,19.5,20,jonathandavid,,
Ben Davies,DF,DF,33.0,wlsWAL,Tottenham Hotspur,Big5,3,137,1,0,1,0,,,,1.965,2,0.5,,1,,,,,,,1.5,2,bendavies,,
Davinchi,DF,DF,18.0,esESP,Getafe,Big5,12,660,0,0,2,0,,,,4.015000000000001,2,0.2,,7,,,,,,,7.3,7,davinchi,,
Keinan Davis,FW,FW,28.0,engENG,Udinese,Big5,28,1916,10,4,5,0,,,,47.073,24,10.1,,1,,,,,,6.96,21.3,25,keinandavis,,
Kevin De Bruyne,MF,MF,34.0,beBEL,Napoli,Big5,16,1052,5,1,1,0,,,,25.974,11,4.0,,5,,,,,,,11.7,13,kevindebruyne,,
Mathys De Carvalho,MF,MF,21.0,frFRA,Lyon,Big5,11,295,0,0,1,0,,,,7.062,2,0.4,,4,,,,,,,3.3,3,mathysdecarvalho,,
Charles De Ketelaere,"MF,FW",MF,25.0,beBEL,Atalanta,Big5,29,2067,3,5,4,0,,,,44.16,16,3.6,,4,,,,,,7.12,23.0,25,charlesdeketelaere,,
Jeffrey De Lange,GK,GK,28.0,nlNED,Marseille,Big5,5,450,0,0,0,0,,,,0.0,0,,,0,,,13.0,54.2,1.0,,5.0,5,jeffreydelange,,
Théo De Percin,GK,GK,25.0,mqMTQ,Auxerre,Big5,8,598,0,0,0,0,,,,0.0,0,,,0,,,15.0,63.6,1.0,,6.6,5,theodepercin,,
Lorenzo De Silvestri,DF,DF,37.0,itITA,Bologna,Big5,11,426,0,0,2,0,,,,0.0,0,,,6,,,,,,,4.7,5,lorenzodesilvestri,,
Thibault De Smet,DF,DF,27.0,beBEL,Paris FC,Big5,17,1144,0,1,6,2,,,,3.937,0,0.2,,10,,,,,,6.54,12.7,13,thibaultdesmet,,
Koni De Winter,DF,DF,23.0,beBEL,Milan,Big5,25,1785,1,1,1,0,,,,6.93,1,0.7,,13,,,,,,6.91,19.8,19,konidewinter,,
Alessandro Deiola,"MF,DF",MF,30.0,itITA,Cagliari,Big5,18,1286,0,2,3,0,,,,18.018,6,1.5,,12,,,,,,6.69,14.3,15,alessandrodeiola,,
Romain Del Castillo,"MF,FW",MF,30.0,frFRA,Brest,Big5,31,2562,8,3,2,1,,,,31.065,12,8.2,,27,,,,,,7.23,28.5,31,romaindelcastillo,,
Enrico Del Prato,"DF,MF",DF,26.0,itITA,Parma,Big5,34,2861,2,0,5,0,,,,16.854000000000003,8,2.1,,24,,,,,,6.69,31.8,33,enricodelprato,,
Thomas Delaine,"MF,DF",MF,34.0,frFRA,Le Havre,Big5,5,201,0,0,1,0,,,,2.9480000000000004,0,0.1,,3,,,,,,,2.2,2,thomasdelaine,,
Liam Delap,FW,FW,23.0,engENG,Chelsea,Big5,26,1013,1,0,3,0,,,,35.143,11,4.5,,1,,,,,,6.3,11.3,11,liamdelap,,
Fisayo Dele-Bashiru,MF,MF,25.0,ngNGA,Lazio,Big5,22,1077,0,0,0,0,,,,8.040000000000001,1,0.9,,3,,,,,,6.44,12.0,10,fisayodelebashiru,,
Pape Demba Diop,MF,MF,22.0,snSEN,Toulouse,Big5,15,1181,1,2,2,0,,,,28.951,11,1.4,,29,,,,,,,13.1,13,papedembadiop,,
Ousmane Dembélé,FW,FW,28.0,frFRA,Paris Saint-Germain,Big5,21,1037,10,7,0,0,,,,44.965,18,6.6,,0,,,,,,7.41,11.5,10,ousmanedembele,Ousmane Dembélé,100000000.0
Jessy Deminguet,MF,MF,28.0,frFRA,Metz,Big5,31,1995,2,0,4,0,,,,17.094,7,1.0,,22,,,,,,6.39,22.2,25,jessydeminguet,,
Sepp van den Berg,DF,DF,24.0,nlNED,Brentford,Big5,30,2664,0,1,2,0,,,,21.904,7,3.1,,26,,,,,,6.86,29.6,29,seppvandenberg,,
Branco van den Boomen,MF,MF,30.0,nlNED,Angers,Big5,14,1148,0,1,3,0,,,,13.056000000000001,5,1.1,,7,,,,,,,12.8,13,brancovandenboomen,,
Daniel Denoon,DF,DF,22.0,chSUI,Pisa,Big5,2,122,0,0,1,0,,,,0.0,0,,,1,,,,,,,1.4,2,danieldenoon,,
Nelson Deossa,MF,MF,26.0,coCOL,Real Betis,Big5,19,653,0,0,3,0,,,,17.081999999999997,0,0.5,,5,,,,,,6.67,7.3,7,nelsondeossa,,
Rémy Descamps,GK,GK,29.0,frFRA,Lyon,Big5,5,450,0,0,0,0,,,,0.0,0,,,0,,,14.0,82.4,4.0,,5.0,5,remydescamps,,
Bahmed Deuff,MF,MF,20.0,mrMTN,Nantes,Big5,11,250,0,0,1,0,,,,7.055999999999999,3,0.2,,2,,,,,,,2.8,1,bahmeddeuff,,
Justin Devenny,"MF,FW",MF,22.0,nirNIR,Crystal Palace,Big5,20,706,1,0,0,0,,,,12.947999999999999,4,2.6,,1,,,,,,,7.8,6,justindevenny,,
Kiernan Dewsbury-Hall,MF,MF,27.0,engENG,Everton,Big5,29,2453,8,4,6,0,,,,37.128,15,4.3,,14,,,,,,7.17,27.3,28,kiernandewsburyhall,,
Michele Di Gregorio,GK,GK,28.0,itITA,Juventus,Big5,29,2565,0,0,1,0,,,,0.0,0,,,0,,,58.0,72.8,14.0,7.08,28.5,28,micheledigregorio,,
Giovanni Di Lorenzo,"DF,MF",DF,32.0,itITA,Napoli,Big5,24,2099,2,1,1,0,,,,24.931,9,2.0,,9,,,,,,7.14,23.3,24,giovannidilorenzo,,
Boulaye Dia,"FW,MF",FW,29.0,snSEN,Lazio,Big5,25,1162,1,2,1,0,,,,11.997000000000002,7,2.2,,3,,,,,,6.27,12.9,13,boulayedia,,
Ibrahim Diabaté,FW,FW,26.0,ciCIV,Alavés,Big5,8,504,2,0,1,0,,,,12.991999999999999,5,1.8,,2,,,,,,,5.6,5,ibrahimdiabate,,
Bambo Diaby,DF,DF,28.0,snSEN,Elche,Big5,4,102,0,0,1,0,,,,0.0,0,,,1,,,,,,,1.1,1,bambodiaby,,
Bafodé Diakité,DF,DF,25.0,frFRA,Bournemouth,Big5,18,1277,0,0,1,0,,,,0.994,0,0.0,,10,,,,,,,14.2,15,bafodediakite,,
Grady Diangana,"MF,FW",MF,28.0,cdCOD,Elche,Big5,19,843,1,0,3,0,,,,14.006,2,1.2,,4,,,,,,6.27,9.4,12,gradydiangana,,
Assane Diao,MF,MF,20.0,snSEN,Como,Big5,15,903,2,1,2,0,,,,22.9,8,2.7,,4,,,,,,,10.0,11,assanediao,,
Soriba Diaoune,MF,MF,18.0,frFRA,Lille,Big5,10,185,1,1,0,0,,,,10.206000000000001,4,1.3,,1,,,,,,,2.1,1,soribadiaoune,,
Habib Diarra,MF,MF,22.0,snSEN,Sunderland,Big5,18,1361,2,1,5,0,,,,24.009,8,3.4,,4,,,,,,6.65,15.1,15,habibdiarra,,
Moussa Diarra,DF,DF,25.0,mlMLI,Alavés,Big5,3,216,0,0,1,0,,,,0.0,0,,,1,,,,,,,2.4,3,moussadiarra,,
Rúben Dias,DF,DF,29.0,ptPOR,Manchester City,Big5,25,2051,2,0,3,0,,,,10.032,4,0.6,,22,,,,,,7.18,22.8,23,rubendias,Rúben Dias,55000000.0
Krépin Diatta,"MF,DF",MF,27.0,snSEN,Monaco,Big5,18,1013,0,1,2,0,,,,7.006,1,1.2,,15,,,,,,,11.3,10,krepindiatta,,
Mory Diaw,GK,GK,32.0,snSEN,Le Havre,Big5,29,2565,0,1,1,0,,,,0.0,0,,,2,,,79.0,69.0,6.0,6.98,28.5,29,morydiaw,,
Brahim Díaz,"MF,FW",MF,26.0,maMAR,Real Madrid,Big5,27,1088,0,5,2,0,,,,11.011,4,1.8,,2,,,,,,6.84,12.1,11,brahimdiaz,,
Pedro Díaz,"MF,FW",MF,27.0,esESP,Rayo Vallecano,Big5,31,1665,0,1,2,0,,,,41.07,5,1.7,,5,,,,,,6.59,18.5,19,pedrodiaz,,
Tyler Dibling,MF,MF,20.0,engENG,Everton,Big5,14,358,0,0,2,0,,,,4.04,0,0.2,,6,,,,,,,4.0,4,tylerdibling,,
Yaya Diémé,FW,FW,18.0,snSEN,Strasbourg,Big5,3,154,0,0,2,0,,,,1.9889999999999999,1,0.2,,0,,,,,,,1.7,2,yayadieme,,
Bamba Dieng,FW,FW,26.0,snSEN,Lorient,Big5,21,1132,10,1,2,0,,,,43.092,23,8.8,,2,,,,,,6.84,12.6,14,bambadieng,,
Eric Dier,DF,DF,32.0,engENG,Monaco,Big5,9,688,1,0,0,0,,,,2.964,2,0.5,,10,,,,,,,7.6,7,ericdier,,
Lucas Digne,DF,DF,32.0,frFRA,Aston Villa,Big5,30,1762,0,5,3,0,,,,12.936000000000002,5,0.7,,12,,,,,,6.8,19.6,20,lucasdigne,,
Junior Dina Ebimbe,MF,MF,25.0,cmCMR,Brest,Big5,27,1165,5,0,3,0,,,,26.961,9,3.6,,6,,,,,,6.48,12.9,15,juniordinaebimbe,,
Sinaly Diomande,DF,DF,25.0,ciCIV,Auxerre,Big5,23,2041,2,2,4,1,,,,9.08,4,1.8,,32,,,,,,6.95,22.7,23,sinalydiomande,,
Yan Diomandé,"FW,MF",FW,19.0,ciCIV,RB Leipzig,Big5,32,2393,12,7,2,0,,,,50.008,24,7.1,,16,,,,,,7.61,26.6,27,yandiomande,Yan Diomande,90000000.0
Issa Diop,DF,DF,29.0,maMAR,Fulham,Big5,11,641,0,0,2,0,,,,0.994,0,0.8,,4,,,,,,,7.1,6,issadiop,,
Sofiane Diop,"MF,FW",MF,25.0,maMAR,Nice,Big5,32,2059,8,2,5,0,,,,50.150999999999996,16,7.2,,17,,,,,,6.94,22.9,25,sofianediop,,
Andy Diouf,MF,MF,22.0,frFRA,Lens,Big5,1,90,0,0,0,0,,,,3.0,1,0.2,,0,,,,,,,1.0,1,andydiouf,,
Yehvann Diouf,GK,GK,26.0,snSEN,Nice,Big5,25,2250,0,0,1,0,,,,0.0,0,,,2,,,87.0,68.3,4.0,6.93,25.0,25,yehvanndiouf,,
Assane Dioussé,MF,MF,28.0,snSEN,Auxerre,Big5,15,219,0,0,3,0,,,,3.9359999999999995,1,0.1,,6,,,,,,,2.4,1,assanediousse,,
Axel Disasi,DF,DF,28.0,frFRA,West Ham United,Big5,12,1074,0,0,1,0,,,,4.998,3,1.0,,8,,,,,,,11.9,12,axeldisasi,,
Matías Dituro,GK,GK,39.0,arARG,Elche,Big5,20,1800,0,0,1,0,,,,0.0,0,,,1,,,58.0,70.7,3.0,6.95,20.0,20,matiasdituro,,
Djené,"DF,MF",DF,34.0,tgTOG,Getafe,Big5,33,2540,0,0,10,1,,,,3.9480000000000004,0,0.1,,37,,,,,,6.71,28.2,31,djene,,
Berat Djimsiti,DF,DF,33.0,alALB,Atalanta,Big5,32,2411,0,0,4,0,,,,15.008000000000003,2,1.6,,37,,,,,,6.93,26.8,28,beratdjimsiti,,
Marko Dmitrović,GK,GK,34.0,rsSRB,Espanyol,Big5,36,3240,0,0,0,0,,,,0.0,0,,,0,,,127.0,72.6,10.0,7.09,36.0,36,markodmitrovic,,
Ritsu Doan,MF,MF,27.0,jpJPN,Eintracht Frankfurt,Big5,30,2274,5,5,5,0,,,,37.95,14,3.4,,17,,,,,,6.97,25.3,27,ritsudoan,,
Dodô,"DF,MF",DF,27.0,brBRA,Fiorentina,Big5,34,2954,1,2,7,0,,,,24.927999999999997,4,2.2,,29,,,,,,7.13,32.8,34,dodo,,
Josh Doig,DF,DF,23.0,sctSCO,Sassuolo,Big5,30,1917,0,0,5,0,,,,11.076,4,0.7,,22,,,,,,6.56,21.3,22,joshdoig,,
Jeremy Doku,"MF,FW",MF,23.0,beBEL,Manchester City,Big5,28,1695,5,5,0,0,,,,35.908,14,2.7,,12,,,,,,7.33,18.8,18,jeremydoku,Jérémy Doku,75000000.0
Tyrhys Dolan,MF,MF,24.0,engENG,Espanyol,Big5,34,2295,2,4,7,1,,,,31.875,11,2.5,,15,,,,,,6.82,25.5,27,tyrhysdolan,,
Marc Domenech,MF,MF,20.0,esESP,Mallorca,Big5,7,214,0,1,0,0,,,,3.024,0,0.1,,0,,,,,,,2.4,2,marcdomenech,,
Nicolás Domínguez,MF,MF,27.0,arARG,Nottingham Forest,Big5,25,1080,1,1,3,0,,,,15.96,5,1.5,,6,,,,,,6.67,12.0,16,nicolasdominguez,,
Jean-Luc Dompé,"FW,MF",FW,30.0,frFRA,Hamburger SV,Big5,20,1138,3,0,0,0,,,,24.948,12,2.1,,0,,,,,,6.89,12.6,12,jeanlucdompe,,
John Donald,"DF,MF",DF,25.0,esESP,Elche,Big5,19,613,1,0,3,0,,,,5.984,2,0.7,,7,,,,,,,6.8,6,johndonald,,
Gianluigi Donnarumma,GK,GK,27.0,itITA,Manchester City,Big5,33,2970,0,0,7,0,,,,0.0,0,,,1,,,73.0,72.5,15.0,7.24,33.0,33,gianluigidonnarumma,Gianluigi Donnarumma,45000000.0
Alberto Dossena,DF,DF,27.0,itITA,Cagliari,Big5,10,740,0,1,5,0,,,,6.969999999999999,2,0.8,,7,,,,,,,8.2,8,albertodossena,,
Lohann Doucet,MF,MF,23.0,bfBFA,Paris FC,Big5,5,121,1,0,2,0,,,,1.937,1,0.3,,0,,,,,,,1.3,1,lohanndoucet,,
Fodé Doucouré,"MF,FW",MF,25.0,mlMLI,Le Havre,Big5,25,1167,3,1,2,0,,,,20.02,8,2.1,,8,,,,,,6.69,13.0,14,fodedoucoure,,
Désiré Doué,"FW,MF",FW,20.0,frFRA,Paris Saint-Germain,Big5,23,1348,7,4,0,0,,,,55.05,19,7.9,,12,,,,,,7.42,15.0,16,desiredoue,Désiré Doué,120000000.0
Guela Doué,"DF,MF",DF,23.0,ciCIV,Strasbourg,Big5,23,1971,2,6,3,0,,,,12.045,5,2.1,,27,,,,,,7.3,21.9,22,gueladoue,,
Ismaël Doukouré,"DF,MF",DF,22.0,frFRA,Strasbourg,Big5,24,1982,0,2,4,2,,,,7.04,3,0.4,,23,,,,,,6.74,22.0,24,ismaeldoukoure,,
Kamory Doumbia,MF,MF,23.0,mlMLI,Brest,Big5,23,1678,5,3,6,0,,,,39.99,13,4.8,,20,,,,,,7.11,18.6,21,kamorydoumbia,,
Anastasios Douvikas,FW,FW,26.0,grGRE,Como,Big5,36,2110,13,1,0,0,,,,56.862,27,12.1,,4,,,,,,6.82,23.4,23,anastasiosdouvikas,,
Artem Dovbyk,FW,FW,28.0,uaUKR,Roma,Big5,13,390,3,1,0,0,,,,9.933,5,2.5,,0,,,,,,,4.3,3,artemdovbyk,,
Max Dowman,MF,MF,16.0,engENG,Arsenal,Big5,5,96,1,0,0,0,,,,6.1930000000000005,1,1.2,,1,,,,,,,1.1,0,maxdowman,,
Damion Downs,FW,FW,21.0,usUSA,Hamburger SV,Big5,12,536,0,0,0,0,,,,7.08,4,0.6,,0,,,,,,,6.0,6,damiondowns,,
Radu Drăgușin,DF,DF,24.0,roROU,Tottenham Hotspur,Big5,9,516,0,0,0,0,,,,3.9899999999999998,0,0.3,,16,,,,,,,5.7,5,radudragusin,,
Domingos Duarte,DF,DF,31.0,ptPOR,Getafe,Big5,32,2762,1,1,11,0,,,,11.973,4,0.9,,31,,,,,,6.79,30.7,32,domingosduarte,,
Martin Dúbravka,GK,GK,37.0,skSVK,Burnley,Big5,35,3150,0,0,1,0,,,,0.0,0,,,0,,,127.0,66.1,4.0,6.73,35.0,35,martindubravka,,
Maxime Dupé,GK,GK,33.0,frFRA,Nice,Big5,8,720,0,0,0,0,,,,0.0,0,,,0,,,20.0,62.5,1.0,,8.0,8,maximedupe,,
Rafiu Durosinmi,FW,FW,23.0,ngNGA,Pisa,Big5,12,432,1,1,1,1,,,,8.976,5,0.8,,1,,,,,,,4.8,4,rafiudurosinmi,,
Paulo Dybala,"FW,MF",FW,32.0,arARG,Roma,Big5,20,1177,2,3,0,0,,,,37.073,15,4.8,,3,,,,,,7.09,13.1,13,paulodybala,,
Edin Džeko,FW,FW,40.0,baBIH,Fiorentina,Big5,11,244,0,0,1,0,,,,3.996,1,0.3,,1,,,,,,,2.7,2,edindzeko,,
Aron Dønnum,MF,MF,28.0,noNOR,Toulouse,Big5,28,2419,4,4,10,1,,,,40.080999999999996,14,4.8,,29,,,,,,7.22,26.9,28,arondnnum,,
Younes Ebnoutalib,FW,FW,22.0,deGER,Eintracht Frankfurt,Big5,5,133,1,0,0,0,,,,5.07,2,0.6,,1,,,,,,,1.5,2,younesebnoutalib,,
Simon Ebonog,MF,MF,21.0,cmCMR,Le Havre,Big5,29,1741,1,0,8,0,,,,22.002,4,1.8,,23,,,,,,6.57,19.3,21,simonebonog,,
Enzo Ebosse,DF,DF,27.0,cmCMR,Torino,Big5,11,935,0,1,2,0,,,,0.0,0,0.0,,8,,,,,,,10.4,11,enzoebosse,,
Claudio Echeverri,"FW,MF",FW,20.0,arARG,Girona,Big5,14,561,1,1,3,0,,,,15.934,4,2.2,,1,,,,,,,6.2,5,claudioecheverri,,
Éderson,MF,MF,26.0,brBRA,Atalanta,Big5,29,2140,2,1,3,0,,,,34.986,11,4.4,,25,,,,,,7.14,23.8,25,ederson,Éderson,45000000.0
Noah Edjouma,MF,MF,20.0,frFRA,Lille,Big5,3,92,0,0,0,0,,,,1.96,0,0.8,,0,,,,,,,1.0,1,noahedjouma,,
Odsonne Édouard,FW,FW,28.0,frFRA,Lens,Big5,29,1796,12,3,2,0,,,,60.199999999999996,31,11.5,,4,,,,,,6.93,20.0,26,odsonneedouard,,
Marcus Edwards,"MF,FW",MF,27.0,engENG,Burnley,Big5,22,1051,1,3,0,0,,,,21.996,6,1.5,,3,,,,,,,11.7,11,marcusedwards,,
CJ Egan-Riley,"DF,MF",DF,23.0,engENG,Marseille,Big5,11,624,0,0,1,1,,,,0.0,0,,,2,,,,,,,6.9,8,cjeganriley,,
Kingsley Ehizibue,"MF,DF",MF,30.0,nlNED,Udinese,Big5,31,1721,2,0,5,0,,,,8.022,2,1.1,,13,,,,,,6.59,19.1,19,kingsleyehizibue,,
Chidera Ejuke,"MF,FW",MF,28.0,ngNGA,Sevilla,Big5,25,881,1,1,0,0,,,,22.05,3,1.6,,7,,,,,,6.74,9.8,6,chideraejuke,,
Hjalmar Ekdal,DF,DF,27.0,seSWE,Burnley,Big5,19,1539,0,0,0,0,,,,5.985,1,0.3,,12,,,,,,,17.1,17,hjalmarekdal,,
Jeff Ekhator,"FW,MF",FW,19.0,itITA,Genoa,Big5,29,929,3,0,3,0,,,,17.922,4,2.9,,2,,,,,,6.32,10.3,9,jeffekhator,,
Hugo Ekitike,FW,FW,23.0,frFRA,Liverpool,Big5,28,1803,11,4,0,0,,,,64.80000000000001,19,9.9,,4,,,,,,7.08,20.0,21,hugoekitike,Hugo Ekitiké,80000000.0
Jurgen Ekkelenkamp,MF,MF,26.0,nlNED,Udinese,Big5,31,2186,5,3,1,0,,,,33.048,15,4.9,,18,,,,,,6.93,24.3,27,jurgenekkelenkamp,,
Jacques Ekomie,"DF,MF",DF,22.0,gaGAB,Angers,Big5,31,2213,0,0,3,0,,,,11.07,3,1.1,,31,,,,,,6.57,24.6,25,jacquesekomie,,
Caleb Ekuban,"FW,MF",FW,32.0,ghGHA,Genoa,Big5,30,988,4,1,0,0,,,,29.040000000000003,10,3.7,,5,,,,,,6.37,11.0,6,calebekuban,,
Anthony Elanga,"FW,MF",FW,24.0,seSWE,Newcastle United,Big5,30,1288,0,1,0,0,,,,16.016000000000002,4,1.7,,3,,,,,,6.39,14.3,14,anthonyelanga,,
Daniel Elfadli,DF,DF,29.0,lyLBY,Hamburger SV,Big5,21,1253,0,0,6,1,,,,4.031,1,0.4,,20,,,,,,6.45,13.9,15,danielelfadli,,
Unai Elgezabal,"DF,MF",DF,33.0,esESP,Levante,Big5,12,958,1,0,2,0,,,,2.968,1,0.7,,4,,,,,,,10.6,11,unaielgezabal,,
Melker Ellborg,GK,GK,22.0,seSWE,Sunderland,Big5,3,270,0,0,0,0,,,,0.0,0,,,0,,,10.0,83.3,1.0,,3.0,3,melkerellborg,,
Harvey Elliott,MF,MF,23.0,engENG,Aston Villa,Big5,4,112,0,0,0,0,,,,4.823999999999999,0,0.3,,0,,,,,,,1.2,1,harveyelliott,,
Nesta Elphege,FW,FW,25.0,frFRA,Parma,Big5,8,283,2,1,0,0,,,,4.929,2,1.9,,0,,,,,,,3.1,2,nestaelphege,,
Aritz Elustondo,DF,DF,32.0,esESP,Real Sociedad,Big5,14,623,0,0,0,0,,,,2.967,2,0.4,,10,,,,,,,6.9,7,aritzelustondo,,
Breel Embolo,FW,FW,29.0,chSUI,Rennes,Big5,30,1827,9,3,3,0,,,,35.931000000000004,17,9.0,,4,,,,,,6.81,20.3,20,breelembolo,,
Emanuel Emegha,FW,FW,23.0,nlNED,Strasbourg,Big5,10,443,4,2,3,0,,,,16.905,8,3.9,,0,,,,,,,4.9,4,emanuelemegha,,
Emersonn,FW,FW,21.0,brBRA,Toulouse,Big5,27,1499,6,2,5,1,,,,51.102,19,7.4,,7,,,,,,6.54,16.7,18,emersonn,,
Julio Enciso,"MF,FW",MF,22.0,pyPAR,Strasbourg,Big5,26,1793,3,3,2,0,,,,58.903999999999996,22,7.6,,6,,,,,,6.99,19.9,21,julioenciso,,
Wataru Endo,DF,DF,33.0,jpJPN,Liverpool,Big5,8,175,0,1,1,0,,,,0.969,0,0.0,,0,,,,,,,1.9,1,wataruendo,,
Endrick,"FW,MF",FW,19.0,brBRA,Lyon,Big5,15,1145,5,7,4,1,,,,47.879,25,6.6,,2,,,,,,,12.7,13,endrick,Endrick,40000000.0
Xavi Espart,DF,DF,18.0,esESP,Barcelona,Big5,3,120,0,0,0,0,,,,0.0,0,0.0,,5,,,,,,,1.3,1,xaviespart,,
Carlos Espí,FW,FW,20.0,esESP,Levante,Big5,23,1164,9,0,3,0,,,,46.827,20,7.6,,6,,,,,,7.02,12.9,11,carlosespi,,
Sebastiano Esposito,"FW,MF",FW,23.0,itITA,Cagliari,Big5,34,2505,6,5,6,0,,,,51.986000000000004,15,5.0,,16,,,,,,7.14,27.8,32,sebastianoesposito,,
Maxime Estève,DF,DF,23.0,frFRA,Burnley,Big5,33,2851,0,0,1,0,,,,10.144,1,0.7,,37,,,,,,6.44,31.7,33,maximeesteve,,
Nahuel Estévez,MF,MF,30.0,arARG,Parma,Big5,31,1029,0,1,2,0,,,,9.006,1,0.6,,5,,,,,,6.51,11.4,9,nahuelestevez,,
Pervis Estupiñán,MF,MF,28.0,ecECU,Milan,Big5,19,1034,1,1,5,1,,,,8.97,1,0.4,,11,,,,,,,11.5,13,pervisestupinan,,
Evanilson,FW,FW,26.0,brBRA,Bournemouth,Big5,34,2582,6,1,2,0,,,,68.019,23,10.6,,4,,,,,,6.77,28.7,30,evanilson,,
Edu Expósito,MF,MF,29.0,esESP,Espanyol,Big5,34,2370,1,6,9,0,,,,41.817,13,2.3,,23,,,,,,7.14,26.3,30,eduexposito,,
Eberechi Eze,"MF,FW",MF,27.0,engENG,Arsenal,Big5,30,1724,7,2,1,0,,,,53.184,15,5.1,,10,,,,,,6.97,19.2,20,eberechieze,Eberechi Eze,65000000.0
Giovanni Fabbian,MF,MF,23.0,itITA,Fiorentina,Big5,14,378,0,0,2,0,,,,3.9899999999999998,1,2.4,,1,,,,,,6.39,4.2,3,giovannifabbian,,
Alieu Fadera,FW,FW,24.0,gmGAM,Sassuolo,Big5,28,987,2,1,5,0,,,,13.09,4,2.1,,5,,,,,,6.43,11.0,8,alieufadera,,
Wout Faes,DF,DF,28.0,beBEL,Monaco,Big5,13,1051,0,0,3,0,,,,5.031,1,0.4,,13,,,,,,,11.7,12,woutfaes,,
Nicolò Fagioli,MF,MF,25.0,itITA,Fiorentina,Big5,32,2491,2,3,5,0,,,,32.132,7,2.5,,17,,,,,,7.17,27.7,29,nicolofagioli,,
Romain Faivre,"MF,FW",MF,27.0,frFRA,Auxerre,Big5,10,581,0,2,0,0,,,,11.049999999999999,3,0.6,,6,,,,,,,6.5,7,romainfaivre,,
Wladimiro Falcone,GK,GK,31.0,itITA,Lecce,Big5,36,3240,0,0,2,0,,,,0.0,0,,,0,,,103.0,69.7,9.0,7.11,36.0,36,wladimirofalcone,,
Ansu Fati,"MF,FW",MF,23.0,esESP,Monaco,Big5,24,1003,10,0,1,0,,,,38.85,21,9.6,,2,,,,,,6.96,11.1,9,ansufati,,
Abdoulaye Faye,DF,DF,21.0,snSEN,Lorient,Big5,16,1354,0,0,8,0,,,,7.95,2,0.6,,28,,,,,,6.65,15.0,15,abdoulayefaye,,
Jacopo Fazzini,"MF,FW",MF,23.0,itITA,Fiorentina,Big5,20,584,0,0,2,0,,,,9.035,1,1.1,,5,,,,,,,6.5,5,jacopofazzini,,
Aleix Febas,MF,MF,30.0,esESP,Elche,Big5,35,3077,2,2,10,0,,,,22.914000000000005,8,2.2,,26,,,,,,7.24,34.2,35,aleixfebas,,
Mattia Felici,MF,MF,25.0,itITA,Cagliari,Big5,11,411,2,1,3,0,,,,9.062,6,0.6,,5,,,,,,,4.6,4,mattiafelici,,
Luiz Felipe,DF,DF,29.0,itITA,Rayo Vallecano,Big5,10,470,0,0,1,0,,,,2.964,1,0.4,,7,,,,,,,5.2,7,luizfelipe,,
Evan Ferguson,FW,FW,21.0,ieIRL,Roma,Big5,16,773,3,2,1,0,,,,27.004,15,2.6,,1,,,,,,,8.6,10,evanferguson,,
Lewis Ferguson,MF,MF,26.0,sctSCO,Bologna,Big5,25,1421,1,0,7,1,,,,12.008000000000001,2,0.7,,11,,,,,,6.55,15.8,15,lewisferguson,,
Mateus Fernandes,MF,MF,21.0,ptPOR,West Ham United,Big5,34,2836,3,3,7,0,,,,24.885,6,2.0,,33,,,,,,7.24,31.5,33,mateusfernandes,Mateus Fernandes,50000000.0
Aitor Fernández,GK,GK,35.0,esESP,Osasuna,Big5,2,136,0,0,2,0,,,,0.0,0,,,0,,,9.0,81.8,0.0,,1.5,1,aitorfernandez,,
Dro Fernández,MF,MF,18.0,esESP,Barcelona,Big5,4,92,0,0,0,0,,,,0.0,0,,,0,,,,,,,1.0,1,drofernandez,,
Dro Fernández,MF,MF,18.0,esESP,Paris Saint-Germain,Big5,11,637,1,0,0,0,,,,9.017,3,1.0,,9,,,,,,,7.1,7,drofernandez,,
Enzo Fernández,MF,MF,25.0,arARG,Chelsea,Big5,34,2935,9,3,9,0,,,,70.09,30,11.3,,19,,,,,,7.3,32.6,33,enzofernandez,Enzo Fernández,90000000.0
Roberto Férnandez,FW,FW,23.0,esESP,Espanyol,Big5,36,2289,6,3,3,0,,,,55.88,21,9.3,,6,,,,,,6.5,25.4,24,robertofernandez,,
Matias Fernandez-Pardo,"FW,MF",FW,21.0,beBEL,Lille,Big5,28,2280,8,5,5,0,,,,66.033,29,8.8,,8,,,,,,7.16,25.3,26,matiasfernandezpardo,,
Álvaro Fidalgo,MF,MF,29.0,mxMEX,Real Betis,Big5,7,486,1,0,0,0,,,,3.996,2,0.5,,3,,,,,,,5.4,7,alvarofidalgo,,
Max Finkgräfe,DF,DF,22.0,deGER,RB Leipzig,Big5,12,414,1,1,2,0,,,,4.002,2,0.2,,8,,,,,,,4.6,4,maxfinkgrafe,,
Junior Firpo,DF,DF,29.0,doDOM,Real Betis,Big5,11,737,0,1,2,0,,,,5.002,0,0.5,,9,,,,,,,8.2,9,juniorfirpo,,
Jonathan Fischer,GK,GK,24.0,dkDEN,Metz,Big5,26,2264,0,0,0,0,,,,0.0,0,,,0,,,88.0,63.5,4.0,6.6,25.2,25,jonathanfischer,,
Zian Flemming,FW,FW,27.0,nlNED,Burnley,Big5,27,1595,10,0,4,0,,,,49.913999999999994,20,7.9,,6,,,,,,6.72,17.7,19,zianflemming,,
Phil Foden,MF,MF,25.0,engENG,Manchester City,Big5,31,1961,7,5,4,0,,,,54.936,19,6.4,,10,,,,,,7.32,21.8,22,philfoden,Phil Foden,70000000.0
Malick Fofana,"MF,FW",MF,21.0,beBEL,Lyon,Big5,11,729,2,1,1,0,,,,19.035,9,2.7,,3,,,,,,,8.1,9,malickfofana,,
Rayan Fofana,"FW,MF",FW,20.0,frFRA,Lens,Big5,25,798,5,0,0,0,,,,36.134,12,5.6,,1,,,,,,6.67,8.9,7,rayanfofana,,
Seko Fofana,MF,MF,31.0,ciCIV,Rennes,Big5,12,655,1,0,0,0,,,,9.052,3,1.0,,3,,,,,,,7.3,7,sekofofana,,
Wesley Fofana,DF,DF,25.0,frFRA,Chelsea,Big5,23,1581,0,1,7,1,,,,8.096000000000002,1,0.7,,32,,,,,,6.86,17.6,18,wesleyfofana,,
Youssouf Fofana,MF,MF,27.0,frFRA,Milan,Big5,31,2069,2,3,4,0,,,,43.010000000000005,16,3.7,,17,,,,,,6.78,23.0,26,youssouffofana,,
Francesco Folino,DF,DF,24.0,itITA,Cremonese,Big5,18,722,1,0,1,0,,,,2.0,1,0.2,,2,,,,,,,8.0,7,francescofolino,,
Michael Folorunsho,"MF,FW",MF,28.0,itITA,Cagliari,Big5,26,1980,2,0,3,0,,,,36.08,9,3.4,,10,,,,,,6.51,22.0,24,michaelfolorunsho,,
Pablo Fornals,MF,MF,30.0,esESP,Real Betis,Big5,36,2769,8,6,2,0,,,,42.196000000000005,17,3.9,,34,,,,,,7.45,30.8,33,pablofornals,,
Héctor Fort,"DF,MF",DF,19.0,esESP,Elche,Big5,13,475,2,2,0,0,,,,12.030999999999999,5,0.6,,5,,,,,,,5.3,7,hectorfort,,
Niccolò Fortini,MF,MF,20.0,itITA,Fiorentina,Big5,16,541,0,0,0,0,,,,7.98,2,0.2,,4,,,,,,,6.0,2,niccolofortini,,
Lyle Foster,"FW,MF",FW,25.0,zaRSA,Burnley,Big5,26,1371,3,2,4,0,,,,19.912,6,3.2,,4,,,,,,6.24,15.2,15,lylefoster,,
Juan Foyth,DF,DF,28.0,arARG,Villarreal,Big5,13,934,0,0,2,0,,,,1.9760000000000002,0,0.1,,15,,,,,,,10.4,12,juanfoyth,,
Alejandro Francés,DF,DF,23.0,esESP,Girona,Big5,22,936,0,2,1,1,,,,9.048,4,0.8,,14,,,,,,6.82,10.4,9,alejandrofrances,,
Alex Freeman,DF,DF,21.0,usUSA,Villarreal,Big5,9,346,0,0,0,0,,,,0.988,0,0.0,,5,,,,,,,3.8,3,alexfreeman,,
Morten Frendrup,MF,MF,25.0,dkDEN,Genoa,Big5,34,2901,1,0,5,0,,,,8.05,3,0.4,,39,,,,,,7.04,32.2,33,mortenfrendrup,,
Remo Freuler,MF,MF,34.0,chSUI,Bologna,Big5,27,2058,1,2,5,0,,,,5.954,1,1.3,,18,,,,,,6.9,22.9,24,remofreuler,,
Jeremie Frimpong,"DF,MF",DF,25.0,nlNED,Liverpool,Big5,20,1023,0,1,1,0,,,,10.032,2,0.5,,6,,,,,,,11.4,12,jeremiefrimpong,,
Jorge de Frutos,"FW,MF",FW,29.0,esESP,Rayo Vallecano,Big5,33,2297,10,1,3,0,,,,58.905,26,10.6,,10,,,,,,6.88,25.5,30,jorgedefrutos,,
Niclas Füllkrug,FW,FW,33.0,deGER,West Ham United,Big5,8,409,0,0,0,0,,,,8.91,3,0.9,,2,,,,,,,4.5,5,niclasfullkrug,,
Niclas Füllkrug,FW,FW,33.0,deGER,Milan,Big5,18,606,1,0,0,0,,,,15.946,5,3.9,,3,,,,,,6.27,6.7,3,niclasfullkrug,,
Matteo Gabbia,DF,DF,26.0,itITA,Milan,Big5,28,2350,0,0,3,0,,,,19.053,3,1.4,,13,,,,,,6.92,26.1,26,matteogabbia,,
Tiago Gabriel,DF,DF,21.0,ptPOR,Lecce,Big5,35,3039,2,0,5,0,,,,19.941999999999997,4,3.6,,45,,,,,,6.88,33.8,34,tiagogabriel,,
Gianluca Gaetano,"MF,FW",MF,26.0,itITA,Cagliari,Big5,31,1732,2,3,4,0,,,,28.991999999999997,9,1.9,,19,,,,,,6.9,19.2,19,gianlucagaetano,,
Cody Gakpo,"MF,FW",MF,27.0,nlNED,Liverpool,Big5,34,2574,7,5,3,0,,,,82.94,21,8.5,,11,,,,,,7.17,28.6,30,codygakpo,Cody Gakpo,60000000.0
Javi Galán,DF,DF,31.0,esESP,Osasuna,Big5,18,1558,0,1,3,0,,,,5.0169999999999995,1,0.2,,27,,,,,,7.25,17.3,18,javigalan,,
Iñigo Ruiz de Galarreta,MF,MF,32.0,esESP,Athletic Club,Big5,32,2057,1,2,10,0,,,,20.151999999999997,2,0.7,,20,,,,,,6.95,22.9,28,inigoruizdegalarreta,,
Conor Gallagher,MF,MF,26.0,engENG,Tottenham Hotspur,Big5,14,1013,1,1,2,0,,,,9.040000000000001,3,1.1,,16,,,,,,,11.3,12,conorgallagher,,
Antonino Gallo,DF,DF,26.0,itITA,Lecce,Big5,35,2876,0,4,2,0,,,,5.12,1,0.5,,14,,,,,,6.93,32.0,32,antoninogallo,,
Idrissa Gana Gueye,MF,MF,36.0,snSEN,Everton,Big5,25,2093,2,3,1,1,,,,29.125,7,2.0,,29,,,,,,7.03,23.3,25,idrissaganagueye,,
Ignatius Ganago,"FW,MF",FW,27.0,cmCMR,Nantes,Big5,13,839,3,1,1,0,,,,22.971000000000004,7,3.4,,2,,,,,,,9.3,10,ignatiusganago,,
Omri Gandelman,"MF,FW",MF,25.0,ilISR,Lecce,Big5,17,918,2,0,0,0,,,,9.995999999999999,3,1.4,,4,,,,,,,10.2,10,omrigandelman,,
Ismaëlo Ganiou,DF,DF,21.0,frFRA,Lens,Big5,22,1962,3,0,4,1,,,,20.056,4,2.1,,28,,,,,,7.21,21.8,22,ismaeloganiou,,
Facundo Garcés,DF,DF,26.0,myMAS,Alavés,Big5,10,793,0,0,3,0,,,,8.008000000000001,4,0.3,,7,,,,,,,8.8,8,facundogarces,,
Álvaro García,"MF,FW",MF,33.0,esESP,Rayo Vallecano,Big5,31,2056,4,5,3,0,,,,46.968,19,6.5,,14,,,,,,6.82,22.8,22,alvarogarcia,,
Eric García,"DF,MF",DF,25.0,esESP,Barcelona,Big5,32,2598,1,1,6,0,,,,23.987,7,3.0,,48,,,,,,7.41,28.9,30,ericgarcia,Eric García,40000000.0
Fran Garcia,"DF,MF",DF,26.0,esESP,Real Madrid,Big5,12,839,1,1,2,1,,,,5.952000000000001,2,0.8,,6,,,,,,,9.3,9,frangarcia,,
Gonzalo García,FW,FW,22.0,esESP,Real Madrid,Big5,27,809,4,1,2,0,,,,18.0,9,5.4,,2,,,,,,6.67,9.0,7,gonzalogarcia,,
Joan García,GK,GK,25.0,esESP,Barcelona,Big5,29,2610,0,0,1,0,,,,0.0,0,,,0,,,73.0,80.2,15.0,7.73,29.0,29,joangarcia,Joan García,45000000.0
Pablo Garcia,MF,MF,19.0,esESP,Real Betis,Big5,15,388,0,0,1,0,,,,12.985999999999999,4,1.4,,3,,,,,,,4.3,2,pablogarcia,,
Rubén García,"MF,FW",MF,32.0,esESP,Osasuna,Big5,33,2137,2,5,6,0,,,,27.017999999999997,9,2.4,,16,,,,,,6.87,23.7,27,rubengarcia,,
Ulisses Garcia,"MF,DF",MF,30.0,chSUI,Marseille,Big5,4,211,0,0,1,1,,,,1.9549999999999998,1,0.1,,0,,,,,,,2.3,2,ulissesgarcia,,
Ulisses Garcia,DF,DF,30.0,chSUI,Sassuolo,Big5,11,763,1,1,3,0,,,,2.04,1,0.1,,7,,,,,,,8.5,8,ulissesgarcia,,
Víctor García,"MF,FW",MF,28.0,esESP,Levante,Big5,21,1040,2,1,1,0,,,,19.023999999999997,8,2.0,,7,,,,,,6.78,11.6,12,victorgarcia,,
Alejandro Garnacho,MF,MF,21.0,arARG,Chelsea,Big5,23,1266,1,4,2,0,,,,33.135,7,3.5,,4,,,,,,6.88,14.1,14,alejandrogarnacho,,
James Garner,"MF,DF",MF,25.0,engENG,Everton,Big5,36,3233,2,7,11,0,,,,43.08,13,2.0,,54,,,,,,7.4,35.9,36,jamesgarner,James Garner,45000000.0
Federico Gatti,DF,DF,27.0,itITA,Juventus,Big5,19,993,2,0,3,0,,,,11.99,6,2.1,,11,,,,,,,11.0,11,federicogatti,,
Gavi,MF,MF,21.0,esESP,Barcelona,Big5,9,393,0,1,3,0,,,,0.0,0,,,2,,,,,,,4.4,5,gavi,,
Paulo Gazzaniga,GK,GK,34.0,arARG,Girona,Big5,32,2832,0,0,4,1,,,,0.0,0,,,0,,,111.0,73.5,6.0,6.84,31.5,32,paulogazzaniga,,
Jean-Philippe Gbamin,"DF,MF",DF,30.0,ciCIV,Metz,Big5,30,2459,1,1,2,1,,,,13.923,7,2.0,,27,,,,,,6.48,27.3,30,jeanphilippegbamin,,
Yann Gboho,"MF,FW",MF,25.0,frFRA,Toulouse,Big5,31,2601,8,3,1,1,,,,56.933,16,5.9,,13,,,,,,7.21,28.9,30,yanngboho,,
David de Gea,GK,GK,35.0,esESP,Fiorentina,Big5,36,3240,0,0,0,0,,,,0.0,0,,,0,,,110.0,71.4,9.0,6.77,36.0,36,daviddegea,,
Lutsharel Geertruida,"DF,MF",DF,25.0,nlNED,Sunderland,Big5,26,1513,0,0,1,0,,,,9.911999999999999,3,1.2,,19,,,,,,6.73,16.8,15,lutsharelgeertruida,,
Tyrique George,MF,MF,20.0,engENG,Everton,Big5,9,171,0,0,0,0,,,,6.004,2,0.6,,2,,,,,,,1.9,1,tyriquegeorge,,
Willem Geubbels,FW,FW,24.0,frFRA,Paris FC,Big5,23,946,5,0,0,0,,,,28.979999999999997,8,5.7,,6,,,,,,6.48,10.5,11,willemgeubbels,,
Rachid Ghezzal,"MF,FW",MF,34.0,dzALG,Lyon,Big5,10,225,0,0,0,0,,,,4.0,1,0.3,,1,,,,,,,2.5,2,rachidghezzal,,
Daniele Ghilardi,DF,DF,23.0,itITA,Roma,Big5,22,1052,0,0,1,0,,,,1.989,0,0.3,,21,,,,,,6.73,11.7,8,danieleghilardi,,
Morgan Gibbs-White,MF,MF,26.0,engENG,Nottingham Forest,Big5,35,2917,13,4,1,0,,,,74.844,28,10.8,,10,,,,,,7.15,32.4,33,morgangibbswhite,Morgan Gibbs-White,70000000.0
Bryan Gil,MF,MF,25.0,esESP,Girona,Big5,26,1421,0,3,5,0,,,,21.014000000000003,6,2.9,,9,,,,,,6.53,15.8,17,bryangil,,
Mario Gila,DF,DF,25.0,esESP,Lazio,Big5,29,2337,0,0,3,1,,,,10.92,3,1.4,,24,,,,,,6.98,26.0,29,mariogila,,
Billy Gilmour,MF,MF,24.0,sctSCO,Napoli,Big5,16,751,1,0,1,0,,,,9.96,3,0.7,,10,,,,,,,8.3,8,billygilmour,,
Santiago Giménez,FW,FW,25.0,mxMEX,Milan,Big5,14,780,0,0,2,0,,,,24.098999999999997,9,3.4,,1,,,,,,,8.7,9,santiagogimenez,,
Gvidas Gineitis,MF,MF,22.0,ltLTU,Torino,Big5,28,1711,0,1,5,0,,,,26.03,5,1.0,,23,,,,,,6.76,19.0,22,gvidasgineitis,,
Olivier Giroud,FW,FW,39.0,frFRA,Lille,Big5,29,1564,7,1,2,0,,,,40.019999999999996,15,8.7,,4,,,,,,6.7,17.4,17,oliviergiroud,,
Jamie Gittens,MF,MF,21.0,engENG,Chelsea,Big5,16,495,0,2,0,0,,,,10.01,2,0.8,,2,,,,,,,5.5,5,jamiegittens,,
Robert Glatzel,FW,FW,32.0,deGER,Hamburger SV,Big5,19,612,3,2,0,0,,,,15.98,7,2.7,,0,,,,,,,6.8,7,robertglatzel,,
Wilfried Gnonto,FW,FW,22.0,itITA,Leeds United,Big5,21,484,0,1,3,0,,,,9.018,0,0.4,,3,,,,,,,5.4,4,wilfriedgnonto,,
Giorgi Gocholeishvili,MF,MF,25.0,geGEO,Hamburger SV,Big5,24,940,0,2,3,1,,,,13.936000000000002,2,0.8,,7,,,,,,6.49,10.4,9,giorgigocholeishvili,,
Martial Godo,MF,MF,23.0,ciCIV,Strasbourg,Big5,27,1494,8,1,2,0,,,,38.014,15,7.9,,14,,,,,,7.19,16.6,17,martialgodo,,
Saba Goglichidze,DF,DF,21.0,geGEO,Udinese,Big5,8,424,0,0,2,0,,,,3.008,1,0.2,,8,,,,,,,4.7,4,sabagoglichidze,,
Aleksandr Golovin,MF,MF,29.0,ruRUS,Monaco,Big5,25,1649,5,5,4,1,,,,34.038000000000004,18,3.7,,21,,,,,,7.14,18.3,21,aleksandrgolovin,,
Angel Gomes,MF,MF,25.0,engENG,Marseille,Big5,14,888,3,0,4,0,,,,10.989,5,1.4,,4,,,,,,,9.9,12,angelgomes,,
Moi Gómez,MF,MF,31.0,esESP,Osasuna,Big5,24,1147,0,2,3,0,,,,10.921999999999999,2,0.4,,11,,,,,,6.79,12.7,12,moigomez,,
Sergio Gómez,DF,DF,25.0,esESP,Real Sociedad,Big5,32,2510,0,4,3,1,,,,10.881,0,1.1,,29,,,,,,7.04,27.9,28,sergiogomez,,
Unai Gómez,"MF,FW",MF,22.0,esESP,Athletic Club,Big5,24,832,1,1,1,0,,,,17.939999999999998,4,2.1,,3,,,,,,6.26,9.2,10,unaigomez,,
Valentín Gómez,DF,DF,22.0,arARG,Real Betis,Big5,26,1780,1,0,5,0,,,,11.088000000000001,5,0.8,,23,,,,,,6.78,19.8,18,valentingomez,,
Tidiam Gomis,FW,FW,19.0,frFRA,RB Leipzig,Big5,17,330,1,0,1,0,,,,9.065000000000001,3,0.5,,0,,,,,,,3.7,2,tidiamgomis,,
Urko González,MF,MF,25.0,esESP,Espanyol,Big5,33,2443,0,1,7,0,,,,17.073,1,0.7,,29,,,,,,6.63,27.1,26,urkogonzalez,,
Anthony Gordon,FW,FW,25.0,engENG,Newcastle United,Big5,26,1795,6,2,3,1,,,,47.958999999999996,20,8.8,,3,,,,,,6.96,19.9,24,anthonygordon,Anthony Gordon,65000000.0
Andoni Gorosabel,DF,DF,29.0,esESP,Athletic Club,Big5,22,1225,0,1,3,0,,,,5.032,1,0.2,,16,,,,,,6.62,13.6,14,andonigorosabel,,
Jon Gorrotxategi,MF,MF,24.0,esESP,Real Sociedad,Big5,29,2154,1,3,7,0,,,,12.906,1,0.8,,31,,,,,,6.78,23.9,25,jongorrotxategi,,
Alimami Gory,"MF,DF",MF,29.0,mlMLI,Paris FC,Big5,23,958,3,1,2,0,,,,15.899999999999999,3,3.6,,8,,,,,,6.56,10.6,9,alimamigory,,
Robin Gosens,"DF,MF",DF,31.0,deGER,Fiorentina,Big5,24,1733,3,1,2,0,,,,16.984,7,2.9,,18,,,,,,6.79,19.3,22,robingosens,,
Mario Götze,MF,MF,33.0,deGER,Eintracht Frankfurt,Big5,20,827,0,0,1,0,,,,4.968,0,0.6,,4,,,,,,6.38,9.2,7,mariogotze,,
Amine Gouiri,"FW,MF",FW,26.0,dzALG,Marseille,Big5,21,1236,7,3,0,0,,,,34.934999999999995,16,6.2,,3,,,,,,7.1,13.7,14,aminegouiri,,
Lucas Gourna-Douath,MF,MF,22.0,frFRA,Le Havre,Big5,15,1272,0,0,5,0,,,,9.024,2,0.2,,15,,,,,,,14.1,14,lucasgournadouath,,
Tiago Gouveia,MF,MF,24.0,ptPOR,Nice,Big5,15,532,0,0,3,0,,,,11.977,4,0.8,,9,,,,,,,5.9,5,tiagogouveia,,
Jonathan Gradit,DF,DF,33.0,frFRA,Lens,Big5,10,807,0,0,2,1,,,,1.98,0,0.1,,16,,,,,,,9.0,10,jonathangradit,,
Alberto Grassi,MF,MF,31.0,itITA,Cremonese,Big5,28,1593,0,0,3,0,,,,12.036,4,1.1,,32,,,,,,6.59,17.7,16,albertograssi,,
Ryan Gravenberch,MF,MF,23.0,nlNED,Liverpool,Big5,34,2845,5,3,5,0,,,,35.07600000000001,11,1.9,,42,,,,,,7.25,31.6,32,ryangravenberch,Ryan Gravenberch,80000000.0
Archie Gray,"MF,DF",MF,20.0,engENG,Tottenham Hotspur,Big5,23,1469,2,2,5,0,,,,10.921000000000001,5,1.5,,17,,,,,,6.53,16.3,18,archiegray,,
Jack Grealish,MF,MF,30.0,engENG,Everton,Big5,20,1627,2,6,5,1,,,,26.064,8,2.1,,11,,,,,,7.21,18.1,18,jackgrealish,,
Mason Greenwood,MF,MF,24.0,engENG,Marseille,Big5,31,2372,16,6,4,0,,,,113.256,47,14.4,,4,,,,,,7.61,26.4,28,masongreenwood,Mason Greenwood,55000000.0
Dominik Greif,GK,GK,29.0,skSVK,Lyon,Big5,28,2520,0,1,1,0,,,,0.0,0,,,0,,,76.0,70.5,11.0,7.11,28.0,28,dominikgreif,,
Brajan Gruda,"MF,FW",MF,21.0,deGER,RB Leipzig,Big5,12,691,3,3,1,0,,,,21.098000000000003,10,3.4,,0,,,,,,,7.7,7,brajangruda,,
Ilia Gruev,MF,MF,26.0,bgBUL,Leeds United,Big5,23,1323,0,3,3,0,,,,7.055999999999999,1,0.5,,14,,,,,,6.61,14.7,15,iliagruev,,
Nemanja Gudelj,"DF,MF",DF,34.0,rsSRB,Sevilla,Big5,32,2290,2,0,8,0,,,,29.971999999999998,8,1.3,,23,,,,,,6.71,25.4,25,nemanjagudelj,,
Gabriel Gudmundsson,"DF,MF",DF,27.0,seSWE,Leeds United,Big5,32,2631,0,0,6,1,,,,18.104,3,1.1,,28,,,,,,6.78,29.2,31,gabrielgudmundsson,,
Gonçalo Guedes,MF,MF,29.0,ptPOR,Real Sociedad,Big5,31,1811,8,4,3,0,,,,46.029,18,3.9,,4,,,,,,6.86,20.1,22,goncaloguedes,,
Marc Guéhi,DF,DF,25.0,engENG,Manchester City,Big5,14,1260,1,1,2,0,,,,16.939999999999998,5,4.1,,24,,,,,,7.37,14.0,14,marcguehi,Marc Guéhi,70000000.0
Mattéo Guendouzi,MF,MF,27.0,frFRA,Lazio,Big5,16,1428,2,1,5,1,,,,16.059,8,1.3,,11,,,,,,,15.9,16,matteoguendouzi,,
Evann Guessand,MF,MF,24.0,ciCIV,Crystal Palace,Big5,6,300,1,1,0,0,,,,2.9699999999999998,1,1.6,,2,,,,,,,3.3,3,evannguessand,,
Ander Guevara,MF,MF,28.0,esESP,Alavés,Big5,24,647,1,1,4,1,,,,5.04,1,0.2,,9,,,,,,,7.2,2,anderguevara,,
Idrissa Guèye,FW,FW,19.0,snSEN,Udinese,Big5,17,364,1,0,2,0,,,,15.84,5,1.7,,3,,,,,,,4.0,1,idrissagueye,,
Idrissa Guèye,FW,FW,19.0,snSEN,Metz,Big5,3,132,0,0,0,0,,,,2.04,0,0.1,,0,,,,,,,1.5,1,idrissagueye,,
Pape Gueye,MF,MF,27.0,snSEN,Villarreal,Big5,28,1986,4,2,8,0,,,,45.084,12,4.0,,33,,,,,,7.11,22.1,24,papegueye,Pape Gueye,40000000.0
Morgan Guilavogui,MF,MF,28.0,gnGUI,Lens,Big5,16,491,1,0,3,1,,,,10.065000000000001,2,1.2,,3,,,,,,,5.5,3,morganguilavogui,,
Frederic Guilbert,"DF,MF",DF,31.0,frFRA,Nantes,Big5,8,607,0,0,1,0,,,,6.968000000000001,2,0.4,,19,,,,,,,6.7,7,fredericguilbert,,
Luis Guilherme,FW,FW,20.0,brBRA,West Ham United,Big5,5,125,0,0,0,0,,,,1.008,0,0.1,,0,,,,,,,1.4,1,luisguilherme,,
Bruno Guimarães,MF,MF,28.0,brBRA,Newcastle United,Big5,27,2298,9,5,5,0,,,,39.015,21,5.6,,16,,,,,,7.52,25.5,25,brunoguimaraes,Bruno Guimarães,70000000.0
Daouda Guindo,DF,DF,23.0,mlMLI,Brest,Big5,24,1605,1,1,4,1,,,,19.936000000000003,5,1.2,,28,,,,,,6.66,17.8,18,daoudaguindo,,
Bahereba Guirassy,"FW,MF",FW,19.0,frFRA,Nantes,Big5,20,821,2,1,2,0,,,,14.923999999999998,7,1.8,,5,,,,,,6.55,9.1,9,baherebaguirassy,,
Marc Guiu,FW,FW,20.0,esESP,Chelsea,Big5,8,257,0,1,1,0,,,,12.18,2,1.5,,0,,,,,,,2.9,1,marcguiu,,
Péter Gulácsi,GK,GK,36.0,huHUN,RB Leipzig,Big5,22,1918,0,0,1,0,,,,0.0,0,,,0,,,51.0,66.7,9.0,6.83,21.3,22,petergulacsi,,
Arda Güler,MF,MF,21.0,trTUR,Real Madrid,Big5,32,1997,4,9,1,0,,,,49.062,19,4.6,,8,,,,,,7.43,22.2,25,ardaguler,Arda Güler,90000000.0
Gerard Gumbau,MF,MF,31.0,esESP,Rayo Vallecano,Big5,26,1019,0,2,4,0,,,,16.950000000000003,5,0.8,,8,,,,,,6.7,11.3,12,gerardgumbau,,
Jon Guridi,"MF,FW",MF,31.0,esESP,Alavés,Big5,26,1069,0,0,1,0,,,,14.042,4,1.8,,6,,,,,,6.56,11.9,13,jonguridi,,
Gorka Guruzeta,FW,FW,29.0,esESP,Athletic Club,Big5,33,2209,9,3,6,1,,,,75.95,31,10.5,,10,,,,,,6.74,24.5,26,gorkaguruzeta,,
Malo Gusto,DF,DF,22.0,frFRA,Chelsea,Big5,33,2177,2,3,5,1,,,,12.1,6,1.6,,29,,,,,,6.84,24.2,25,malogusto,,
Miguel Gutiérrez,"MF,DF",MF,24.0,esESP,Napoli,Big5,26,1386,1,1,0,0,,,,14.014000000000001,4,0.8,,7,,,,,,6.86,15.4,14,miguelgutierrez,,
Joško Gvardiol,DF,DF,24.0,hrCRO,Manchester City,Big5,17,1359,2,2,2,0,,,,17.063,6,2.4,,16,,,,,,,15.1,16,joskogvardiol,Josko Gvardiol,70000000.0
Viktor Gyökeres,FW,FW,27.0,seSWE,Arsenal,Big5,34,2198,14,1,5,0,,,,53.924,22,12.4,,1,,,,,,6.82,24.4,26,viktorgyokeres,Viktor Gyökeres,65000000.0
Erling Haaland,FW,FW,25.0,noNOR,Manchester City,Big5,34,2863,26,8,2,0,,,,124.02,58,25.4,,4,,,,,,7.68,31.8,33,erlinghaaland,Erling Haaland,200000000.0
Amadou Haidara,MF,MF,28.0,mlMLI,Lens,Big5,6,199,1,0,0,0,,,,1.9800000000000002,2,0.1,,2,,,,,,,2.2,1,amadouhaidara,,
Achraf Hakimi,DF,DF,27.0,maMAR,Paris Saint-Germain,Big5,18,1375,2,2,3,1,,,,27.081000000000003,9,2.4,,11,,,,,,7.18,15.3,15,achrafhakimi,Achraf Hakimi,80000000.0
Lewis Hall,DF,DF,21.0,engENG,Newcastle United,Big5,28,2001,1,1,3,0,,,,21.977999999999998,5,1.0,,27,,,,,,6.99,22.2,22,lewishall,Lewis Hall,40000000.0
Florent Hanin,"DF,MF",DF,36.0,dzALG,Angers,Big5,24,801,0,0,0,0,,,,3.0260000000000002,0,0.0,,12,,,,,,6.44,8.9,8,florenthanin,,
Conrad Harder,FW,FW,21.0,dkDEN,RB Leipzig,Big5,28,860,3,3,3,0,,,,39.168,12,4.1,,7,,,,,,6.44,9.6,7,conradharder,,
Jack Harrison,"FW,MF",FW,29.0,engENG,Fiorentina,Big5,13,832,1,3,0,0,,,,9.936,2,0.9,,2,,,,,,,9.2,9,jackharrison,,
Jack Harrison,FW,FW,29.0,engENG,Leeds United,Big5,11,269,0,0,0,0,,,,6.029999999999999,2,0.3,,4,,,,,,,3.0,1,jackharrison,,
Quilindschy Hartman,DF,DF,24.0,nlNED,Burnley,Big5,21,1825,0,5,1,0,,,,8.932,3,0.3,,32,,,,,,6.77,20.3,21,quilindschyhartman,,
Hans Hateboer,"DF,MF",DF,32.0,nlNED,Lyon,Big5,14,695,0,0,0,1,,,,6.006,1,0.7,,9,,,,,,,7.7,8,hanshateboer,,
Jorrel Hato,DF,DF,20.0,nlNED,Chelsea,Big5,20,1007,0,0,6,0,,,,4.032,0,0.3,,13,,,,,,,11.2,10,jorrelhato,Jorrel Hato,40000000.0
Kai Havertz,"MF,FW",MF,26.0,deGER,Arsenal,Big5,10,464,1,2,0,0,,,,12.116000000000001,3,3.3,,0,,,,,,,5.2,6,kaihavertz,Kai Havertz,55000000.0
Torbjørn Heggem,DF,DF,27.0,noNOR,Bologna,Big5,25,2013,0,0,0,1,,,,10.975999999999999,2,1.1,,24,,,,,,6.66,22.4,22,torbjrnheggem,,
Gauthier Hein,"MF,FW",MF,29.0,frFRA,Metz,Big5,28,2261,8,7,3,1,,,,42.921,12,8.1,,9,,,,,,7.03,25.1,25,gauthierhein,,
Eivind Helland,DF,DF,21.0,noNOR,Bologna,Big5,4,314,0,0,2,0,,,,0.0,0,0.1,,3,,,,,,,3.5,4,eivindhelland,,
Dean Henderson,GK,GK,29.0,engENG,Crystal Palace,Big5,35,3150,0,0,4,0,,,,0.0,0,,,1,,,98.0,70.0,11.0,7.01,35.0,35,deanhenderson,,
Jordan Henderson,MF,MF,35.0,engENG,Brentford,Big5,30,1832,1,3,5,0,,,,5.9159999999999995,1,0.3,,16,,,,,,6.7,20.4,21,jordanhenderson,,
Benjamin Henrichs,DF,DF,29.0,deGER,RB Leipzig,Big5,16,243,1,0,0,0,,,,3.996,2,0.2,,4,,,,,,,2.7,2,benjaminhenrichs,,
Rico Henry,DF,DF,28.0,jmJAM,Brentford,Big5,25,1328,0,1,2,0,,,,5.032000000000001,0,0.2,,7,,,,,,6.52,14.8,14,ricohenry,,
Mads Hermansen,GK,GK,25.0,dkDEN,West Ham United,Big5,16,1440,0,0,0,0,,,,0.0,0,,,0,,,46.0,66.2,6.0,,16.0,16,madshermansen,,
Mario Hermoso,DF,DF,30.0,esESP,Roma,Big5,25,1905,3,2,8,0,,,,16.96,6,1.8,,28,,,,,,7.08,21.2,23,mariohermoso,,
Lucas Hernández,DF,DF,30.0,frFRA,Paris Saint-Germain,Big5,25,1747,0,3,4,0,,,,11.057999999999998,3,0.5,,21,,,,,,7.18,19.4,20,lucashernandez,,
Jorge Herrando,DF,DF,25.0,esESP,Osasuna,Big5,27,1533,0,1,3,0,,,,3.06,0,0.3,,22,,,,,,6.65,17.0,16,jorgeherrando,,
Sergio Herrera,GK,GK,32.0,esESP,Osasuna,Big5,35,3104,0,0,3,1,,,,0.0,0,,,0,,,110.0,75.3,7.0,6.9,34.5,35,sergioherrera,,
Yangel Herrera,MF,MF,28.0,veVEN,Real Sociedad,Big5,10,350,0,0,1,0,,,,5.031,1,0.4,,1,,,,,,,3.9,4,yangelherrera,,
Daniel Heuer Fernandes,GK,GK,33.0,ptPOR,Hamburger SV,Big5,33,2970,0,0,3,0,,,,0.99,0,0.3,,0,,,105.0,68.7,6.0,6.83,33.0,33,danielheuerfernandes,,
Aaron Hickey,"DF,MF",DF,23.0,sctSCO,Brentford,Big5,20,659,0,0,1,0,,,,5.986,1,0.5,,7,,,,,,,7.3,8,aaronhickey,,
Santiago Hidalgo,"MF,FW",MF,21.0,arARG,Toulouse,Big5,28,1306,4,6,4,0,,,,32.915,13,2.8,,8,,,,,,6.63,14.5,14,santiagohidalgo,,
Isak Hien,DF,DF,27.0,seSWE,Atalanta,Big5,27,1880,1,0,5,0,,,,7.941999999999999,3,0.8,,27,,,,,,6.81,20.9,19,isakhien,,
Omar El Hilali,DF,DF,22.0,maMAR,Espanyol,Big5,34,2724,0,2,9,0,,,,0.909,0,0.0,,37,,,,,,6.73,30.3,31,omarelhilali,,
James Hill,DF,DF,24.0,engENG,Bournemouth,Big5,27,1926,0,3,3,0,,,,10.914,2,0.9,,34,,,,,,7.18,21.4,20,jameshill,,
Rémi Himbert,FW,FW,18.0,frFRA,Lyon,Big5,6,131,1,0,0,0,,,,10.305,1,1.1,,0,,,,,,,1.5,1,remihimbert,,
Piero Hincapié,DF,DF,24.0,ecECU,Arsenal,Big5,23,1683,1,2,2,0,,,,2.057,1,0.4,,24,,,,,,7.07,18.7,19,pierohincapie,Piero Hincapié,50000000.0
Emil Holm,MF,MF,26.0,seSWE,Juventus,Big5,6,202,0,0,0,0,,,,3.9160000000000004,0,1.3,,2,,,,,,,2.2,2,emilholm,,
Ali Houary,MF,MF,20.0,maMAR,Elche,Big5,2,123,0,0,0,0,,,,2.044,0,0.1,,1,,,,,,,1.4,2,alihouary,,
Lukáš Hrádecký,GK,GK,36.0,fiFIN,Monaco,Big5,16,1349,0,0,1,0,,,,0.0,0,,,0,,,43.0,68.3,2.0,6.54,15.0,16,lukashradecky,,
Callum Hudson-Odoi,MF,MF,25.0,engENG,Nottingham Forest,Big5,30,1841,3,4,0,0,,,,30.134999999999998,10,2.8,,8,,,,,,6.85,20.5,21,callumhudsonodoi,,
Will Hughes,MF,MF,31.0,engENG,Crystal Palace,Big5,30,1481,0,0,7,0,,,,16.995,0,1.1,,15,,,,,,6.56,16.5,18,willhughes,,
Dean Huijsen,DF,DF,21.0,esESP,Real Madrid,Big5,26,1923,2,2,7,1,,,,20.115999999999996,5,2.3,,17,,,,,,7.22,21.4,23,deanhuijsen,Dean Huijsen,60000000.0
Trai Hume,"DF,MF",DF,24.0,nirNIR,Sunderland,Big5,36,2887,1,1,9,0,,,,32.1,6,2.2,,24,,,,,,6.83,32.1,32,traihume,,
Bashir Humphreys,"DF,MF",DF,23.0,engENG,Burnley,Big5,18,1479,0,0,6,0,,,,9.02,3,0.4,,10,,,,,,,16.4,16,bashirhumphreys,,
Omari Hutchinson,MF,MF,22.0,engENG,Nottingham Forest,Big5,29,1542,1,4,1,0,,,,24.966,11,1.9,,9,,,,,,6.76,17.1,15,omarihutchinson,,
Elseid Hysaj,DF,DF,32.0,alALB,Lazio,Big5,5,174,0,0,0,0,,,,0.0,0,,,2,,,,,,,1.9,1,elseidhysaj,,
Lucas Høgsberg,DF,DF,19.0,dkDEN,Strasbourg,Big5,23,1791,0,0,4,1,,,,3.98,1,0.3,,13,,,,,,6.5,19.9,21,lucashgsberg,,
Oscar Højlund,MF,MF,21.0,dkDEN,Eintracht Frankfurt,Big5,24,1089,1,1,4,1,,,,7.017999999999999,3,0.5,,7,,,,,,6.36,12.1,12,oscarhjlund,,
Rasmus Højlund,FW,FW,23.0,dkDEN,Napoli,Big5,31,2570,10,4,1,0,,,,56.056000000000004,22,10.6,,0,,,,,,6.83,28.6,30,rasmushjlund,Rasmus Højlund,60000000.0
Edoardo Iannoni,MF,MF,25.0,itITA,Sassuolo,Big5,15,260,1,0,3,0,,,,3.016,1,0.4,,3,,,,,,,2.9,1,edoardoiannoni,,
Pablo Ibáñez,MF,MF,27.0,esESP,Alavés,Big5,35,2141,1,1,7,0,,,,44.982,12,4.4,,20,,,,,,6.72,23.8,27,pabloibanez,,
Riyad Idrissi,"MF,DF",MF,20.0,itITA,Cagliari,Big5,23,783,2,0,3,0,,,,6.002999999999999,6,0.5,,9,,,,,,6.5,8.7,4,riyadidrissi,,
Stanis Idumbo,MF,MF,20.0,beBEL,Monaco,Big5,8,171,1,1,0,0,,,,6.004,2,0.6,,0,,,,,,,1.9,0,stanisidumbo,,
Jay Idzes,DF,DF,25.0,idIDN,Sassuolo,Big5,34,3008,0,0,2,0,,,,5.01,0,0.2,,37,,,,,,6.69,33.4,34,jayidzes,,
Hamza Igamane,FW,FW,23.0,maMAR,Lille,Big5,13,432,5,1,2,0,,,,24.0,9,3.6,,2,,,,,,,4.8,4,hamzaigamane,,
Jonathan Ikone,"MF,FW",MF,28.0,frFRA,Paris FC,Big5,22,1034,3,1,2,0,,,,23.0,6,3.1,,5,,,,,,6.67,11.5,12,jonathanikone,,
George Ilenikhena,FW,FW,19.0,ngNGA,Monaco,Big5,15,385,2,0,0,0,,,,15.092999999999998,7,1.4,,0,,,,,,,4.3,3,georgeilenikhena,,
Ivan Ilić,MF,MF,25.0,rsSRB,Torino,Big5,8,416,0,0,2,0,,,,0.0,0,,,5,,,,,,,4.6,5,ivanilic,,
Samuel Iling-Junior,MF,MF,22.0,engENG,Pisa,Big5,5,110,0,0,0,0,,,,0.0,0,,,0,,,,,,,1.2,1,samuelilingjunior,,
Emirhan İlkhan,MF,MF,21.0,trTUR,Torino,Big5,17,855,1,2,2,1,,,,11.02,3,2.2,,12,,,,,,,9.5,11,emirhanilkhan,,
Ciro Immobile,FW,FW,36.0,itITA,Paris FC,Big5,12,705,2,2,2,0,,,,14.898,5,1.9,,1,,,,,,,7.8,9,ciroimmobile,,
Ciro Immobile,FW,FW,36.0,itITA,Bologna,Big5,6,193,0,0,1,0,,,,1.9530000000000003,0,0.0,,0,,,,,,,2.1,2,ciroimmobile,,
Tim Iroegbunam,MF,MF,22.0,engENG,Everton,Big5,27,1332,0,2,8,0,,,,11.988000000000001,1,0.6,,20,,,,,,6.72,14.8,15,timiroegbunam,,
Andy Irving,MF,MF,26.0,sctSCO,West Ham United,Big5,7,158,0,0,0,0,,,,0.0,0,,,1,,,,,,,1.8,2,andyirving,,
Alexander Isak,FW,FW,26.0,seSWE,Liverpool,Big5,14,699,3,1,0,0,,,,17.082,6,2.7,,0,,,,,,,7.8,8,alexanderisak,Alexander Isak,85000000.0
Gustav Isaksen,FW,FW,25.0,dkDEN,Lazio,Big5,29,1573,5,1,0,0,,,,48.125,19,5.0,,7,,,,,,6.71,17.5,18,gustavisaksen,,
Isco,"FW,MF",FW,34.0,esESP,Real Betis,Big5,6,135,0,1,0,0,,,,4.005,0,1.0,,0,,,,,,,1.5,0,isco,,
Wilson Isidor,FW,FW,25.0,htHAI,Sunderland,Big5,30,1121,5,0,1,0,,,,40.125,16,4.7,,1,,,,,,6.31,12.5,11,wilsonisidor,,
Ardian Ismajli,DF,DF,29.0,alALB,Torino,Big5,24,1816,0,1,5,0,,,,6.06,4,0.3,,35,,,,,,6.95,20.2,20,ardianismajli,,
Franco Israel,GK,GK,26.0,uyURU,Torino,Big5,9,810,0,0,1,0,,,,0.0,0,,,0,,,24.0,60.0,3.0,,9.0,9,francoisrael,,
Alex Iwobi,MF,MF,30.0,ngNGA,Fulham,Big5,27,2263,4,3,3,0,,,,30.873,12,1.9,,14,,,,,,7.02,25.1,27,alexiwobi,,
Urko Izeta,FW,FW,26.0,esESP,Athletic Club,Big5,11,171,0,0,2,0,,,,7.999,4,1.3,,0,,,,,,,1.9,1,urkoizeta,,
Jérémy Jacquet,DF,DF,20.0,frFRA,Rennes,Big5,19,1671,0,0,6,1,,,,10.974,3,1.0,,22,,,,,,6.85,18.6,19,jeremyjacquet,Jérémy Jacquet,55000000.0
Daniel James,"FW,MF",FW,28.0,wlsWAL,Leeds United,Big5,17,479,0,0,0,0,,,,11.924999999999999,3,0.9,,1,,,,,,,5.3,5,danieljames,,
Reece James,"DF,MF",DF,26.0,engENG,Chelsea,Big5,28,1924,2,4,4,0,,,,20.971999999999998,6,1.0,,32,,,,,,7.23,21.4,20,reecejames,Reece James,60000000.0
Vitaly Janelt,MF,MF,28.0,deGER,Brentford,Big5,23,1292,1,4,7,0,,,,12.096,3,0.9,,26,,,,,,6.95,14.4,13,vitalyjanelt,,
Isak Jansson,"FW,MF",FW,24.0,seSWE,Nice,Big5,21,625,1,0,3,0,,,,15.87,10,1.7,,5,,,,,,,6.9,7,isakjansson,,
Adnan Januzaj,"MF,FW",MF,31.0,beBEL,Sevilla,Big5,12,321,0,0,1,0,,,,7.056,0,0.3,,1,,,,,,,3.6,2,adnanjanuzaj,,
Ardon Jashari,MF,MF,23.0,chSUI,Milan,Big5,12,556,0,1,0,0,,,,7.005999999999999,2,0.2,,5,,,,,,,6.2,5,ardonjashari,,
Bakery Jatta,MF,MF,27.0,gmGAM,Hamburger SV,Big5,15,911,1,1,1,0,,,,11.009,4,0.8,,8,,,,,,,10.1,12,bakeryjatta,,
Mikel Jauregizar,MF,MF,22.0,esESP,Athletic Club,Big5,34,2677,2,0,6,1,,,,35.046,9,1.8,,47,,,,,,6.78,29.7,32,mikeljauregizar,,
Gaby Jean,DF,DF,26.0,frFRA,Lecce,Big5,5,158,0,0,1,0,,,,0.0,0,,,1,,,,,,,1.8,1,gabyjean,,
Mathias Jensen,MF,MF,30.0,dkDEN,Brentford,Big5,34,2103,3,1,3,0,,,,28.08,8,2.3,,21,,,,,,6.78,23.4,24,mathiasjensen,,
Gabriel Jesus,FW,FW,29.0,brBRA,Arsenal,Big5,13,355,2,0,2,0,,,,14.819999999999999,10,2.7,,2,,,,,,,3.9,2,gabrieljesus,,
Igor Jesus,FW,FW,25.0,brBRA,Nottingham Forest,Big5,35,2125,6,4,2,0,,,,66.08,20,6.6,,2,,,,,,6.53,23.6,26,igorjesus,,
Juan Jesus,DF,DF,34.0,brBRA,Napoli,Big5,23,1630,0,0,10,1,,,,3.0770000000000004,0,0.3,,26,,,,,,6.89,18.1,19,juanjesus,,
Álex Jiménez,"DF,MF",DF,21.0,esESP,Bournemouth,Big5,31,2317,1,0,10,0,,,,21.073999999999998,4,1.1,,27,,,,,,6.99,25.7,26,alexjimenez,,
Raúl Jiménez,FW,FW,35.0,mxMEX,Fulham,Big5,34,2146,9,3,5,0,,,,69.972,18,11.5,,7,,,,,,6.74,23.8,27,rauljimenez,,
João Pedro,"FW,MF",FW,24.0,brBRA,Chelsea,Big5,34,2571,15,5,4,0,,,,71.21400000000001,28,15.0,,5,,,,,,7.18,28.6,30,joaopedro,João Pedro,80000000.0
Joelinton,MF,MF,29.0,brBRA,Newcastle United,Big5,27,1951,2,1,10,0,,,,32.116,11,2.4,,28,,,,,,6.95,21.7,23,joelinton,,
Brennan Johnson,"MF,FW",MF,24.0,wlsWAL,Crystal Palace,Big5,17,1067,0,1,4,0,,,,17.017,3,2.4,,2,,,,,,6.57,11.9,13,brennanjohnson,,
Karl-Johan Johnsson,GK,GK,36.0,seSWE,Strasbourg,Big5,1,90,0,0,0,0,,,,0.0,0,,,0,,,2.0,100.0,1.0,,1.0,1,karljohanjohnsson,,
Curtis Jones,"MF,DF",MF,25.0,engENG,Liverpool,Big5,32,1757,0,2,2,0,,,,18.915,6,2.8,,16,,,,,,6.96,19.5,16,curtisjones,,
Frenkie de Jong,MF,MF,29.0,nlNED,Barcelona,Big5,24,1607,1,5,4,1,,,,6.981,2,1.2,,17,,,,,,7.32,17.9,16,frenkiedejong,,
Josan,"MF,DF",MF,36.0,esESP,Elche,Big5,18,560,0,3,2,0,,,,2.976,1,0.3,,6,,,,,,,6.2,4,josan,,
Mateo Joseph,"MF,FW",MF,22.0,esESP,Mallorca,Big5,29,1699,2,3,2,0,,,,33.074999999999996,14,5.1,,13,,,,,,6.56,18.9,19,mateojoseph,,
Juanmi,"FW,MF",FW,32.0,esESP,Getafe,Big5,8,179,1,0,0,0,,,,2.02,1,0.1,,0,,,,,,,2.0,0,juanmi,,
Vinicius Júnior,"FW,MF",FW,25.0,brBRA,Real Madrid,Big5,34,2649,15,5,8,0,,,,95.844,45,13.6,,2,,,,,,7.65,29.4,30,viniciusjunior,Vinicius Junior,140000000.0
James Justin,"DF,MF",DF,28.0,engENG,Leeds United,Big5,27,1721,2,1,4,0,,,,21.965,6,1.7,,24,,,,,,7.05,19.1,19,jamesjustin,,
Mohamed Kaba,MF,MF,24.0,gnGUI,Nantes,Big5,12,918,0,2,2,0,,,,11.016,6,1.0,,14,,,,,,,10.2,11,mohamedkaba,,
Mohamed Kaba,MF,MF,24.0,gnGUI,Lecce,Big5,15,633,0,0,1,0,,,,8.96,4,0.5,,4,,,,,,,7.0,5,mohamedkaba,,
Christian Kabasele,DF,DF,35.0,beBEL,Udinese,Big5,28,2139,3,0,5,0,,,,9.044,6,1.3,,31,,,,,,6.78,23.8,26,christiankabasele,,
Pierre Kalulu,"DF,MF",DF,25.0,frFRA,Juventus,Big5,35,3101,2,4,3,1,,,,13.11,4,1.7,,24,,,,,,7.24,34.5,35,pierrekalulu,,
Daichi Kamada,MF,MF,29.0,jpJPN,Crystal Palace,Big5,26,1767,0,0,3,0,,,,18.032000000000004,4,1.7,,11,,,,,,6.84,19.6,20,daichikamada,,
Warren Kamanzi,MF,MF,25.0,noNOR,Toulouse,Big5,24,870,1,1,1,0,,,,12.027999999999999,2,0.9,,7,,,,,,6.53,9.7,7,warrenkamanzi,,
Abu Kamara,MF,MF,22.0,engENG,Getafe,Big5,12,256,0,0,1,0,,,,3.9479999999999995,1,0.5,,3,,,,,,,2.8,1,abukamara,,
Bingourou Kamara,GK,GK,29.0,snSEN,Lorient,Big5,3,270,0,0,0,0,,,,0.0,0,,,0,,,8.0,50.0,1.0,,3.0,3,bingouroukamara,,
Boubacar Kamara,MF,MF,26.0,frFRA,Aston Villa,Big5,18,1411,1,3,5,0,,,,7.0649999999999995,4,0.5,,15,,,,,,,15.7,17,boubacarkamara,,
Hassane Kamara,"MF,DF",MF,32.0,ciCIV,Udinese,Big5,25,1783,0,2,4,0,,,,16.038,5,0.6,,25,,,,,,6.91,19.8,21,hassanekamara,,
Adam Karabec,"MF,FW",MF,22.0,czCZE,Lyon,Big5,21,922,1,0,3,0,,,,8.975999999999999,5,1.7,,1,,,,,,,10.2,11,adamkarabec,,
Dermane Karim,MF,MF,22.0,tgTOG,Lorient,Big5,29,1341,1,2,3,0,,,,15.049000000000001,2,1.2,,10,,,,,,6.69,14.9,15,dermanekarim,,
Jesper Karlström,MF,MF,30.0,seSWE,Udinese,Big5,34,2998,1,0,5,0,,,,17.982,2,0.8,,35,,,,,,6.87,33.3,34,jesperkarlstrom,,
Jon Karrikaburu,FW,FW,23.0,esESP,Real Sociedad,Big5,7,135,0,0,0,0,,,,7.005,2,0.9,,0,,,,,,,1.5,0,jonkarrikaburu,,
Panos Katseris,"MF,DF",MF,24.0,grGRE,Lorient,Big5,15,657,1,2,3,0,,,,7.008,4,0.9,,10,,,,,,,7.3,7,panoskatseris,,
Michael Kayode,DF,DF,21.0,itITA,Brentford,Big5,35,3078,1,1,7,0,,,,8.892000000000001,3,1.2,,39,,,,,,7.01,34.2,35,michaelkayode,Michael Kayode,40000000.0
Moise Kean,FW,FW,26.0,itITA,Fiorentina,Big5,26,2036,8,1,4,0,,,,97.858,27,15.1,,7,,,,,,6.79,22.6,23,moisekean,,
Michael Keane,DF,DF,33.0,engENG,Everton,Big5,31,2411,3,0,1,1,,,,24.12,7,2.3,,34,,,,,,6.98,26.8,27,michaelkeane,,
Ilan Kebbal,"MF,FW",MF,27.0,dzALG,Paris FC,Big5,28,2198,9,4,7,0,,,,48.068,19,6.6,,7,,,,,,7.39,24.4,26,ilankebbal,,
Yassine Kechta,MF,MF,24.0,maMAR,Le Havre,Big5,29,1260,2,1,3,0,,,,20.02,8,1.7,,17,,,,,,6.51,14.0,13,yassinekechta,,
Thilo Kehrer,DF,DF,29.0,deGER,Monaco,Big5,27,2333,0,0,8,2,,,,16.058,1,1.6,,31,,,,,,6.96,25.9,27,thilokehrer,,
Mandela Keita,MF,MF,24.0,beBEL,Parma,Big5,35,2818,1,1,1,0,,,,15.024,4,0.7,,42,,,,,,6.94,31.3,34,mandelakeita,,
Caoimhín Kelleher,GK,GK,27.0,ieIRL,Brentford,Big5,35,3150,0,0,1,0,,,,0.0,0,,,1,,,95.0,68.7,10.0,6.93,35.0,35,caoimhinkelleher,,
Lloyd Kelly,DF,DF,27.0,engENG,Juventus,Big5,33,2826,1,1,4,0,,,,16.014,3,1.1,,14,,,,,,7.12,31.4,31,lloydkelly,,
Marc-Oliver Kempf,DF,DF,31.0,deGER,Como,Big5,32,2155,4,1,3,0,,,,21.032,6,2.8,,11,,,,,,7.01,23.9,25,marcoliverkempf,,
Milos Kerkez,DF,DF,22.0,huHUN,Liverpool,Big5,32,2159,2,1,4,0,,,,7.92,2,1.6,,14,,,,,,6.89,24.0,26,miloskerkez,,
Kevin,MF,MF,23.0,brBRA,Fulham,Big5,24,937,1,1,1,0,,,,22.984,10,1.2,,9,,,,,,6.62,10.4,8,kevin,,
Reda Khadra,FW,FW,24.0,deGER,Le Havre,Big5,8,229,0,0,0,0,,,,5.8999999999999995,3,0.2,,0,,,,,,,2.5,1,redakhadra,,
Abdukodir Khusanov,DF,DF,22.0,uzUZB,Manchester City,Big5,20,1342,0,0,2,0,,,,5.960000000000001,1,0.7,,28,,,,,,7.12,14.9,14,abdukodirkhusanov,Abdukodir Khusanov,50000000.0
Max Kilman,DF,DF,28.0,engENG,West Ham United,Big5,21,1561,0,0,4,0,,,,6.920000000000001,1,0.6,,6,,,,,,,17.3,17,maxkilman,,
Joshua King,MF,MF,19.0,engENG,Fulham,Big5,30,1265,1,2,4,0,,,,25.098,10,2.5,,3,,,,,,6.5,14.1,15,joshuaking,,
Antonín Kinský,GK,GK,23.0,czCZE,Tottenham Hotspur,Big5,5,450,0,0,0,0,,,,0.0,0,,,0,,,7.0,63.6,1.0,,5.0,5,antoninkinsky,,
Lukas Klostermann,DF,DF,29.0,deGER,RB Leipzig,Big5,5,95,0,1,0,0,,,,2.079,1,0.1,,1,,,,,,,1.1,1,lukasklostermann,,
Justin Kluivert,MF,MF,27.0,nlNED,Bournemouth,Big5,18,919,2,0,4,0,,,,16.014,4,2.3,,4,,,,,,6.53,10.2,10,justinkluivert,,
Ruben Kluivert,DF,DF,24.0,nlNED,Lyon,Big5,15,727,1,2,4,0,,,,0.972,1,0.5,,8,,,,,,,8.1,8,rubenkluivert,,
Ansgar Knauff,"MF,FW",MF,24.0,deGER,Eintracht Frankfurt,Big5,27,1252,4,1,3,0,,,,32.943000000000005,14,3.8,,9,,,,,,6.58,13.9,12,ansgarknauff,,
Robin Koch,DF,DF,29.0,deGER,Eintracht Frankfurt,Big5,31,2743,3,1,3,1,,,,14.030000000000001,5,1.4,,46,,,,,,6.88,30.5,31,robinkoch,,
Hervé Koffi,GK,GK,29.0,bfBFA,Angers,Big5,29,2610,0,0,1,0,,,,0.0,0,,,0,,,118.0,78.0,10.0,7.38,29.0,29,hervekoffi,,
Philipp Köhn,GK,GK,28.0,chSUI,Monaco,Big5,19,1621,0,0,1,0,,,,0.0,0,,,1,,,48.0,65.8,5.0,6.77,18.0,17,philippkohn,,
Sead Kolašinac,DF,DF,32.0,baBIH,Atalanta,Big5,18,1209,0,0,3,0,,,,2.948,0,0.2,,11,,,,,,,13.4,15,seadkolasinac,,
Luca Koleosho,MF,MF,21.0,itITA,Paris FC,Big5,15,531,3,0,0,0,,,,15.989,10,2.0,,3,,,,,,,5.9,3,lucakoleosho,,
Randal Kolo Muani,"FW,MF",FW,27.0,frFRA,Tottenham Hotspur,Big5,28,1578,1,1,3,0,,,,18.900000000000002,4,2.2,,2,,,,,,6.3,17.5,20,randalkolomuani,,
Timothée Kolodziejczak,DF,DF,34.0,frFRA,Paris FC,Big5,11,662,0,0,2,0,,,,1.0360000000000003,1,0.1,,7,,,,,,,7.4,7,timotheekolodziejczak,,
Ibrahima Konaté,DF,DF,26.0,frFRA,Liverpool,Big5,34,2912,1,0,6,0,,,,10.043999999999999,3,1.2,,28,,,,,,7.11,32.4,34,ibrahimakonate,Ibrahima Konaté,45000000.0
Geoffrey Kondogbia,"MF,DF",MF,33.0,cfCTA,Marseille,Big5,10,587,0,0,3,0,,,,3.965,1,0.3,,11,,,,,,,6.5,9,geoffreykondogbia,,
Ismaël Koné,MF,MF,23.0,caCAN,Sassuolo,Big5,33,2602,6,0,5,1,,,,19.941,10,5.2,,12,,,,,,6.91,28.9,31,ismaelkone,,
Ransford Königsdörffer,"FW,MF",FW,24.0,ghGHA,Hamburger SV,Big5,33,2329,5,1,2,0,,,,65.00899999999999,22,7.7,,6,,,,,,6.58,25.9,29,ransfordkonigsdorffer,,
Ezri Konsa,DF,DF,28.0,engENG,Aston Villa,Big5,33,2945,0,0,0,1,,,,11.118000000000002,2,1.3,,22,,,,,,6.75,32.7,33,ezrikonsa,,
Teun Koopmeiners,"DF,MF",DF,28.0,nlNED,Juventus,Big5,31,1761,0,0,5,0,,,,28.028000000000002,7,1.5,,18,,,,,,6.69,19.6,17,teunkoopmeiners,,
Ville Koski,DF,DF,24.0,fiFIN,Alavés,Big5,3,102,0,0,0,0,,,,0.0,0,0.0,,3,,,,,,,1.1,1,villekoski,,
Odilon Kossounou,DF,DF,25.0,ciCIV,Atalanta,Big5,19,988,1,0,1,0,,,,5.0600000000000005,1,0.4,,10,,,,,,,11.0,10,odilonkossounou,,
Filip Kostić,MF,MF,33.0,rsSRB,Juventus,Big5,18,479,3,1,1,0,,,,8.956999999999999,4,0.6,,4,,,,,,,5.3,4,filipkostic,,
Koffi Kouao,"DF,MF",DF,27.0,ciCIV,Metz,Big5,27,2265,2,1,10,0,,,,22.932,10,1.7,,28,,,,,,6.92,25.2,27,koffikouao,,
Arsène Kouassi,MF,MF,21.0,bfBFA,Lorient,Big5,30,2515,2,6,4,0,,,,8.091,5,0.6,,24,,,,,,7.17,27.9,29,arsenekouassi,,
Christ-Owen Kouassi,DF,DF,23.0,frFRA,Lecce,Big5,4,228,0,0,0,0,,,,0.0,0,,,1,,,,,,,2.5,3,christowenkouassi,,
Seny Koumbassa,DF,DF,18.0,frFRA,Toulouse,Big5,9,444,1,0,0,0,,,,2.9890000000000003,1,0.2,,4,,,,,,,4.9,4,senykoumbassa,,
Jules Koundé,DF,DF,27.0,frFRA,Barcelona,Big5,29,2171,1,3,5,0,,,,13.014000000000001,3,1.7,,30,,,,,,7.26,24.1,23,juleskounde,Jules Koundé,60000000.0
Goduine Koyalipou,FW,FW,26.0,cfCTA,Angers,Big5,12,591,2,0,0,0,,,,19.073999999999998,8,2.7,,1,,,,,,,6.6,6,goduinekoyalipou,,
Goduine Koyalipou,FW,FW,26.0,cfCTA,Levante,Big5,11,247,1,0,1,0,,,,9.828000000000001,4,1.0,,1,,,,,,,2.7,2,goduinekoyalipou,,
Vladyslav Krapyvtsov,GK,GK,20.0,uaUKR,Girona,Big5,2,136,0,0,0,0,,,,0.0,0,,,0,,,4.0,44.4,0.0,,1.5,1,vladyslavkrapyvtsov,,
Jean-Philippe Krasso,FW,FW,28.0,ciCIV,Paris FC,Big5,25,1092,2,2,0,0,,,,26.983,10,3.4,,1,,,,,,6.52,12.1,12,jeanphilippekrasso,,
Ladislav Krejčí,DF,DF,27.0,czCZE,Girona,Big5,2,180,0,0,1,0,,,,1.0,0,0.1,,1,,,,,,,2.0,2,ladislavkrejci,,
Rasmus Kristensen,"DF,MF",DF,28.0,dkDEN,Eintracht Frankfurt,Big5,21,1459,2,0,6,1,,,,15.066,6,0.7,,19,,,,,,7.06,16.2,18,rasmuskristensen,,
Thomas Kristensen,DF,DF,24.0,dkDEN,Udinese,Big5,26,2324,3,0,4,0,,,,11.094,6,1.0,,26,,,,,,6.98,25.8,26,thomaskristensen,,
Nikola Krstović,FW,FW,26.0,meMNE,Atalanta,Big5,32,1701,10,5,4,0,,,,96.012,33,14.0,,3,,,,,,7.03,18.9,17,nikolakrstovic,,
Takefusa Kubo,MF,MF,24.0,jpJPN,Real Sociedad,Big5,23,1447,2,4,2,0,,,,27.048000000000002,12,2.4,,8,,,,,,7.05,16.1,16,takefusakubo,,
Mohammed Kudus,"MF,FW",MF,25.0,ghGHA,Tottenham Hotspur,Big5,19,1535,2,5,3,0,,,,25.992,9,1.9,,3,,,,,,6.99,17.1,19,mohammedkudus,Mohammed Kudus,50000000.0
Nicolas-Gerrit Kühn,MF,MF,26.0,deGER,Como,Big5,23,665,1,1,0,0,,,,7.992000000000001,3,1.0,,5,,,,,,,7.4,6,nicolasgerritkuhn,,
Sandro Kulenović,FW,FW,26.0,hrCRO,Torino,Big5,12,294,0,1,2,0,,,,5.0489999999999995,2,0.7,,1,,,,,,,3.3,3,sandrokulenovic,,
Marash Kumbulla,DF,DF,26.0,alALB,Mallorca,Big5,8,439,0,0,1,0,,,,3.0380000000000003,0,0.1,,2,,,,,,,4.9,5,marashkumbulla,,
Khvicha Kvaratskhelia,FW,FW,25.0,geGEO,Paris Saint-Germain,Big5,27,1422,8,4,1,0,,,,64.938,29,7.9,,9,,,,,,7.3,15.8,17,khvichakvaratskhelia,Khvicha Kvaratskhelia,140000000.0
Giorgi Kvilitaia,FW,FW,32.0,geGEO,Metz,Big5,9,405,2,0,1,0,,,,9.0,7,1.0,,0,,,,,,,4.5,4,giorgikvilitaia,,
Godson Kyeremeh,FW,FW,25.0,frFRA,Le Havre,Big5,13,381,1,1,0,0,,,,5.9639999999999995,2,1.1,,0,,,,,,,4.2,3,godsonkyeremeh,,
Adrián de la Fuente,DF,DF,27.0,esESP,Levante,Big5,31,2531,3,1,5,0,,,,35.968,8,4.2,,47,,,,,,6.92,28.1,28,adriandelafuente,,
Maxence Lacroix,DF,DF,26.0,frFRA,Crystal Palace,Big5,34,3025,1,2,4,1,,,,23.855999999999998,7,2.4,,43,,,,,,7.04,33.6,34,maxencelacroix,Maxence Lacroix,50000000.0
Mayckel Lahdo,"FW,MF",FW,23.0,seSWE,Nantes,Big5,8,415,1,1,0,0,,,,2.9899999999999998,1,0.4,,0,,,,,,,4.6,5,mayckellahdo,,
Kenny Lala,DF,DF,34.0,mgMAD,Brest,Big5,31,2701,0,3,4,0,,,,8.100000000000001,1,0.2,,26,,,,,,6.59,30.0,30,kennylala,,
Noa Lang,"FW,MF",FW,26.0,nlNED,Napoli,Big5,18,666,1,2,2,0,,,,9.028,4,0.8,,2,,,,,,,7.4,7,noalang,,
Aymeric Laporte,DF,DF,31.0,esESP,Athletic Club,Big5,24,1968,0,1,3,0,,,,15.110999999999997,5,1.6,,24,,,,,,6.93,21.9,23,aymericlaporte,,
Hugo Larsson,MF,MF,21.0,seSWE,Eintracht Frankfurt,Big5,25,1812,2,2,0,0,,,,13.065000000000001,6,1.5,,27,,,,,,6.93,20.1,21,hugolarsson,,
Toni Lato,"DF,MF",DF,28.0,esESP,Mallorca,Big5,11,499,0,1,3,0,,,,0.0,0,,,5,,,,,,,5.5,6,tonilato,,
Josh Laurent,"DF,MF",DF,31.0,engENG,Burnley,Big5,32,1744,1,0,7,1,,,,14.937999999999999,4,0.9,,28,,,,,,6.31,19.4,18,joshlaurent,,
Armand Lauriente,FW,FW,27.0,frFRA,Sassuolo,Big5,36,2440,6,9,4,0,,,,65.85300000000001,24,3.8,,7,,,,,,6.96,27.1,31,armandlauriente,,
Roméo Lavia,MF,MF,22.0,beBEL,Chelsea,Big5,12,382,0,0,0,0,,,,2.9819999999999998,0,0.2,,5,,,,,,,4.2,4,romeolavia,,
Valentino Lazaro,MF,MF,30.0,atAUT,Torino,Big5,31,2252,0,2,4,0,,,,8.0,2,0.5,,22,,,,,,6.74,25.0,26,valentinolazaro,,
Manuel Lazzari,DF,DF,32.0,itITA,Lazio,Big5,21,917,0,0,2,0,,,,3.9779999999999998,2,0.2,,6,,,,,,,10.2,9,manuellazzari,,
Théo Le Bris,MF,MF,23.0,frFRA,Lorient,Big5,28,1893,2,2,0,0,,,,17.01,7,1.7,,17,,,,,,6.9,21.0,22,theolebris,,
Julien Le Cardinal,DF,DF,28.0,frFRA,Brest,Big5,5,328,1,0,1,0,,,,4.932,2,0.8,,3,,,,,,,3.6,3,julienlecardinal,,
Enzo Le Fée,"MF,FW",MF,26.0,frFRA,Sunderland,Big5,34,2751,4,5,5,0,,,,32.13,9,5.2,,26,,,,,,7.14,30.6,31,enzolefee,,
Raphael Le Guen,DF,DF,19.0,frFRA,Brest,Big5,5,285,0,0,0,0,,,,4.032,1,0.2,,11,,,,,,,3.2,3,raphaelleguen,,
Nicola Leali,GK,GK,33.0,itITA,Genoa,Big5,21,1757,0,0,2,1,,,,0.0,0,,,1,,,55.0,68.8,4.0,6.89,19.5,20,nicolaleali,,
Rafael Leão,FW,FW,26.0,ptPOR,Milan,Big5,28,1828,9,3,5,0,,,,62.93000000000001,24,9.9,,5,,,,,,7.05,20.3,23,rafaelleao,Rafael Leão,50000000.0
Pierre Lees-Melou,MF,MF,32.0,frFRA,Paris FC,Big5,21,1692,1,2,7,1,,,,25.944,6,1.3,,20,,,,,,7.15,18.8,19,pierreleesmelou,,
Jordan Lefort,DF,DF,32.0,mrMTN,Angers,Big5,33,2970,0,2,2,0,,,,10.89,2,0.5,,46,,,,,,6.8,33.0,33,jordanlefort,,
Florian Lejeune,DF,DF,34.0,frFRA,Rayo Vallecano,Big5,34,3050,1,1,6,0,,,,47.120999999999995,16,2.3,,45,,,,,,7.27,33.9,34,florianlejeune,,
Iñigo Lekue,DF,DF,33.0,esESP,Athletic Club,Big5,10,569,0,0,2,2,,,,2.961,1,0.1,,4,,,,,,,6.3,8,inigolekue,,
Thomas Lemar,MF,MF,30.0,frFRA,Girona,Big5,25,1210,3,1,3,0,,,,15.946,8,1.9,,4,,,,,,6.66,13.4,14,thomaslemar,,
Félix Lemaréchal,"MF,FW",MF,22.0,frFRA,Strasbourg,Big5,11,555,0,2,1,0,,,,10.044,2,0.9,,3,,,,,,,6.2,7,felixlemarechal,,
Bernd Leno,GK,GK,34.0,deGER,Fulham,Big5,36,3240,0,0,3,0,,,,0.0,0,,,1,,,94.0,66.7,8.0,6.84,36.0,36,berndleno,,
Donovan Léon,GK,GK,33.0,gfGUF,Auxerre,Big5,28,2370,0,0,0,2,,,,0.0,0,,,0,,,92.0,73.4,8.0,7.0,26.3,28,donovanleon,,
Esteban Lepaul,FW,FW,26.0,frFRA,Rennes,Big5,31,2421,19,5,3,0,,,,79.086,36,15.7,,3,,,,,,7.25,26.9,30,estebanlepaul,,
Johann Lepenant,MF,MF,23.0,frFRA,Nantes,Big5,27,2173,0,1,4,0,,,,21.931,7,0.9,,26,,,,,,6.92,24.1,23,johannlepenant,,
Mehdi Léris,MF,MF,27.0,dzALG,Pisa,Big5,32,1761,2,3,2,0,,,,24.108,7,1.6,,18,,,,,,6.83,19.6,19,mehdileris,,
Jefferson Lerma,"MF,DF",MF,31.0,coCOL,Crystal Palace,Big5,29,1626,0,2,6,0,,,,19.005000000000003,7,1.8,,21,,,,,,6.73,18.1,17,jeffersonlerma,,
Louis Leroux,"MF,DF",MF,20.0,frFRA,Nantes,Big5,23,1441,1,1,2,0,,,,15.04,3,1.7,,5,,,,,,6.61,16.0,16,louisleroux,,
Robert Lewandowski,FW,FW,37.0,plPOL,Barcelona,Big5,29,1490,13,2,2,0,,,,60.092000000000006,28,14.1,,3,,,,,,6.95,16.6,15,robertlewandowski,,
Rico Lewis,DF,DF,21.0,engENG,Manchester City,Big5,10,317,0,1,1,0,,,,1.9949999999999999,0,0.2,,7,,,,,,,3.5,3,ricolewis,,
Keane Lewis-Potter,"DF,MF",DF,25.0,engENG,Brentford,Big5,34,1794,3,3,1,0,,,,27.859999999999996,9,3.0,,8,,,,,,6.67,19.9,20,keanelewispotter,,
Myles Lewis-Skelly,"MF,DF",MF,19.0,engENG,Arsenal,Big5,18,601,0,0,3,0,,,,2.01,0,0.1,,4,,,,,,,6.7,4,myleslewisskelly,Myles Lewis-Skelly,45000000.0
Luca Lipani,MF,MF,20.0,itITA,Sassuolo,Big5,22,924,0,1,3,0,,,,12.051,3,0.9,,12,,,,,,6.47,10.3,9,lucalipani,,
Adrián Liso,"FW,MF",FW,21.0,esESP,Getafe,Big5,27,1621,3,0,5,1,,,,25.919999999999998,10,2.1,,4,,,,,,6.34,18.0,20,adrianliso,,
Joseph Liteta,MF,MF,20.0,zmZAM,Cagliari,Big5,4,264,0,0,0,0,,,,0.0,0,,,8,,,,,,,2.9,4,josephliteta,,
Valentino Livramento,DF,DF,23.0,engENG,Newcastle United,Big5,17,1328,0,1,1,0,,,,2.9600000000000004,0,0.1,,2,,,,,,,14.8,14,valentinolivramento,,
Diego Llorente,DF,DF,32.0,esESP,Real Betis,Big5,17,1139,1,0,5,0,,,,3.0479999999999996,2,0.9,,27,,,,,,,12.7,13,diegollorente,,
Gautier Lloris,DF,DF,30.0,frFRA,Le Havre,Big5,28,2308,1,1,2,1,,,,12.032,4,0.9,,43,,,,,,6.96,25.6,27,gautierlloris,,
Giovani Lo Celso,MF,MF,30.0,arARG,Real Betis,Big5,22,1311,2,3,4,0,,,,29.054,11,2.5,,6,,,,,,7.02,14.6,14,giovanilocelso,,
Stanislav Lobotka,MF,MF,31.0,skSVK,Napoli,Big5,30,2305,1,1,3,0,,,,7.936,4,0.5,,15,,,,,,7.06,25.6,27,stanislavlobotka,,
Manuel Locatelli,MF,MF,28.0,itITA,Juventus,Big5,34,2814,1,2,9,0,,,,41.003,11,2.8,,36,,,,,,7.56,31.3,34,manuellocatelli,,
Bradley Locko,DF,DF,24.0,frFRA,Brest,Big5,20,1277,0,2,0,0,,,,1.988,1,0.1,,9,,,,,,6.8,14.2,14,bradleylocko,,
Ruben Loftus-Cheek,"MF,FW",MF,30.0,engENG,Milan,Big5,27,1127,3,1,2,0,,,,28.999999999999996,6,3.2,,5,,,,,,6.61,12.5,12,rubenloftuscheek,,
Sean Longstaff,MF,MF,28.0,engENG,Leeds United,Big5,22,980,2,2,2,0,,,,16.023,4,1.2,,12,,,,,,,10.9,10,seanlongstaff,,
Ademola Lookman,"FW,MF",FW,28.0,ngNGA,Atalanta,Big5,12,795,2,0,0,0,,,,26.928000000000004,8,2.7,,3,,,,,,,8.8,9,ademolalookman,,
Anthony Lopes,GK,GK,35.0,ptPOR,Nantes,Big5,31,2788,0,0,4,0,,,,1.8599999999999999,0,0.1,,1,,,97.0,68.3,6.0,6.8,31.0,31,anthonylopes,,
David López,DF,DF,36.0,esESP,Girona,Big5,4,203,0,0,0,0,,,,1.012,1,0.6,,0,,,,,,,2.3,2,davidlopez,,
David López,DF,DF,23.0,esESP,Mallorca,Big5,13,792,0,0,2,0,,,,3.9600000000000004,0,0.3,,9,,,,,,,8.8,8,davidlopez,,
Fermin López,MF,MF,23.0,esESP,Barcelona,Big5,29,1752,6,9,3,0,,,,65.13,23,7.0,,6,,,,,,7.33,19.5,18,ferminlopez,Fermín López,100000000.0
Maxime Lopez,MF,MF,28.0,frFRA,Paris FC,Big5,25,1936,0,3,10,0,,,,12.040000000000001,6,1.4,,11,,,,,,6.95,21.5,22,maximelopez,,
Pau López,GK,GK,31.0,esESP,Real Betis,Big5,9,810,0,0,1,0,,,,0.0,0,,,0,,,29.0,71.8,2.0,,9.0,9,paulopez,,
Unai López,MF,MF,30.0,esESP,Rayo Vallecano,Big5,26,1507,0,4,7,1,,,,21.877,4,0.9,,19,,,,,,6.93,16.7,18,unailopez,,
Lorran,FW,FW,19.0,brBRA,Pisa,Big5,9,122,1,0,0,0,,,,3.094,1,1.0,,3,,,,,,,1.4,0,lorran,,
Iker Losada,MF,MF,24.0,esESP,Levante,Big5,21,825,3,1,1,0,,,,14.075999999999999,4,1.7,,9,,,,,,6.62,9.2,9,ikerlosada,,
Tom Louchet,MF,MF,23.0,frFRA,Nice,Big5,26,1363,3,2,1,1,,,,20.988999999999997,6,3.0,,9,,,,,,6.73,15.1,14,tomlouchet,,
Marius Louer,DF,DF,19.0,frFRA,Angers,Big5,9,543,0,0,1,0,,,,0.0,0,,,2,,,,,,,6.0,6,mariuslouer,,
Felipe Loyola,MF,MF,25.0,clCHI,Pisa,Big5,10,508,1,0,0,1,,,,7.951999999999999,1,0.8,,6,,,,,,,5.6,6,felipeloyola,,
Pol Lozano,MF,MF,26.0,esESP,Espanyol,Big5,32,2103,2,1,11,1,,,,17.081999999999997,5,0.8,,23,,,,,,6.55,23.4,27,pollozano,,
Lorenzo Lucca,FW,FW,25.0,itITA,Napoli,Big5,16,408,1,0,1,0,,,,14.895,5,1.3,,0,,,,,,,4.5,4,lorenzolucca,,
Lorenzo Lucca,FW,FW,25.0,itITA,Nottingham Forest,Big5,4,129,1,0,0,0,,,,3.9059999999999997,1,0.8,,1,,,,,,,1.4,1,lorenzolucca,,
Jhon Lucumí,DF,DF,27.0,coCOL,Bologna,Big5,28,2197,1,0,5,0,,,,8.052,2,1.0,,29,,,,,,6.96,24.4,25,jhonlucumi,,
José Luis Morales,MF,MF,38.0,esESP,Levante,Big5,20,363,1,1,1,0,,,,10.92,4,2.2,,3,,,,,,,4.0,1,joseluismorales,,
Douglas Luiz,MF,MF,28.0,brBRA,Aston Villa,Big5,11,531,1,0,1,0,,,,6.018000000000001,4,0.5,,6,,,,,,,5.9,6,douglasluiz,,
Castello Lukeba,DF,DF,23.0,frFRA,RB Leipzig,Big5,25,2086,1,0,3,0,,,,8.12,2,1.2,,31,,,,,,7.12,23.2,23,castellolukeba,Castello Lukeba,50000000.0
Dodi Lukebakio,MF,MF,28.0,beBEL,Sevilla,Big5,2,180,1,0,0,0,,,,2.0,1,0.1,,1,,,,,,,2.0,2,dodilukebakio,,
Saša Lukić,MF,MF,29.0,rsSRB,Fulham,Big5,25,1644,1,2,9,0,,,,18.117,6,2.3,,14,,,,,,6.81,18.3,19,sasalukic,,
Andriy Lunin,GK,GK,27.0,uaUKR,Real Madrid,Big5,6,540,0,0,0,1,,,,0.0,0,,,0,,,16.0,69.6,1.0,,6.0,6,andriylunin,,
Sebastiano Luperto,DF,DF,29.0,itITA,Cremonese,Big5,13,1127,0,1,1,0,,,,3.0,1,0.7,,10,,,,,,6.6,12.5,13,sebastianoluperto,,
Mateus Lusuardi,DF,DF,22.0,brBRA,Pisa,Big5,3,198,0,0,1,0,,,,4.0040000000000004,0,0.1,,0,,,,,,,2.2,3,mateuslusuardi,,
Zito Luvumbo,"FW,MF",FW,24.0,aoANG,Mallorca,Big5,9,440,0,2,2,0,,,,7.007000000000001,6,0.6,,0,,,,,,,4.9,5,zitoluvumbo,,
Zito Luvumbo,"MF,FW",MF,24.0,aoANG,Cagliari,Big5,12,329,0,0,0,0,,,,12.136,6,1.1,,1,,,,,,,3.7,2,zitoluvumbo,,
Ian Maatsen,DF,DF,24.0,nlNED,Aston Villa,Big5,28,1509,0,1,2,0,,,,18.983999999999998,5,1.3,,16,,,,,,6.79,16.8,16,ianmaatsen,,
Alexis Mac Allister,MF,MF,27.0,arARG,Liverpool,Big5,35,2478,2,4,6,0,,,,47.025,11,3.9,,17,,,,,,6.89,27.5,29,alexismacallister,Alexis Mac Allister,70000000.0
Deiver Machado,"DF,MF",DF,32.0,coCOL,Nantes,Big5,14,907,0,1,2,0,,,,6.968999999999999,1,0.8,,8,,,,,,6.54,10.1,12,deivermachado,,
Lanroy Machine,FW,FW,20.0,frFRA,Angers,Big5,21,506,1,0,1,0,,,,14.951999999999998,4,1.7,,0,,,,,,,5.6,3,lanroymachine,,
Brian Madjo,FW,FW,17.0,luLUX,Metz,Big5,5,157,0,0,0,0,,,,2.924,1,0.3,,0,,,,,,,1.7,2,brianmadjo,,
Noni Madueke,"FW,MF",FW,24.0,engENG,Arsenal,Big5,25,1129,2,1,0,0,,,,20.875,7,1.2,,5,,,,,,6.72,12.5,15,nonimadueke,Noni Madueke,50000000.0
Pablo Maffeo,DF,DF,28.0,esESP,Mallorca,Big5,29,2482,1,1,11,0,,,,6.9,1,0.4,,32,,,,,,7.07,27.6,28,pablomaffeo,,
Soungoutou Magassa,MF,MF,22.0,frFRA,West Ham United,Big5,22,981,1,0,4,0,,,,6.976,2,0.4,,17,,,,,,,10.9,11,soungoutoumagassa,,
Hugo Magnetti,MF,MF,27.0,frFRA,Brest,Big5,32,2670,1,1,4,1,,,,21.087,5,0.7,,44,,,,,,6.87,29.7,31,hugomagnetti,,
Frank Magri,"FW,MF",FW,26.0,cmCMR,Toulouse,Big5,17,1253,5,1,3,0,,,,32.943000000000005,12,4.5,,3,,,,,,6.72,13.9,16,frankmagri,,
Mike Maignan,GK,GK,30.0,frFRA,Milan,Big5,35,3115,0,0,3,0,,,,0.0,0,,,1,,,96.0,77.7,14.0,7.25,34.6,35,mikemaignan,,
Ainsley Maitland-Niles,"DF,MF",DF,28.0,engENG,Lyon,Big5,29,2438,1,4,7,1,,,,14.092,7,2.4,,33,,,,,,6.89,27.1,27,ainsleymaitlandniles,,
Hamidou Makalou,MF,MF,19.0,mlMLI,Brest,Big5,16,251,0,0,0,0,,,,3.024,0,0.2,,4,,,,,,,2.8,1,hamidoumakalou,,
Jean-Victor Makengo,MF,MF,27.0,frFRA,Lorient,Big5,30,1734,4,2,2,0,,,,37.056,14,3.1,,14,,,,,,6.87,19.3,22,jeanvictormakengo,,
Andrija Maksimović,FW,FW,18.0,rsSRB,RB Leipzig,Big5,8,93,0,0,0,0,,,,1.94,0,0.1,,0,,,,,,,1.0,0,andrijamaksimovic,,
Daniel Maldini,FW,FW,24.0,itITA,Lazio,Big5,10,638,2,1,0,0,,,,12.993,4,3.2,,3,,,,,,,7.1,9,danielmaldini,,
Youssef Maleh,MF,MF,27.0,maMAR,Cremonese,Big5,12,1004,1,0,2,1,,,,13.104,2,1.0,,8,,,,,,6.4,11.2,12,youssefmaleh,,
Donyell Malen,"FW,MF",FW,27.0,nlNED,Aston Villa,Big5,21,656,4,1,0,0,,,,27.01,9,4.1,,0,,,,,,,7.3,5,donyellmalen,Donyell Malen,45000000.0
Donyell Malen,FW,FW,27.0,nlNED,Roma,Big5,16,1302,13,2,1,0,,,,65.105,28,14.2,,3,,,,,,,14.5,16,donyellmalen,Donyell Malen,45000000.0
Giorgi Mamardashvili,GK,GK,25.0,geGEO,Liverpool,Big5,9,777,0,0,0,0,,,,0.0,0,,,1,,,28.0,67.5,2.0,,8.6,9,giorgimamardashvili,,
Felix Mambimbi,"FW,MF",FW,25.0,chSUI,Le Havre,Big5,16,524,1,0,1,0,,,,5.974,2,0.7,,4,,,,,,,5.8,7,felixmambimbi,,
Aitor Mañas,FW,FW,23.0,esESP,Alavés,Big5,8,99,0,0,0,0,,,,2.0020000000000002,1,0.7,,1,,,,,,,1.1,0,aitormanas,,
Gianluca Mancini,DF,DF,30.0,itITA,Roma,Big5,34,2887,2,2,9,0,,,,17.976000000000003,6,2.5,,42,,,,,,7.21,32.1,34,gianlucamancini,,
Aïssa Mandi,DF,DF,34.0,dzALG,Lille,Big5,28,2334,1,0,8,0,,,,13.986,4,1.2,,43,,,,,,7.21,25.9,27,aissamandi,,
Rolando Mandragora,MF,MF,28.0,itITA,Fiorentina,Big5,32,2304,6,3,7,0,,,,60.928,16,4.7,,15,,,,,,7.03,25.6,29,rolandomandragora,,
Orel Mangala,MF,MF,28.0,beBEL,Lyon,Big5,8,344,0,0,0,0,,,,3.9899999999999998,1,0.2,,4,,,,,,,3.8,4,orelmangala,,
Sekou Mara,FW,FW,23.0,frFRA,Auxerre,Big5,26,1145,3,2,0,0,,,,32.004,12,3.1,,3,,,,,,6.52,12.7,13,sekoumara,,
Alessandro Marcandalli,DF,DF,23.0,itITA,Genoa,Big5,30,2425,0,2,4,0,,,,2.959,2,0.3,,17,,,,,,6.75,26.9,27,alessandromarcandalli,,
Marcão,DF,DF,29.0,brBRA,Sevilla,Big5,13,938,1,0,5,1,,,,9.984,2,0.7,,4,,,,,,,10.4,11,marcao,,
Vincent Marchetti,MF,MF,28.0,frFRA,Paris FC,Big5,22,811,2,1,1,0,,,,23.94,7,2.2,,5,,,,,,,9.0,9,vincentmarchetti,,
Pablo Marí,DF,DF,32.0,esESP,Fiorentina,Big5,11,808,0,0,3,0,,,,1.98,0,0.0,,19,,,,,,,9.0,9,pablomari,,
Luca Marianucci,DF,DF,21.0,itITA,Torino,Big5,9,530,0,0,2,0,,,,1.0030000000000001,0,0.0,,8,,,,,,,5.9,5,lucamarianucci,,
Marius Marin,MF,MF,27.0,roROU,Pisa,Big5,23,1281,0,0,7,0,,,,2.9819999999999998,0,0.1,,14,,,,,,6.48,14.2,18,mariusmarin,,
Pablo Marín,MF,MF,22.0,esESP,Real Sociedad,Big5,31,1332,0,1,2,0,,,,13.024000000000001,4,1.2,,6,,,,,,6.36,14.8,14,pablomarin,,
Rafa Marín,DF,DF,23.0,esESP,Villarreal,Big5,21,1799,1,0,1,0,,,,5.0,1,0.4,,20,,,,,,7.03,20.0,19,rafamarin,,
Renato Marin,GK,GK,19.0,itITA,Paris Saint-Germain,Big5,2,180,0,0,0,0,,,,0.0,0,,,0,,,3.0,60.0,1.0,,2.0,2,renatomarin,,
Guillermo Maripán,DF,DF,32.0,clCHI,Torino,Big5,26,2100,2,0,3,0,,,,17.941000000000003,8,1.6,,27,,,,,,6.82,23.3,24,guillermomaripan,,
Omar Marmoush,"FW,MF",FW,27.0,egEGY,Manchester City,Big5,20,685,3,3,3,0,,,,28.956,9,2.7,,2,,,,,,,7.6,8,omarmarmoush,Omar Marmoush,50000000.0
Marquinhos,DF,DF,32.0,brBRA,Paris Saint-Germain,Big5,13,962,0,0,0,0,,,,2.033,0,0.1,,6,,,,,,,10.7,10,marquinhos,,
Aarón Martín,"MF,DF",MF,29.0,esESP,Genoa,Big5,31,2096,1,5,2,0,,,,10.951,4,1.3,,10,,,,,,6.99,23.3,25,aaronmartin,,
Carlos Martín,"MF,FW",MF,24.0,esESP,Rayo Vallecano,Big5,9,396,0,0,1,0,,,,6.996000000000001,3,1.3,,0,,,,,,,4.4,6,carlosmartin,,
Gerard Martín,DF,DF,24.0,esESP,Barcelona,Big5,30,1939,0,0,6,0,,,,6.0200000000000005,3,0.2,,29,,,,,,7.23,21.5,24,gerardmartin,,
Iván Martín,MF,MF,27.0,esESP,Girona,Big5,32,2296,0,1,5,1,,,,11.985,5,0.9,,16,,,,,,6.87,25.5,26,ivanmartin,,
Jon Martin,DF,DF,20.0,esESP,Real Sociedad,Big5,23,2070,1,0,5,0,,,,14.03,4,2.0,,34,,,,,,6.95,23.0,23,jonmartin,,
Mario Martín,"MF,FW",MF,22.0,esESP,Getafe,Big5,33,1953,2,1,11,0,,,,26.04,6,2.6,,15,,,,,,6.35,21.7,24,mariomartin,,
Gabriel Martinelli,"FW,MF",FW,24.0,brBRA,Arsenal,Big5,28,990,1,3,3,0,,,,28.049999999999997,12,4.0,,1,,,,,,6.53,11.0,10,gabrielmartinelli,Gabriel Martinelli,45000000.0
Arnau Martinez,"DF,MF",DF,23.0,esESP,Girona,Big5,32,2443,1,2,6,0,,,,15.989,2,1.6,,34,,,,,,7.06,27.1,30,arnaumartinez,,
Emiliano Martínez,GK,GK,33.0,arARG,Aston Villa,Big5,31,2745,0,1,2,0,,,,0.0,0,,,0,,,92.0,71.1,8.0,7.07,30.5,31,emilianomartinez,,
Pablo Martínez,MF,MF,28.0,esESP,Levante,Big5,25,1682,1,4,3,0,,,,28.049999999999997,4,1.9,,18,,,,,,6.82,18.7,19,pablomartinez,,
Ramón Martínez,DF,DF,23.0,esESP,Sevilla,Big5,2,102,0,0,0,0,,,,0.0,0,,,1,,,,,,,1.1,0,ramonmartinez,,
Toni Martínez,FW,FW,28.0,esESP,Alavés,Big5,35,2543,12,3,2,0,,,,89.145,33,11.2,,4,,,,,,7.03,28.3,30,tonimartinez,,
Adam Marušić,DF,DF,33.0,meMNE,Lazio,Big5,31,2610,1,2,1,1,,,,13.92,7,1.3,,32,,,,,,6.82,29.0,30,adammarusic,,
Omar Mascarell,"MF,DF",MF,33.0,gqEQG,Mallorca,Big5,29,2187,2,2,5,0,,,,7.047,3,0.3,,35,,,,,,6.74,24.3,25,omarmascarell,,
Adam Masina,DF,DF,32.0,maMAR,Torino,Big5,5,235,0,1,0,0,,,,0.0,0,,,5,,,,,,,2.6,2,adammasina,,
Patrizio Masini,MF,MF,25.0,itITA,Genoa,Big5,27,1331,0,1,5,0,,,,15.984000000000002,4,1.9,,26,,,,,,6.77,14.8,12,patriziomasini,,
Franco Mastantuono,"MF,FW",MF,18.0,arARG,Real Madrid,Big5,20,867,1,0,5,1,,,,26.88,6,3.1,,2,,,,,,6.71,9.6,9,francomastantuono,Franco Mastantuono,45000000.0
Arthur Masuaku,DF,DF,32.0,cdCOD,Sunderland,Big5,3,126,0,0,1,0,,,,0.9939999999999999,0,0.1,,2,,,,,,,1.4,2,arthurmasuaku,,
Arthur Masuaku,DF,DF,32.0,cdCOD,Lens,Big5,3,137,0,0,1,0,,,,0.99,1,0.0,,1,,,,,,,1.5,2,arthurmasuaku,,
Clinton Mata,DF,DF,33.0,aoANG,Lyon,Big5,31,2743,0,0,5,0,,,,4.88,0,0.1,,26,,,,,,6.8,30.5,31,clintonmata,,
Jean-Philippe Mateta,FW,FW,28.0,frFRA,Crystal Palace,Big5,30,2174,11,0,2,0,,,,62.193999999999996,31,14.5,,6,,,,,,6.68,24.2,25,jeanphilippemateta,,
Nemanja Matić,MF,MF,37.0,rsSRB,Sassuolo,Big5,32,2572,1,1,7,1,,,,10.868,4,0.4,,25,,,,,,6.9,28.6,30,nemanjamatic,,
Rudy Matondo,MF,MF,18.0,frFRA,Paris FC,Big5,10,667,2,0,1,1,,,,8.954,5,1.0,,5,,,,,,6.52,7.4,7,rudymatondo,,
Alan Matturro,DF,DF,21.0,uyURU,Levante,Big5,19,947,1,1,0,1,,,,7.98,1,0.6,,6,,,,,,,10.5,10,alanmatturro,,
Neal Maupay,FW,FW,29.0,frFRA,Sevilla,Big5,10,786,2,1,1,0,,,,12.963,6,1.8,,1,,,,,,,8.7,9,nealmaupay,,
Konstantinos Mavropanos,DF,DF,28.0,grGRE,West Ham United,Big5,29,2354,3,0,2,0,,,,22.008,8,2.6,,44,,,,,,6.92,26.2,25,konstantinosmavropanos,,
Christian Mawissa,"DF,MF",DF,21.0,frFRA,Monaco,Big5,17,1101,0,0,3,0,,,,0.976,1,0.3,,15,,,,,,6.99,12.2,12,christianmawissa,,
Eliezer Mayenda,"FW,MF",FW,21.0,esESP,Sunderland,Big5,20,759,2,0,0,0,,,,12.936000000000002,6,2.1,,1,,,,,,,8.4,8,eliezermayenda,,
Ezra Mayers,DF,DF,19.0,bbBRB,West Ham United,Big5,6,117,0,0,0,0,,,,1.0010000000000001,0,0.1,,1,,,,,,,1.3,0,ezramayers,,
Borja Mayoral,FW,FW,29.0,esESP,Getafe,Big5,16,1058,4,1,0,0,,,,15.104000000000001,7,3.1,,4,,,,,,,11.8,12,borjamayoral,,
Senny Mayulu,"MF,FW",MF,19.0,frFRA,Paris Saint-Germain,Big5,25,1639,4,4,2,0,,,,34.943999999999996,11,4.1,,12,,,,,,7.19,18.2,21,sennymayulu,Senny Mayulu,40000000.0
Luca Mazzitelli,MF,MF,30.0,itITA,Cagliari,Big5,18,767,2,2,3,0,,,,14.96,5,0.7,,10,,,,,,,8.5,9,lucamazzitelli,,
Pasquale Mazzocchi,MF,MF,30.0,itITA,Napoli,Big5,14,296,0,0,0,1,,,,2.013,1,0.0,,4,,,,,,,3.3,2,pasqualemazzocchi,,
Nathan Mbala,"MF,FW",MF,18.0,,Metz,Big5,13,441,2,2,0,0,,,,14.994000000000002,4,0.8,,1,,,,,,,4.9,4,nathanmbala,,
Ethan Mbappé,"MF,FW",MF,19.0,frFRA,Lille,Big5,17,522,3,1,1,0,,,,13.978,7,1.5,,1,,,,,,,5.8,4,ethanmbappe,,
Kylian Mbappé,FW,FW,27.0,frFRA,Real Madrid,Big5,28,2397,24,4,4,0,,,,131.936,61,23.9,,3,,,,,,8.02,26.6,27,kylianmbappe,Kylian Mbappé,180000000.0
Ibrahim Mbaye,"FW,MF",FW,18.0,snSEN,Paris Saint-Germain,Big5,23,973,3,2,0,0,,,,23.004,10,3.3,,4,,,,,,6.83,10.8,10,ibrahimmbaye,,
Malick Mbaye,MF,MF,22.0,snSEN,Metz,Big5,5,300,0,0,1,0,,,,1.9799999999999998,1,0.1,,3,,,,,,,3.3,3,malickmbaye,,
Chancel Mbemba,DF,DF,31.0,cdCOD,Lille,Big5,13,954,0,0,3,0,,,,6.996,3,0.5,,13,,,,,,,10.6,9,chancelmbemba,,
Pathé Mboup,MF,MF,22.0,snSEN,Brest,Big5,27,973,1,0,6,0,,,,20.952,10,3.1,,12,,,,,,6.34,10.8,8,pathemboup,,
James Mcatee,MF,MF,23.0,engENG,Nottingham Forest,Big5,12,278,0,1,1,0,,,,3.999,0,0.2,,3,,,,,,,3.1,2,jamesmcatee,,
John McGinn,MF,MF,31.0,sctSCO,Aston Villa,Big5,28,2043,4,4,4,0,,,,26.104999999999997,10,3.0,,12,,,,,,7.0,22.7,27,johnmcginn,,
Weston McKennie,MF,MF,27.0,usUSA,Juventus,Big5,34,2655,5,5,5,0,,,,41.89,15,7.5,,23,,,,,,7.22,29.5,30,westonmckennie,,
Mark McKenzie,DF,DF,27.0,usUSA,Toulouse,Big5,29,2404,0,2,7,1,,,,5.874,1,0.3,,25,,,,,,6.88,26.7,27,markmckenzie,,
Dwight McNeil,MF,MF,26.0,engENG,Everton,Big5,21,1165,0,1,1,0,,,,23.865000000000002,5,1.4,,10,,,,,,6.62,12.9,14,dwightmcneil,,
Scott McTominay,MF,MF,29.0,sctSCO,Napoli,Big5,31,2611,9,3,1,0,,,,95.99,33,11.0,,22,,,,,,7.3,29.0,29,scottmctominay,,
Facundo Medina,DF,DF,26.0,arARG,Marseille,Big5,16,1275,0,1,7,0,,,,3.976,1,0.3,,21,,,,,,,14.2,15,facundomedina,,
Jonas Meffert,MF,MF,31.0,deGER,Hamburger SV,Big5,4,145,0,0,0,0,,,,0.0,0,,,1,,,,,,,1.6,1,jonasmeffert,,
Henrik Meister,FW,FW,22.0,dkDEN,Pisa,Big5,27,1484,2,0,2,0,,,,19.965,8,3.6,,0,,,,,,6.11,16.5,15,henrikmeister,,
Bamo Meïté,DF,DF,24.0,ciCIV,Lorient,Big5,24,1961,0,3,5,0,,,,8.066,1,0.8,,13,,,,,,6.8,21.8,22,bamomeite,,
Hannibal Mejbri,MF,MF,23.0,tnTUN,Burnley,Big5,25,1095,1,4,8,0,,,,16.104,4,0.9,,7,,,,,,6.64,12.2,13,hannibalmejbri,,
Nuno Mendes,DF,DF,23.0,ptPOR,Paris Saint-Germain,Big5,20,1256,4,5,1,0,,,,30.099999999999998,15,4.3,,14,,,,,,7.53,14.0,13,nunomendes,Nuno Mendes,80000000.0
Brais Méndez,"MF,FW",MF,29.0,esESP,Real Sociedad,Big5,28,1604,6,2,4,1,,,,35.956,16,5.8,,7,,,,,,6.95,17.8,20,braismendez,,
Antoine Mendy,DF,DF,21.0,snSEN,Nice,Big5,24,2007,1,0,5,0,,,,16.056,7,2.2,,18,,,,,,6.81,22.3,23,antoinemendy,,
Batista Mendy,MF,MF,26.0,frFRA,Sevilla,Big5,27,1617,1,0,6,0,,,,17.099999999999998,5,1.1,,18,,,,,,6.65,18.0,19,batistamendy,,
Ferland Mendy,DF,DF,30.0,frFRA,Real Madrid,Big5,5,207,0,0,0,0,,,,0.0,0,,,2,,,,,,,2.3,3,ferlandmendy,,
Formose Mendy,DF,DF,25.0,snSEN,Lorient,Big5,2,135,0,0,1,0,,,,0.0,0,,,3,,,,,,,1.5,2,formosemendy,,
Nobel Mendy,DF,DF,21.0,snSEN,Rayo Vallecano,Big5,22,1617,2,0,9,2,,,,10.98,3,1.6,,23,,,,,,6.8,18.0,20,nobelmendy,,
Paul Mendy,FW,FW,19.0,snSEN,Cagliari,Big5,7,237,2,0,0,0,,,,9.879999999999999,2,1.9,,1,,,,,,,2.6,2,paulmendy,,
Gideon Mensah,DF,DF,27.0,ghGHA,Auxerre,Big5,29,2237,0,1,8,0,,,,0.996,0,0.0,,23,,,,,,7.01,24.9,25,gideonmensah,,
Khalis Merah,"MF,FW",MF,19.0,frFRA,Lyon,Big5,22,1130,0,1,2,0,,,,6.048,3,1.0,,6,,,,,,6.66,12.6,15,khalismerah,,
Alex Meret,GK,GK,29.0,itITA,Napoli,Big5,9,810,0,1,1,0,,,,0.0,0,,,0,,,17.0,63.0,2.0,,9.0,9,alexmeret,,
Mikel Merino,"MF,FW",MF,29.0,esESP,Arsenal,Big5,21,1007,4,3,1,0,,,,21.055999999999997,8,3.4,,9,,,,,,6.93,11.2,10,mikelmerino,,
Quentin Merlin,"DF,MF",DF,23.0,frFRA,Rennes,Big5,32,2443,1,5,2,0,,,,24.932000000000002,7,1.3,,27,,,,,,7.14,27.1,26,quentinmerlin,,
Rafik Messali,MF,MF,23.0,frFRA,Toulouse,Big5,12,502,0,0,2,0,,,,0.0,0,,,12,,,,,,,5.6,5,rafikmessali,,
Junior Messias,MF,MF,35.0,brBRA,Genoa,Big5,20,685,3,1,1,0,,,,19.0,7,1.9,,5,,,,,,6.79,7.6,5,juniormessias,,
Dayann Methalie,MF,MF,20.0,frFRA,Toulouse,Big5,27,1871,2,1,9,0,,,,14.975999999999999,7,0.9,,23,,,,,,6.6,20.8,22,dayannmethalie,,
Thomas Meunier,DF,DF,34.0,beBEL,Lille,Big5,25,1909,2,2,3,0,,,,19.08,5,1.3,,17,,,,,,7.11,21.2,21,thomasmeunier,,
Lucas Michal,MF,MF,20.0,frFRA,Metz,Big5,9,212,0,0,1,0,,,,7.128,2,0.8,,0,,,,,,,2.4,2,lucasmichal,,
Georges Mikautadze,FW,FW,25.0,geGEO,Villarreal,Big5,31,2021,12,6,1,0,,,,62.099999999999994,29,11.4,,5,,,,,,7.12,22.5,22,georgesmikautadze,,
Georges Mikautadze,FW,FW,25.0,geGEO,Lyon,Big5,2,179,1,0,0,0,,,,10.06,4,1.1,,1,,,,,,,2.0,2,georgesmikautadze,,
William Mikelbrencis,"MF,DF",MF,22.0,frFRA,Hamburger SV,Big5,25,1370,0,4,3,0,,,,12.008,6,1.1,,6,,,,,,6.6,15.2,15,williammikelbrencis,,
Nikola Milenković,DF,DF,28.0,rsSRB,Nottingham Forest,Big5,36,3195,0,0,6,0,,,,14.91,1,0.8,,29,,,,,,6.68,35.5,35,nikolamilenkovic,,
Lewis Miley,"MF,DF",MF,20.0,engENG,Newcastle United,Big5,23,1496,1,4,0,0,,,,11.952,4,1.3,,20,,,,,,7.14,16.6,15,lewismiley,,
Vanja Milinković-Savić,GK,GK,29.0,rsSRB,Napoli,Big5,27,2430,0,1,0,0,,,,0.0,0,,,0,,,52.0,72.5,11.0,7.16,27.0,27,vanjamilinkovicsavic,,
Éder Militão,DF,DF,28.0,brBRA,Real Madrid,Big5,16,1139,2,1,2,0,,,,21.081999999999997,9,1.8,,10,,,,,,,12.7,14,edermilitao,,
Luis Milla,MF,MF,31.0,esESP,Getafe,Big5,35,3091,0,10,5,1,,,,24.009999999999998,2,1.2,,42,,,,,,7.35,34.3,35,luismilla,,
Pere Milla,"MF,FW",MF,33.0,esESP,Espanyol,Big5,31,1853,7,0,6,1,,,,56.03200000000001,20,7.1,,16,,,,,,6.81,20.6,23,peremilla,,
Lennon Miller,MF,MF,19.0,sctSCO,Udinese,Big5,22,836,0,2,3,0,,,,9.021,1,0.4,,8,,,,,,,9.3,7,lennonmiller,,
Veljko Milosavljević,DF,DF,18.0,rsSRB,Bournemouth,Big5,7,368,0,0,0,0,,,,0.9839999999999999,0,0.2,,4,,,,,,,4.1,4,veljkomilosavljevic,,
Yerry Mina,DF,DF,31.0,coCOL,Cagliari,Big5,24,1970,1,0,5,1,,,,8.103,2,1.6,,23,,,,,,6.82,21.9,24,yerrymina,,
Takumi Minamino,MF,MF,31.0,jpJPN,Monaco,Big5,15,944,3,2,4,0,,,,21.0,7,3.2,,3,,,,,,,10.5,11,takumiminamino,,
Tyrone Mings,DF,DF,33.0,engENG,Aston Villa,Big5,16,1234,0,0,1,0,,,,9.042,1,1.4,,10,,,,,,,13.7,14,tyronemings,,
Rafa Mir,"FW,MF",FW,28.0,esESP,Elche,Big5,27,1803,8,0,4,0,,,,68.8,36,8.1,,4,,,,,,6.77,20.0,21,rafamir,,
Juan Miranda,DF,DF,26.0,esESP,Bologna,Big5,30,2393,1,3,6,0,,,,13.034,5,0.6,,32,,,,,,7.27,26.6,27,juanmiranda,,
Fabio Miretti,MF,MF,22.0,itITA,Juventus,Big5,21,595,1,2,1,0,,,,16.962,5,2.1,,4,,,,,,,6.6,5,fabiomiretti,,
Tyrick Mitchell,MF,MF,26.0,engENG,Crystal Palace,Big5,36,3116,1,2,6,0,,,,16.954,7,1.6,,32,,,,,,7.06,34.6,35,tyrickmitchell,,
Branimir Mlacic,DF,DF,19.0,hrCRO,Udinese,Big5,6,155,0,0,2,0,,,,0.0,0,0.0,,2,,,,,,,1.7,2,branimirmlacic,,
Rui Modesto,MF,MF,26.0,aoANG,Udinese,Big5,3,119,0,1,0,0,,,,0.9880000000000001,1,0.0,,1,,,,,,,1.3,0,ruimodesto,,
Luka Modrić,MF,MF,40.0,hrCRO,Milan,Big5,33,2782,2,3,4,0,,,,18.849,8,1.6,,35,,,,,,7.58,30.9,32,lukamodric,,
Terem Moffi,FW,FW,26.0,ngNGA,Nice,Big5,10,488,2,0,0,0,,,,15.930000000000001,8,3.3,,0,,,,,,,5.4,6,teremmoffi,,
Mostafa Mohamed,FW,FW,28.0,egEGY,Nantes,Big5,24,1152,4,0,1,0,,,,34.944,8,2.9,,7,,,,,,6.41,12.8,13,mostafamohamed,,
Johan Mojica,DF,DF,33.0,coCOL,Mallorca,Big5,34,2640,0,4,6,0,,,,16.115000000000002,2,0.5,,23,,,,,,6.88,29.3,29,johanmojica,,
Alberto Moleiro,MF,MF,22.0,esESP,Villarreal,Big5,35,2298,10,5,4,0,,,,43.86,20,5.8,,10,,,,,,6.96,25.5,28,albertomoleiro,Alberto Moleiro,50000000.0
Jon Moncayola,MF,MF,28.0,esESP,Osasuna,Big5,34,2879,0,4,9,0,,,,22.08,5,2.0,,25,,,,,,6.93,32.0,33,jonmoncayola,,
Álvaro Morata,FW,FW,33.0,esESP,Como,Big5,24,913,0,1,4,1,,,,21.916999999999998,7,4.9,,1,,,,,,6.26,10.1,9,alvaromorata,,
Morato,DF,DF,24.0,brBRA,Nottingham Forest,Big5,19,1165,0,0,5,0,,,,3.999,1,1.3,,9,,,,,,,12.9,12,morato,,
Afonso Moreira,"MF,FW",MF,21.0,ptPOR,Lyon,Big5,26,1632,4,7,3,0,,,,36.92400000000001,13,2.7,,11,,,,,,7.17,18.1,17,afonsomoreira,,
Diego Moreira,MF,MF,21.0,beBEL,Strasbourg,Big5,26,1944,3,4,4,0,,,,23.976000000000003,9,2.0,,18,,,,,,7.2,21.6,22,diegomoreira,,
Alberto Moreno,DF,DF,33.0,esESP,Como,Big5,17,1068,1,1,2,0,,,,9.044,3,1.5,,7,,,,,,,11.9,11,albertomoreno,,
Álex Moreno,DF,DF,32.0,esESP,Girona,Big5,28,2289,0,3,5,0,,,,16.002,4,1.5,,25,,,,,,6.88,25.4,25,alexmoreno,,
Gerard Moreno,FW,FW,34.0,esESP,Villarreal,Big5,21,1315,10,0,0,0,,,,38.982,16,6.3,,3,,,,,,7.14,14.6,16,gerardmoreno,,
Matias Moreno,DF,DF,22.0,arARG,Levante,Big5,26,2072,0,0,8,0,,,,9.89,0,1.0,,32,,,,,,6.8,23.0,25,matiasmoreno,,
Tete Morente,MF,MF,29.0,esESP,Elche,Big5,11,749,1,1,1,0,,,,6.972,1,0.5,,9,,,,,,,8.3,9,tetemorente,,
Tete Morente,"FW,MF",FW,29.0,esESP,Lecce,Big5,16,859,0,0,2,0,,,,13.965,2,0.7,,3,,,,,,,9.5,9,tetemorente,,
Stefano Moreo,"FW,MF",FW,32.0,itITA,Pisa,Big5,35,2147,6,1,2,0,,,,48.99499999999999,18,5.9,,20,,,,,,6.77,23.9,27,stefanomoreo,,
Mateu Morey,"DF,MF",DF,26.0,esESP,Mallorca,Big5,18,704,1,0,2,0,,,,3.9779999999999998,2,0.3,,6,,,,,,,7.8,9,mateumorey,,
Manu Morlanes,MF,MF,27.0,esESP,Mallorca,Big5,30,1597,2,0,4,1,,,,10.974,3,2.0,,16,,,,,,6.73,17.7,20,manumorlanes,,
Luca Moro,FW,FW,25.0,itITA,Sassuolo,Big5,14,211,0,0,1,0,,,,5.888,1,0.6,,2,,,,,,,2.3,1,lucamoro,,
Nikola Moro,MF,MF,28.0,hrCRO,Bologna,Big5,28,1752,2,0,1,0,,,,21.060000000000002,2,0.9,,17,,,,,,6.97,19.5,19,nikolamoro,,
Raúl Moro,MF,MF,23.0,esESP,Osasuna,Big5,13,616,0,2,0,0,,,,5.984,0,0.2,,1,,,,,,,6.8,7,raulmoro,,
Tyler Morton,MF,MF,23.0,engENG,Lyon,Big5,29,2517,2,2,6,1,,,,28.0,8,1.7,,24,,,,,,7.13,28.0,29,tylermorton,,
Daren Mosengo,MF,MF,19.0,frFRA,Le Havre,Big5,7,108,0,0,0,0,,,,0.0,0,,,1,,,,,,,1.2,0,darenmosengo,,
Cristhian Mosquera,DF,DF,21.0,esESP,Arsenal,Big5,18,814,0,0,4,0,,,,0.99,0,0.1,,8,,,,,,,9.0,7,cristhianmosquera,Cristhian Mosquera,40000000.0
Edoardo Motta,GK,GK,21.0,itITA,Lazio,Big5,9,810,0,0,1,0,,,,0.0,0,,,0,,,22.0,67.7,3.0,,9.0,9,edoardomotta,,
Samir El Mourabet,MF,MF,20.0,maMAR,Strasbourg,Big5,32,2038,1,2,4,0,,,,11.074,1,0.3,,27,,,,,,6.87,22.6,24,samirelmourabet,,
Santiago Mouriño,DF,DF,24.0,uyURU,Villarreal,Big5,26,2197,1,2,10,1,,,,13.907999999999998,3,1.1,,27,,,,,,7.28,24.4,25,santiagomourino,,
Louis Mouton,MF,MF,23.0,frFRA,Angers,Big5,32,1891,2,1,2,1,,,,35.91,8,3.0,,12,,,,,,6.53,21.0,24,louismouton,,
Tarik Muharemovic,DF,DF,23.0,baBIH,Sassuolo,Big5,31,2745,2,2,6,0,,,,20.130000000000003,7,1.6,,45,,,,,,6.91,30.5,31,tarikmuharemovic,,
Miro Muheim,"MF,DF",MF,28.0,chSUI,Hamburger SV,Big5,28,2407,0,4,7,1,,,,24.03,7,1.2,,27,,,,,,7.16,26.7,27,miromuheim,,
Nordi Mukiele,DF,DF,28.0,frFRA,Sunderland,Big5,30,2604,3,3,5,0,,,,21.964,4,1.9,,33,,,,,,7.13,28.9,30,nordimukiele,,
Romaine Mundle,MF,MF,23.0,engENG,Sunderland,Big5,14,411,0,0,1,0,,,,7.037999999999999,2,0.9,,1,,,,,,,4.6,2,romainemundle,,
Marshall Munetsi,MF,MF,29.0,zwZIM,Paris FC,Big5,14,909,4,1,0,0,,,,15.958,8,3.7,,3,,,,,,,10.1,10,marshallmunetsi,,
Rodrigo Muniz,FW,FW,25.0,brBRA,Fulham,Big5,19,863,1,1,2,0,,,,28.032,4,3.3,,2,,,,,,6.33,9.6,8,rodrigomuniz,,
Believe Munongo,MF,MF,16.0,frFRA,Metz,Big5,10,367,0,0,1,0,,,,4.018,0,0.3,,6,,,,,,,4.1,4,believemunongo,,
Aihen Muñoz,DF,DF,28.0,esESP,Real Sociedad,Big5,19,769,0,0,1,0,,,,5.015,1,0.5,,5,,,,,,,8.5,8,aihenmunoz,,
Daniel Muñoz,MF,MF,29.0,coCOL,Crystal Palace,Big5,27,2264,4,2,7,0,,,,22.932,10,2.4,,23,,,,,,7.15,25.2,27,danielmunoz,,
Iker Muñoz,MF,MF,23.0,esESP,Osasuna,Big5,18,919,0,0,4,0,,,,7.9559999999999995,3,0.3,,12,,,,,,,10.2,8,ikermunoz,,
Víctor Muñoz,"MF,FW",MF,22.0,esESP,Osasuna,Big5,33,2566,5,2,3,0,,,,76.95,29,5.9,,10,,,,,,6.9,28.5,30,victormunoz,,
Arijanet Muric,GK,GK,27.0,xkKVX,Sassuolo,Big5,32,2880,0,0,4,0,,,,0.0,0,,,0,,,118.0,75.5,6.0,7.29,32.0,32,arijanetmuric,,
Murillo,DF,DF,23.0,brBRA,Nottingham Forest,Big5,25,2130,1,0,5,0,,,,10.902000000000001,4,0.7,,29,,,,,,6.94,23.7,25,murillo,Murillo,50000000.0
Vedat Muriqi,FW,FW,32.0,xkKVX,Mallorca,Big5,35,2948,22,1,4,1,,,,102.99199999999999,47,18.5,,3,,,,,,7.2,32.8,34,vedatmuriqi,,
Jacob Murphy,"FW,MF",FW,31.0,engENG,Newcastle United,Big5,31,1556,3,2,2,0,,,,39.963,12,3.1,,4,,,,,,6.59,17.3,18,jacobmurphy,,
Yunus Musah,MF,MF,23.0,usUSA,Atalanta,Big5,17,456,1,0,1,0,,,,6.017999999999999,1,0.6,,4,,,,,,,5.1,3,yunusmusah,,
Yvon Mvogo,GK,GK,31.0,chSUI,Lorient,Big5,30,2700,0,0,0,0,,,,0.0,0,,,1,,,73.0,66.4,6.0,6.79,30.0,30,yvonmvogo,,
Joel Mvuka,"MF,DF",MF,23.0,noNOR,Lorient,Big5,15,560,0,0,0,0,,,,7.998,1,0.5,,6,,,,,,,6.2,5,joelmvuka,,
Junior Mwanga,"DF,MF",DF,23.0,frFRA,Strasbourg,Big5,5,377,0,0,0,0,,,,1.008,0,1.2,,1,,,,,,6.82,4.2,5,juniormwanga,,
Vitaliy Mykolenko,DF,DF,26.0,uaUKR,Everton,Big5,31,2778,0,1,6,0,,,,8.960999999999999,2,0.3,,27,,,,,,6.76,30.9,31,vitaliymykolenko,,
Bilal Nadir,MF,MF,22.0,maMAR,Marseille,Big5,20,598,0,4,6,1,,,,6.93,1,0.5,,6,,,,,,6.54,6.6,5,bilalnadir,,
Mahamadou Nagida,DF,DF,20.0,cmCMR,Rennes,Big5,18,715,0,0,2,0,,,,11.929,3,0.6,,19,,,,,,,7.9,6,mahamadounagida,,
Younes Namli,"FW,MF",FW,31.0,dkDEN,Le Havre,Big5,12,327,0,1,2,0,,,,3.9600000000000004,0,0.1,,5,,,,,,,3.6,3,younesnamli,,
Sebastian Nanasi,MF,MF,23.0,seSWE,Strasbourg,Big5,18,961,5,2,0,0,,,,16.049999999999997,9,4.1,,5,,,,,,7.03,10.7,10,sebastiannanasi,,
Noah Nartey,"MF,FW",MF,20.0,dkDEN,Lyon,Big5,11,545,2,0,0,0,,,,5.063,2,1.1,,2,,,,,,,6.1,5,noahnartey,,
Natan,DF,DF,25.0,brBRA,Real Betis,Big5,31,2639,0,0,8,0,,,,9.962000000000002,1,0.5,,35,,,,,,6.77,29.3,30,natan,,
Pau Navarro,DF,DF,21.0,esESP,Villarreal,Big5,22,1831,0,0,4,0,,,,2.0300000000000002,2,0.1,,18,,,,,,6.83,20.3,22,paunavarro,,
Corrie Ndaba,DF,DF,26.0,ieIRL,Lecce,Big5,14,543,0,0,0,0,,,,1.98,0,0.1,,3,,,,,,,6.0,6,corriendaba,,
Michel Ndary Adopo,MF,MF,25.0,frFRA,Cagliari,Big5,36,2889,1,2,4,0,,,,26.964,11,2.5,,29,,,,,,6.74,32.1,31,michelndaryadopo,,
Iliman Ndiaye,MF,MF,26.0,snSEN,Everton,Big5,30,2598,6,3,2,0,,,,41.038,22,6.7,,17,,,,,,7.22,28.9,30,ilimanndiaye,Iliman Ndiaye,55000000.0
Rassoul Ndiaye,MF,MF,24.0,snSEN,Le Havre,Big5,32,2476,4,4,2,0,,,,34.1,9,3.1,,16,,,,,,7.04,27.5,29,rassoulndiaye,,
Tanguy Ndombele,MF,MF,29.0,frFRA,Nice,Big5,8,275,0,1,0,0,,,,5.084,1,0.5,,1,,,,,,,3.1,3,tanguyndombele,,
Cher Ndour,MF,MF,21.0,itITA,Fiorentina,Big5,31,1762,2,0,2,0,,,,22.932,7,2.6,,13,,,,,,6.55,19.6,19,cherndour,,
Dan Ndoye,MF,MF,25.0,chSUI,Nottingham Forest,Big5,24,1173,1,1,1,0,,,,14.95,4,1.1,,10,,,,,,6.55,13.0,14,danndoye,,
Kosta Nedeljković,DF,DF,20.0,rsSRB,RB Leipzig,Big5,5,251,0,0,0,0,,,,0.0,0,,,1,,,,,,,2.8,3,kostanedeljkovic,,
Loïc Nego,"DF,MF",DF,35.0,huHUN,Le Havre,Big5,29,2321,0,0,3,0,,,,15.996,3,0.8,,32,,,,,,6.88,25.8,26,loicnego,,
Reiss Nelson,"FW,MF",FW,26.0,engENG,Brentford,Big5,9,124,0,1,0,0,,,,5.082,1,0.7,,0,,,,,,,1.4,0,reissnelson,,
David Neres,"FW,MF",FW,29.0,brBRA,Napoli,Big5,16,922,3,3,3,0,,,,16.932,4,1.5,,1,,,,,,,10.2,10,davidneres,,
Martim Neto,MF,MF,23.0,ptPOR,Elche,Big5,25,1347,2,5,2,0,,,,12.0,4,0.8,,2,,,,,,6.79,15.0,15,martimneto,,
Pedro Neto,MF,MF,26.0,ptPOR,Chelsea,Big5,32,2479,5,4,4,1,,,,44.0,12,4.6,,6,,,,,,7.04,27.5,28,pedroneto,Pedro Neto,60000000.0
Luca Netz,"MF,DF",MF,22.0,deGER,Nottingham Forest,Big5,5,246,0,0,0,0,,,,0.0,0,,,0,,,,,,,2.7,2,lucanetz,,
João Neves,MF,MF,21.0,ptPOR,Paris Saint-Germain,Big5,20,1264,5,1,0,0,,,,25.900000000000002,6,2.8,,6,,,,,,7.18,14.0,13,joaoneves,João Neves,140000000.0
Oumar Ngom,MF,MF,22.0,mrMTN,Lecce,Big5,13,707,0,0,1,0,,,,5.056,2,0.2,,11,,,,,,,7.9,8,oumarngom,,
Cyril Ngonge,FW,FW,25.0,beBEL,Torino,Big5,20,994,1,1,2,0,,,,23.869999999999997,12,1.8,,2,,,,,,,11.0,11,cyrilngonge,,
Cyril Ngonge,MF,MF,25.0,beBEL,Espanyol,Big5,9,424,0,2,4,0,,,,10.951,4,0.5,,4,,,,,,,4.7,6,cyrilngonge,,
Nathan Ngoy,DF,DF,22.0,beBEL,Lille,Big5,28,2315,1,2,9,1,,,,21.073999999999998,6,1.3,,36,,,,,,6.95,25.7,26,nathanngoy,,
Bernard Nguene,FW,FW,19.0,cmCMR,Nice,Big5,6,138,0,0,1,0,,,,2.94,0,0.2,,3,,,,,,,1.5,0,bernardnguene,,
Rio Ngumoha,MF,MF,17.0,engENG,Liverpool,Big5,17,398,2,1,0,0,,,,10.956000000000001,6,1.3,,3,,,,,,,4.4,3,riongumoha,,
Moussa Niakhate,DF,DF,30.0,snSEN,Lyon,Big5,31,2669,0,2,3,0,,,,3.861,0,0.3,,32,,,,,,7.16,29.7,29,moussaniakhate,,
Tanguy Nianzou,DF,DF,23.0,frFRA,Sevilla,Big5,12,655,0,0,5,1,,,,9.052,0,0.5,,4,,,,,,,7.3,8,tanguynianzou,,
Rasmus Nicolaisen,DF,DF,29.0,dkDEN,Toulouse,Big5,32,2564,1,0,4,0,,,,15.105,5,0.8,,40,,,,,,6.75,28.5,30,rasmusnicolaisen,,
Hans Nicolussi Caviglia,MF,MF,25.0,itITA,Parma,Big5,13,709,0,3,0,0,,,,13.035,1,0.9,,3,,,,,,6.63,7.9,8,hansnicolussicaviglia,,
Alieu Njie,"MF,FW",MF,21.0,seSWE,Torino,Big5,13,257,1,1,2,0,,,,5.075,2,1.0,,0,,,,,,,2.9,2,alieunjie,,
Obed Nkambadio,GK,GK,23.0,frFRA,Paris FC,Big5,12,1080,0,0,0,0,,,,0.0,0,,,0,,,26.0,56.8,1.0,,12.0,12,obednkambadio,,
Niels Nkounkou,"MF,DF",MF,25.0,frFRA,Torino,Big5,10,327,0,1,3,0,,,,3.9600000000000004,1,0.2,,8,,,,,,,3.6,3,nielsnkounkou,,
Christopher Nkunku,FW,FW,28.0,frFRA,Milan,Big5,30,1221,6,3,0,0,,,,26.112,14,9.5,,1,,,,,,6.81,13.6,13,christophernkunku,,
Lukas Nmecha,FW,FW,27.0,deGER,Leeds United,Big5,29,962,6,1,0,0,,,,28.996999999999996,16,7.2,,3,,,,,,6.42,10.7,9,lukasnmecha,,
Tochukwu Nnadi,"MF,DF",MF,22.0,ngNGA,Marseille,Big5,7,270,0,1,1,0,,,,3.0,1,0.6,,2,,,,,,,3.0,3,tochukwunnadi,,
Arnaud Nordin,"FW,MF",FW,27.0,frFRA,Rennes,Big5,9,546,1,2,1,0,,,,19.093,4,1.0,,0,,,,,,,6.1,7,arnaudnordin,,
Brooke Norton-Cuffy,"MF,DF",MF,22.0,engENG,Genoa,Big5,26,2181,2,1,5,1,,,,15.004,6,1.6,,11,,,,,,6.8,24.2,25,brookenortoncuffy,,
Tijjani Noslin,FW,FW,26.0,nlNED,Lazio,Big5,27,980,4,1,5,1,,,,32.046,11,4.8,,2,,,,,,6.62,10.9,7,tijjaninoslin,,
Randy Nteka,FW,FW,28.0,aoANG,Rayo Vallecano,Big5,11,225,2,0,2,0,,,,9.0,3,2.5,,0,,,,,,,2.5,1,randynteka,,
Matheus Nunes,DF,DF,27.0,ptPOR,Manchester City,Big5,33,2772,1,5,5,0,,,,7.0840000000000005,2,0.3,,28,,,,,,7.45,30.8,31,matheusnunes,Matheus Nunes,50000000.0
Antonio Nusa,"FW,MF",FW,21.0,noNOR,RB Leipzig,Big5,30,1999,4,3,0,0,,,,59.940000000000005,20,4.4,,7,,,,,,7.16,22.2,24,antonionusa,,
Ethan Nwaneri,MF,MF,19.0,engENG,Arsenal,Big5,6,171,0,0,0,0,,,,6.004,0,0.2,,0,,,,,,,1.9,0,ethannwaneri,,
Ethan Nwaneri,MF,MF,19.0,engENG,Marseille,Big5,9,324,2,1,1,0,,,,9.0,3,0.7,,3,,,,,,,3.6,3,ethannwaneri,,
Allan Nyom,DF,DF,38.0,cmCMR,Getafe,Big5,13,363,0,1,6,1,,,,2.96,1,0.2,,1,,,,,,,4.0,5,allannyom,,
M'Bala Nzola,FW,FW,29.0,aoANG,Sassuolo,Big5,12,386,1,1,1,0,,,,9.03,4,7.3,,1,,,,,,6.48,4.3,3,mbalanzola,,
Jake O'Brien,DF,DF,24.0,ieIRL,Everton,Big5,35,2972,1,1,4,1,,,,10.89,5,1.7,,13,,,,,,6.72,33.0,33,jakeobrien,,
Luke O'Nien,DF,DF,31.0,engENG,Sunderland,Big5,10,411,0,0,1,1,,,,1.012,0,0.1,,5,,,,,,,4.6,4,lukeonien,,
Adam Obert,"DF,MF",DF,23.0,skSVK,Cagliari,Big5,33,2591,0,3,10,1,,,,10.08,3,1.4,,42,,,,,,6.9,28.8,31,adamobert,,
Jens Odgaard,MF,MF,27.0,dkDEN,Bologna,Big5,25,1353,5,1,1,0,,,,34.95,13,2.5,,4,,,,,,6.67,15.0,16,jensodgaard,,
Wilson Odobert,"MF,FW",MF,21.0,frFRA,Tottenham Hotspur,Big5,24,985,0,2,0,0,,,,20.928,8,1.9,,0,,,,,,6.56,10.9,10,wilsonodobert,,
Álvaro Odriozola,DF,DF,30.0,esESP,Real Sociedad,Big5,5,201,1,0,0,0,,,,0.9900000000000001,1,0.5,,1,,,,,,,2.2,2,alvaroodriozola,,
Noah Okafor,"FW,MF",FW,25.0,chSUI,Leeds United,Big5,28,1561,8,1,3,0,,,,34.946000000000005,15,5.3,,12,,,,,,6.94,17.3,19,noahokafor,,
David Okereke,"FW,MF",FW,28.0,ngNGA,Cremonese,Big5,9,372,2,0,0,0,,,,7.953999999999999,5,0.7,,1,,,,,,,4.1,3,davidokereke,,
Bryan Okoh,DF,DF,22.0,chSUI,Auxerre,Big5,13,1005,3,0,2,0,,,,8.064,3,0.7,,26,,,,,,,11.2,12,bryanokoh,,
Maduka Okoye,GK,GK,26.0,ngNGA,Udinese,Big5,28,2436,0,0,1,1,,,,0.0,0,,,0,,,72.0,70.3,10.0,7.01,27.1,28,madukaokoye,,
Mathías Olivera,"DF,MF",DF,28.0,uyURU,Napoli,Big5,23,1293,0,0,3,0,,,,8.064000000000002,3,1.4,,14,,,,,,6.84,14.4,14,mathiasolivera,,
Tuomas Ollila,DF,DF,26.0,fiFIN,Paris FC,Big5,10,308,0,0,0,0,,,,3.9779999999999998,1,0.1,,4,,,,,,,3.4,3,tuomasollila,,
Dani Olmo,MF,MF,28.0,esESP,Barcelona,Big5,31,1990,7,8,1,0,,,,68.95200000000001,21,7.7,,13,,,,,,7.34,22.1,23,daniolmo,Dani Olmo,60000000.0
Tani Oluwaseyi,FW,FW,25.0,caCAN,Villarreal,Big5,26,839,2,2,1,0,,,,14.973000000000003,7,3.4,,0,,,,,,6.24,9.3,8,tanioluwaseyi,,
Warmed Omari,DF,DF,26.0,kmCOM,Hamburger SV,Big5,19,1529,0,1,0,0,,,,3.06,1,0.1,,25,,,,,,6.65,17.0,16,warmedomari,,
Andrew Omobamidele,DF,DF,23.0,ieIRL,Strasbourg,Big5,24,1267,1,0,4,0,,,,2.961,2,0.5,,15,,,,,,6.67,14.1,12,andrewomobamidele,,
Amadou Onana,MF,MF,24.0,beBEL,Aston Villa,Big5,24,1740,2,0,3,0,,,,18.914,7,1.7,,19,,,,,,6.91,19.3,21,amadouonana,Amadou Onana,45000000.0
Jacob Ondrejka,"FW,MF",FW,23.0,seSWE,Parma,Big5,16,773,0,0,2,0,,,,21.07,7,1.2,,2,,,,,,,8.6,9,jacobondrejka,,
Frank Onyeka,MF,MF,28.0,ngNGA,Brentford,Big5,6,92,0,1,0,0,,,,0.0,0,,,0,,,,,,,1.0,0,frankonyeka,,
Loïs Openda,"FW,MF",FW,26.0,beBEL,Juventus,Big5,24,666,1,0,0,0,,,,25.974,6,3.6,,1,,,,,,,7.4,6,loisopenda,,
Fredrik Oppegard,"MF,DF",MF,23.0,noNOR,Auxerre,Big5,23,1246,0,0,1,1,,,,9.936,2,0.5,,14,,,,,,6.47,13.8,15,fredrikoppegard,,
Willi Orban,DF,DF,33.0,huHUN,RB Leipzig,Big5,32,2859,2,0,4,0,,,,20.034,9,2.4,,42,,,,,,7.23,31.8,32,williorban,,
Christian Ordoñez,MF,MF,21.0,arARG,Parma,Big5,26,932,1,0,5,1,,,,8.008000000000001,2,0.5,,7,,,,,,6.23,10.4,10,christianordonez,,
Luis Orejuela,DF,DF,,,Mallorca,Big5,1,90,0,0,0,0,,,,1.0,0,0.0,,1,,,,,,,1.0,1,luisorejuela,,
Gaetano Oristanio,"FW,MF",FW,23.0,itITA,Parma,Big5,20,859,1,0,1,0,,,,23.845,4,2.0,,2,,,,,,6.4,9.5,8,gaetanooristanio,,
Aimar Oroz,"MF,FW",MF,24.0,esESP,Osasuna,Big5,29,2001,0,2,6,0,,,,28.86,4,1.7,,7,,,,,,6.77,22.2,24,aimaroroz,,
Riccardo Orsolini,"MF,FW",MF,29.0,itITA,Bologna,Big5,34,2089,9,1,2,0,,,,80.04,30,9.7,,7,,,,,,7.02,23.2,26,riccardoorsolini,,
Stefan Ortega,GK,GK,33.0,deGER,Nottingham Forest,Big5,3,270,0,0,0,0,,,,0.0,0,,,0,,,8.0,66.7,1.0,,3.0,3,stefanortega,,
Ángel Ortíz,DF,DF,21.0,esESP,Real Betis,Big5,13,584,0,0,1,0,,,,0.975,0,0.0,,1,,,,,,,6.5,7,angelortiz,,
Asier Osambela,DF,DF,22.0,esESP,Osasuna,Big5,16,333,1,0,1,1,,,,4.995000000000001,2,0.4,,4,,,,,,,3.7,2,asierosambela,,
Gabriel Osho,DF,DF,27.0,ngNGA,Auxerre,Big5,2,134,0,0,0,0,,,,0.0,0,,,0,,,,,,,1.5,2,gabrielosho,,
Ibrahim Osman,"MF,FW",MF,21.0,ghGHA,Auxerre,Big5,14,625,0,2,0,0,,,,17.871,6,1.9,,6,,,,,,,6.9,7,ibrahimosman,,
William Osula,FW,FW,22.0,dkDEN,Newcastle United,Big5,22,670,5,0,0,0,,,,19.906,10,4.3,,1,,,,,,,7.4,6,williamosula,,
Philip Otele,"MF,FW",MF,27.0,ngNGA,Hamburger SV,Big5,9,471,1,1,3,1,,,,6.968000000000001,3,1.1,,3,,,,,,,5.2,7,philipotele,,
Sebastian Otoa,DF,DF,22.0,dkDEN,Genoa,Big5,11,649,0,0,1,0,,,,3.024,2,0.1,,8,,,,,,,7.2,7,sebastianotoa,,
Abdoul Ouattara,"MF,DF",MF,20.0,frFRA,Strasbourg,Big5,27,1678,2,0,2,0,,,,26.970000000000002,11,2.5,,19,,,,,,6.79,18.6,18,abdoulouattara,,
Dango Ouattara,MF,MF,24.0,bfBFA,Brentford,Big5,30,2096,5,3,5,0,,,,47.998000000000005,17,7.7,,23,,,,,,6.97,23.3,23,dangoouattara,,
Kassoum Ouattara,"MF,DF",MF,21.0,frFRA,Monaco,Big5,15,967,0,3,3,0,,,,11.984,0,0.9,,19,,,,,,,10.7,12,kassoumouattara,,
Assan Ouedraogo,MF,MF,20.0,deGER,RB Leipzig,Big5,18,858,3,3,0,0,,,,24.89,11,2.4,,3,,,,,,,9.5,12,assanouedraogo,,
Azzedine Ounahi,MF,MF,26.0,maMAR,Girona,Big5,21,1490,5,2,6,0,,,,41.168000000000006,14,3.4,,16,,,,,,7.28,16.6,17,azzedineounahi,,
Elisha Owusu,MF,MF,28.0,ghGHA,Auxerre,Big5,28,2254,0,0,7,0,,,,7.000000000000001,0,0.2,,20,,,,,,6.89,25.0,26,elishaowusu,,
Mikel Oyarzabal,FW,FW,29.0,esESP,Real Sociedad,Big5,31,2572,15,3,2,0,,,,78.078,36,15.2,,4,,,,,,7.29,28.6,29,mikeloyarzabal,,
Berke Özer,GK,GK,25.0,trTUR,Lille,Big5,31,2744,0,1,5,0,,,,0.0,0,,,0,,,68.0,68.7,13.0,7.19,30.5,31,berkeozer,,
Pablo,"MF,FW",MF,22.0,brBRA,West Ham United,Big5,12,750,0,1,0,0,,,,9.96,2,1.0,,5,,,,,,,8.3,9,pablo,,
Jon Pacheco,DF,DF,25.0,esESP,Alavés,Big5,22,1735,0,0,5,1,,,,4.053,1,0.3,,11,,,,,,6.64,19.3,20,jonpacheco,,
Willian Pacho,DF,DF,24.0,ecECU,Paris Saint-Germain,Big5,23,1914,0,0,0,0,,,,8.094000000000001,1,1.0,,26,,,,,,7.05,21.3,21,willianpacho,Willian Pacho,80000000.0
Daniele Padelli,GK,GK,40.0,itITA,Udinese,Big5,2,180,0,0,0,0,,,,0.0,0,,,0,,,3.0,75.0,0.0,,2.0,2,danielepadelli,,
Kendry Páez,"MF,FW",MF,19.0,ecECU,Strasbourg,Big5,15,424,1,0,0,0,,,,9.964,4,0.8,,3,,,,,,,4.7,4,kendrypaez,,
Pablo Pagis,"MF,FW",MF,23.0,frFRA,Lorient,Big5,27,1690,10,5,1,0,,,,56.024,18,7.7,,18,,,,,,7.3,18.8,21,pablopagis,,
Igor Paixão,MF,MF,25.0,brBRA,Marseille,Big5,29,1904,6,5,3,0,,,,52.152,21,6.5,,16,,,,,,7.04,21.2,21,igorpaixao,,
Alberto Paleari,GK,GK,33.0,itITA,Torino,Big5,27,2430,0,0,1,0,,,,0.0,0,,,1,,,79.0,66.9,9.0,6.93,27.0,27,albertopaleari,,
Marco Palestra,"MF,DF",MF,21.0,itITA,Cagliari,Big5,35,2963,1,4,3,0,,,,25.003999999999998,6,1.7,,18,,,,,,7.03,32.9,33,marcopalestra,,
João Palhinha,MF,MF,30.0,ptPOR,Tottenham Hotspur,Big5,31,2041,4,2,7,0,,,,27.921,8,2.7,,25,,,,,,6.95,22.7,21,joaopalhinha,,
Matteo Palma,DF,DF,18.0,deGER,Udinese,Big5,5,120,0,0,0,0,,,,0.0,0,,,3,,,,,,,1.3,1,matteopalma,,
Cole Palmer,MF,MF,24.0,engENG,Chelsea,Big5,24,1777,9,1,4,0,,,,57.918,22,10.6,,13,,,,,,7.04,19.7,22,colepalmer,Cole Palmer,100000000.0
Diego Pampín,DF,DF,26.0,esESP,Levante,Big5,8,534,0,0,3,0,,,,3.0090000000000003,0,0.2,,5,,,,,,,5.9,6,diegopampin,,
Joaquín Panichelli,FW,FW,23.0,arARG,Strasbourg,Big5,27,2193,16,1,3,0,,,,58.071999999999996,31,14.2,,13,,,,,,7.25,24.4,24,joaquinpanichelli,,
Lucas Paquetá,"MF,FW",MF,28.0,brBRA,West Ham United,Big5,18,1511,4,1,7,1,,,,23.016000000000002,11,2.8,,7,,,,,,,16.8,18,lucaspaqueta,,
Victor Parada,DF,DF,24.0,esESP,Alavés,Big5,28,2024,0,3,9,1,,,,11.025,2,1.0,,9,,,,,,6.52,22.5,23,victorparada,,
Aitor Paredes,DF,DF,26.0,esESP,Athletic Club,Big5,18,1540,2,0,4,0,,,,12.996,4,1.1,,24,,,,,,,17.1,17,aitorparedes,,
Fabiano Parisi,"MF,FW",MF,25.0,itITA,Fiorentina,Big5,22,1489,1,1,6,0,,,,23.925,7,1.3,,17,,,,,,6.94,16.5,17,fabianoparisi,,
Thomas Partey,MF,MF,32.0,ghGHA,Villarreal,Big5,24,907,0,0,1,0,,,,7.979,1,0.7,,13,,,,,,6.43,10.1,8,thomaspartey,,
Mario Pašalić,MF,MF,31.0,hrCRO,Atalanta,Big5,31,1818,3,4,2,0,,,,17.977999999999998,6,2.7,,11,,,,,,6.82,20.2,20,mariopasalic,,
Patric,"MF,DF",MF,33.0,esESP,Lazio,Big5,14,667,0,0,2,0,,,,4.958,0,0.3,,3,,,,,,,7.4,6,patric,,
Nathan Patterson,DF,DF,24.0,sctSCO,Everton,Big5,7,241,0,0,0,0,,,,0.999,1,0.0,,2,,,,,,,2.7,3,nathanpatterson,,
Benjamin Pavard,DF,DF,30.0,frFRA,Marseille,Big5,26,1925,1,2,5,0,,,,10.914,3,0.8,,24,,,,,,6.91,21.4,22,benjaminpavard,,
Strahinja Pavlović,DF,DF,24.0,rsSRB,Milan,Big5,32,2689,5,1,3,0,,,,25.115999999999996,6,3.5,,20,,,,,,7.17,29.9,31,strahinjapavlovic,Strahinja Pavlović,40000000.0
Leonardo Pavoletti,FW,FW,37.0,itITA,Cagliari,Big5,13,227,1,1,1,0,,,,5.949999999999999,1,1.2,,1,,,,,,,2.5,1,leonardopavoletti,,
Martín Payero,MF,MF,27.0,arARG,Cremonese,Big5,25,1457,1,0,8,0,,,,23.003999999999998,8,1.8,,10,,,,,,6.43,16.2,16,martinpayero,,
Alfonso Pedraza,DF,DF,30.0,esESP,Villarreal,Big5,26,1623,1,3,8,0,,,,10.98,3,1.1,,26,,,,,,6.96,18.0,18,alfonsopedraza,,
Pedri,MF,MF,23.0,esESP,Barcelona,Big5,28,2014,2,8,2,1,,,,21.055999999999997,10,1.6,,22,,,,,,7.8,22.4,22,pedri,Pedri,150000000.0
Pedro,"FW,MF",FW,38.0,esESP,Lazio,Big5,27,910,4,2,4,0,,,,19.997999999999998,9,2.4,,3,,,,,,6.73,10.1,8,pedro,,
Adrià Pedrosa,"DF,MF",DF,28.0,esESP,Elche,Big5,24,1049,1,1,4,0,,,,12.051,3,0.6,,16,,,,,,6.5,11.7,8,adriapedrosa,,
Lorenzo Pellegrini,MF,MF,29.0,itITA,Roma,Big5,24,1463,4,2,2,0,,,,32.111000000000004,12,5.3,,15,,,,,,6.92,16.3,20,lorenzopellegrini,,
Luca Pellegrini,DF,DF,27.0,itITA,Lazio,Big5,23,1388,1,0,8,0,,,,6.006,4,0.7,,16,,,,,,6.58,15.4,16,lucapellegrini,,
Mateo Pellegrino,FW,FW,25.0,arARG,Parma,Big5,35,2804,8,1,5,0,,,,70.2,21,8.6,,3,,,,,,6.63,31.2,32,mateopellegrino,,
Timothee Pembele,"MF,DF",MF,23.0,frFRA,Le Havre,Big5,13,336,0,0,1,0,,,,3.9590000000000005,2,0.4,,2,,,,,,,3.7,2,timotheepembele,,
Iñaki Peña,GK,GK,27.0,esESP,Elche,Big5,16,1440,0,0,0,0,,,,0.0,0,,,0,,,55.0,67.9,4.0,,16.0,16,inakipena,,
Mike Penders,GK,GK,20.0,beBEL,Strasbourg,Big5,32,2880,0,0,3,0,,,,0.0,0,,,0,,,101.0,71.9,8.0,6.86,32.0,32,mikependers,,
Nicolas Pépé,"MF,FW",MF,30.0,ciCIV,Villarreal,Big5,35,2303,8,6,4,0,,,,59.136,24,8.3,,14,,,,,,7.3,25.6,25,nicolaspepe,,
Kojo Peprah Oppong,DF,DF,21.0,ghGHA,Nice,Big5,28,2335,1,0,3,0,,,,10.100999999999999,3,1.6,,28,,,,,,6.91,25.9,27,kojopeprahoppong,,
Ángel Pérez,"MF,DF",MF,23.0,esESP,Alavés,Big5,14,1108,1,3,3,0,,,,10.947000000000001,3,1.0,,7,,,,,,,12.3,12,angelperez,,
Ayoze Pérez,FW,FW,32.0,esESP,Villarreal,Big5,23,960,3,3,4,0,,,,19.046,9,5.4,,3,,,,,,6.64,10.7,10,ayozeperez,,
Mattia Perin,GK,GK,33.0,itITA,Juventus,Big5,8,675,0,0,0,0,,,,0.0,0,,,0,,,10.0,58.8,3.0,,7.5,8,mattiaperin,,
Romain Perraud,DF,DF,28.0,frFRA,Lille,Big5,29,2196,3,4,4,1,,,,32.94,12,2.2,,23,,,,,,7.2,24.4,26,romainperraud,,
Lucas Perri,GK,GK,28.0,brBRA,Leeds United,Big5,16,1440,0,0,2,0,,,,0.0,0,,,0,,,38.0,60.3,3.0,,16.0,16,lucasperri,,
Gaëtan Perrin,"MF,FW",MF,29.0,frFRA,Lille,Big5,11,329,1,0,2,0,,,,7.067,4,0.5,,2,,,,,,,3.7,3,gaetanperrin,,
Máximo Perrone,MF,MF,23.0,arARG,Como,Big5,34,2562,3,4,8,0,,,,17.099999999999998,8,2.1,,20,,,,,,7.12,28.5,31,maximoperrone,,
Massimo Pessina,GK,GK,18.0,itITA,Bologna,Big5,4,353,0,0,0,0,,,,0.0,0,,,0,,,7.0,77.8,3.0,,3.9,3,massimopessina,,
Prosper Peter,FW,FW,18.0,ngNGA,Angers,Big5,29,1273,5,0,0,0,,,,22.982999999999997,14,5.5,,4,,,,,,6.3,14.1,14,prosperpeter,,
Léo Pétrot,DF,DF,29.0,frFRA,Elche,Big5,31,1571,0,0,2,1,,,,8.05,0,0.6,,17,,,,,,6.65,17.5,18,leopetrot,,
Giuseppe Pezzella,"MF,DF",MF,28.0,itITA,Cremonese,Big5,29,2405,0,1,8,1,,,,5.0729999999999995,0,0.1,,11,,,,,,6.63,26.7,28,giuseppepezzella,,
Rayan Philippe,"FW,MF",FW,25.0,frFRA,Hamburger SV,Big5,27,1223,5,0,2,0,,,,36.04,15,5.2,,3,,,,,,6.56,13.6,12,rayanphilippe,,
Gabriele Piccinini,MF,MF,25.0,itITA,Pisa,Big5,23,815,0,0,2,0,,,,18.108999999999998,7,2.3,,1,,,,,,6.25,9.1,5,gabrielepiccinini,,
Roberto Piccoli,FW,FW,25.0,itITA,Fiorentina,Big5,30,1492,3,1,1,0,,,,41.998,14,6.5,,4,,,,,,6.46,16.6,14,robertopiccoli,,
Charles Pickel,MF,MF,28.0,cdCOD,Espanyol,Big5,23,671,1,0,4,2,,,,9.075,3,0.8,,6,,,,,,6.2,7.5,4,charlespickel,,
Jordan Pickford,GK,GK,32.0,engENG,Everton,Big5,36,3240,0,0,4,0,,,,0.0,0,,,0,,,98.0,69.3,11.0,6.94,36.0,36,jordanpickford,,
Nicholas Pierini,"FW,MF",FW,27.0,itITA,Sassuolo,Big5,11,142,0,0,1,0,,,,5.072,2,0.3,,2,,,,,,,1.6,0,nicholaspierini,,
Santiago Pierotti,"MF,FW",MF,25.0,arARG,Lecce,Big5,35,2440,1,1,4,0,,,,30.894,8,3.3,,20,,,,,,6.49,27.1,29,santiagopierotti,,
Andrea Pinamonti,FW,FW,26.0,itITA,Sassuolo,Big5,34,2434,8,3,2,1,,,,69.92999999999999,27,8.8,,2,,,,,,6.55,27.0,31,andreapinamonti,,
Ethan Pinnock,DF,DF,32.0,jmJAM,Brentford,Big5,4,318,0,0,1,0,,,,0.9800000000000001,1,0.0,,5,,,,,,,3.5,4,ethanpinnock,,
Yeremi Pino,MF,MF,23.0,esESP,Villarreal,Big5,2,159,0,1,0,0,,,,2.034,1,0.2,,3,,,,,,,1.8,2,yeremipino,,
Yeremi Pino,"MF,FW",MF,23.0,esESP,Crystal Palace,Big5,32,1990,2,1,4,0,,,,41.99,11,4.5,,7,,,,,,6.71,22.1,25,yeremipino,,
Jakub Piotrowski,MF,MF,28.0,plPOL,Udinese,Big5,32,1643,1,1,2,0,,,,36.051,9,2.7,,15,,,,,,6.63,18.3,19,jakubpiotrowski,,
Joël Piroe,FW,FW,26.0,srSUR,Leeds United,Big5,14,228,0,0,0,0,,,,10.85,2,1.0,,1,,,,,,,2.5,2,joelpiroe,,
Niccolò Pisilli,MF,MF,21.0,itITA,Roma,Big5,23,1205,2,3,3,0,,,,17.956000000000003,5,1.7,,21,,,,,,6.85,13.4,11,niccolopisilli,,
Tommaso Pobega,MF,MF,26.0,itITA,Bologna,Big5,24,1301,2,1,1,1,,,,24.07,9,1.7,,18,,,,,,6.69,14.5,15,tommasopobega,,
Paul Pogba,MF,MF,33.0,frFRA,Monaco,Big5,6,119,0,0,0,0,,,,1.963,0,0.1,,1,,,,,,,1.3,1,paulpogba,,
Matteo Politano,"MF,FW",MF,32.0,itITA,Napoli,Big5,33,2121,2,5,4,0,,,,46.02,12,2.4,,4,,,,,,6.96,23.6,25,matteopolitano,,
Oumar Pona,GK,GK,19.0,frFRA,Angers,Big5,2,180,0,0,1,0,,,,0.0,0,,,0,,,6.0,46.2,0.0,,2.0,2,oumarpona,,
Marin Pongračić,DF,DF,28.0,hrCRO,Fiorentina,Big5,33,2804,0,0,11,0,,,,8.112,1,0.7,,35,,,,,,6.82,31.2,32,marinpongracic,,
Nick Pope,GK,GK,34.0,engENG,Newcastle United,Big5,25,2236,0,0,2,0,,,,0.9920000000000001,1,0.2,,0,,,78.0,70.3,7.0,6.92,24.8,25,nickpope,,
Pedro Porro,DF,DF,26.0,esESP,Tottenham Hotspur,Big5,32,2616,1,2,9,0,,,,29.973000000000003,8,1.0,,30,,,,,,7.14,29.1,30,pedroporro,,
Portu,"FW,MF",FW,33.0,esESP,Girona,Big5,10,474,0,0,2,0,,,,9.062999999999999,5,1.4,,2,,,,,,,5.3,4,portu,,
Stefan Posch,DF,DF,29.0,atAUT,Como,Big5,14,393,1,0,1,0,,,,8.052000000000001,3,0.8,,4,,,,,,,4.4,3,stefanposch,,
Freddie Potts,MF,MF,22.0,engENG,West Ham United,Big5,22,1171,0,1,1,0,,,,2.99,1,0.2,,16,,,,,,6.61,13.0,12,freddiepotts,,
Yussuf Poulsen,FW,FW,31.0,dkDEN,Hamburger SV,Big5,14,320,1,0,4,0,,,,7.092,3,0.8,,1,,,,,,,3.6,1,yussufpoulsen,,
Matteo Prati,MF,MF,22.0,itITA,Torino,Big5,11,534,0,0,2,0,,,,10.915000000000001,0,1.6,,4,,,,,,6.55,5.9,6,matteoprati,,
Abdón Prats,FW,FW,33.0,esESP,Mallorca,Big5,13,125,0,0,0,0,,,,4.032,1,0.9,,0,,,,,,,1.4,0,abdonprats,,
Ivan Provedel,GK,GK,32.0,itITA,Lazio,Big5,27,2430,0,0,1,0,,,,0.0,0,,,0,,,87.0,78.6,12.0,7.21,27.0,27,ivanprovedel,,
Javi Puado,"MF,FW",MF,27.0,esESP,Espanyol,Big5,10,674,2,0,2,0,,,,15.0,9,3.5,,3,,,,,,,7.5,8,javipuado,,
Christian Pulisic,FW,FW,27.0,usUSA,Milan,Big5,28,1549,8,3,0,0,,,,50.052,24,8.1,,3,,,,,,7.11,17.2,18,christianpulisic,,
Kenny Quetant,FW,FW,19.0,frFRA,Le Havre,Big5,9,372,1,0,1,0,,,,7.953999999999999,2,0.7,,1,,,,,,,4.1,4,kennyquetant,,
Adrien Rabiot,MF,MF,31.0,frFRA,Marseille,Big5,1,90,0,0,1,0,,,,1.0,0,0.0,,0,,,,,,,1.0,1,adrienrabiot,,
Adrien Rabiot,MF,MF,31.0,frFRA,Milan,Big5,27,2370,6,4,6,1,,,,41.028000000000006,11,4.3,,16,,,,,,7.48,26.3,26,adrienrabiot,,
Uroš Radaković,DF,DF,32.0,rsSRB,Nantes,Big5,6,101,0,0,0,0,,,,0.9790000000000001,0,,,4,,,,,,,1.1,1,urosradakovic,,
Ugo Raghouber,MF,MF,22.0,frFRA,Levante,Big5,14,692,0,0,1,0,,,,3.003,0,0.1,,15,,,,,,,7.7,8,ugoraghouber,,
Antonio Raillo,DF,DF,34.0,esESP,Mallorca,Big5,23,2032,0,1,4,0,,,,11.978000000000002,1,0.5,,12,,,,,,6.74,22.6,23,antonioraillo,,
Ylber Ramadani,MF,MF,30.0,alALB,Lecce,Big5,35,3031,1,0,8,0,,,,33.026,5,1.1,,44,,,,,,6.96,33.7,35,ylberramadani,,
Jacobo Ramón,DF,DF,21.0,esESP,Como,Big5,30,2562,2,0,10,1,,,,33.915,7,4.6,,34,,,,,,7.24,28.5,28,jacoboramon,,
Gonçalo Ramos,FW,FW,24.0,ptPOR,Paris Saint-Germain,Big5,29,1254,6,1,4,1,,,,56.851,25,9.0,,4,,,,,,6.7,13.9,13,goncaloramos,,
Aaron Ramsdale,GK,GK,28.0,engENG,Newcastle United,Big5,12,1004,0,0,2,0,,,,0.0,0,,,0,,,24.0,63.2,1.0,,11.2,11,aaronramsdale,,
Jacob Ramsey,MF,MF,24.0,engENG,Newcastle United,Big5,26,1270,2,2,5,1,,,,15.932999999999998,4,1.2,,9,,,,,,6.79,14.1,13,jacobramsey,,
Luca Ranieri,DF,DF,27.0,itITA,Fiorentina,Big5,33,2395,1,0,8,0,,,,18.088,3,1.9,,24,,,,,,6.81,26.6,28,lucaranieri,,
Raphinha,"MF,FW",MF,29.0,brBRA,Barcelona,Big5,21,1318,11,3,5,0,,,,59.85999999999999,20,10.4,,6,,,,,,7.77,14.6,17,raphinha,Raphinha,70000000.0
Marcus Rashford,"MF,FW",MF,28.0,engENG,Barcelona,Big5,31,1673,8,7,3,0,,,,76.074,29,7.5,,2,,,,,,7.18,18.6,17,marcusrashford,,
Giacomo Raspadori,MF,MF,26.0,itITA,Atalanta,Big5,11,643,3,1,0,0,,,,23.855999999999998,11,3.2,,1,,,,,,,7.1,5,giacomoraspadori,,
Andrei Ratiu,DF,DF,27.0,roROU,Rayo Vallecano,Big5,32,2696,0,3,9,0,,,,30.0,9,2.3,,39,,,,,,7.24,30.0,30,andreiratiu,,
Petar Ratkov,FW,FW,22.0,rsSRB,Lazio,Big5,8,233,0,0,0,0,,,,6.032,1,0.6,,1,,,,,,,2.6,2,petarratkov,,
David Raum,DF,DF,28.0,deGER,RB Leipzig,Big5,30,2553,3,7,6,0,,,,24.139999999999997,8,2.2,,33,,,,,,7.63,28.4,29,davidraum,,
Federico Ravaglia,GK,GK,26.0,itITA,Bologna,Big5,17,1470,0,0,4,0,,,,0.0,0,,,0,,,52.0,65.8,2.0,,16.3,16,federicoravaglia,,
David Raya,GK,GK,30.0,esESP,Arsenal,Big5,36,3240,0,0,1,0,,,,0.0,0,,,1,,,59.0,69.8,18.0,7.21,36.0,36,davidraya,,
Rayan,MF,MF,19.0,brBRA,Bournemouth,Big5,13,956,5,2,1,0,,,,24.91,8,2.9,,6,,,,,,,10.6,11,rayan,Rayan,60000000.0
Federico Redondo,MF,MF,23.0,arARG,Elche,Big5,11,179,0,0,0,1,,,,1.0,0,0.1,,5,,,,,,,2.0,1,federicoredondo,,
Harrison Reed,MF,MF,31.0,engENG,Fulham,Big5,7,94,1,0,0,0,,,,1.91,1,0.1,,0,,,,,,,1.0,1,harrisonreed,,
Alejandro Rego,MF,MF,22.0,esESP,Athletic Club,Big5,27,1228,1,1,6,0,,,,11.016,3,0.6,,20,,,,,,6.57,13.6,11,alejandrorego,,
Tijjani Reijnders,MF,MF,27.0,nlNED,Manchester City,Big5,27,1555,5,2,2,0,,,,44.980000000000004,15,4.5,,11,,,,,,6.96,17.3,18,tijjanireijnders,Tijjani Reijnders,50000000.0
Vitor Reis,DF,DF,20.0,brBRA,Girona,Big5,33,2868,1,1,8,1,,,,15.95,3,1.6,,33,,,,,,6.86,31.9,32,vitorreis,,
Nicolai Remberg,MF,MF,25.0,deGER,Hamburger SV,Big5,31,2790,0,2,11,0,,,,16.12,8,1.0,,43,,,,,,7.02,31.0,31,nicolairemberg,,
Álex Remiro,GK,GK,31.0,esESP,Real Sociedad,Big5,35,3150,0,0,1,0,,,,0.0,0,,,1,,,93.0,65.0,3.0,6.63,35.0,35,alexremiro,,
Devyne Rensch,MF,MF,23.0,nlNED,Roma,Big5,22,1040,1,4,1,0,,,,4.9879999999999995,2,0.3,,12,,,,,,,11.6,11,devynerensch,,
Guillaume Restes,GK,GK,21.0,frFRA,Toulouse,Big5,33,2939,0,0,3,0,,,,0.0,0,,,1,,,84.0,67.7,9.0,6.85,32.7,33,guillaumerestes,,
Oriol Rey,MF,MF,28.0,esESP,Levante,Big5,19,1274,0,1,4,0,,,,8.094,1,0.5,,11,,,,,,,14.2,14,oriolrey,,
Chadi Riad,DF,DF,22.0,maMAR,Crystal Palace,Big5,7,389,0,1,2,0,,,,1.978,1,0.3,,1,,,,,,,4.3,4,chadiriad,,
Alexsandro Ribeiro,DF,DF,26.0,brBRA,Lille,Big5,9,509,0,0,0,1,,,,7.0680000000000005,2,0.4,,11,,,,,,,5.7,7,alexsandroribeiro,,
Samuele Ricci,MF,MF,24.0,itITA,Milan,Big5,30,1289,1,4,2,0,,,,18.018,6,1.5,,9,,,,,,6.72,14.3,11,samuelericci,,
Declan Rice,MF,MF,27.0,engENG,Arsenal,Big5,35,3004,4,5,3,0,,,,40.08,13,3.2,,32,,,,,,7.56,33.4,34,declanrice,Declan Rice,120000000.0
Chris Richards,DF,DF,26.0,usUSA,Crystal Palace,Big5,32,2797,1,0,3,0,,,,14.928,2,2.4,,43,,,,,,6.87,31.1,31,chrisrichards,,
Richarlison,"FW,MF",FW,29.0,brBRA,Tottenham Hotspur,Big5,30,1802,10,4,5,0,,,,56.0,24,8.1,,7,,,,,,6.87,20.0,18,richarlison,,
Diego Rico,DF,DF,33.0,esESP,Getafe,Big5,28,1758,0,0,4,0,,,,10.920000000000002,1,0.3,,33,,,,,,6.78,19.5,18,diegorico,,
Clemens Riedel,DF,DF,22.0,deGER,Espanyol,Big5,19,1306,0,1,5,0,,,,3.045,1,0.1,,11,,,,,,6.77,14.5,15,clemensriedel,,
Fabian Rieder,MF,MF,24.0,chSUI,Rennes,Big5,3,133,0,0,0,0,,,,1.02,0,0.0,,2,,,,,,,1.5,2,fabianrieder,,
Chris Rigg,MF,MF,18.0,engENG,Sunderland,Big5,16,746,1,0,1,0,,,,12.035,3,0.8,,3,,,,,,,8.3,11,chrisrigg,,
Filippo Rinaldi,GK,GK,23.0,itITA,Parma,Big5,1,90,0,0,1,0,,,,0.0,0,,,0,,,4.0,100.0,1.0,,1.0,1,filipporinaldi,,
Hugo Rincón,DF,DF,23.0,esESP,Girona,Big5,32,1717,1,1,4,0,,,,7.067,2,0.9,,5,,,,,,6.64,19.1,16,hugorincon,,
Rodrigo Riquelme,MF,MF,26.0,esESP,Real Betis,Big5,24,809,1,1,2,0,,,,24.03,7,2.2,,5,,,,,,6.47,9.0,7,rodrigoriquelme,,
Robin Risser,GK,GK,21.0,frFRA,Lens,Big5,33,2970,0,1,2,0,,,,0.0,0,,,0,,,76.0,69.8,11.0,7.02,33.0,33,robinrisser,,
Sergi Roberto,MF,MF,34.0,esESP,Como,Big5,18,527,0,0,3,0,,,,7.08,2,1.0,,5,,,,,,,5.9,5,sergiroberto,,
Andrew Robertson,DF,DF,32.0,sctSCO,Liverpool,Big5,23,1094,1,0,0,0,,,,9.027999999999999,3,1.1,,6,,,,,,6.75,12.2,10,andrewrobertson,,
Antonee Robinson,"DF,MF",DF,28.0,usUSA,Fulham,Big5,20,1312,0,0,4,0,,,,3.942,0,1.1,,23,,,,,,7.16,14.6,15,antoneerobinson,,
Joel Roca,MF,MF,20.0,esESP,Girona,Big5,29,1255,3,1,3,1,,,,38.92,14,3.7,,2,,,,,,6.54,13.9,13,joelroca,,
Marc Roca,MF,MF,29.0,esESP,Real Betis,Big5,27,1925,1,1,1,0,,,,13.91,5,1.4,,23,,,,,,6.79,21.4,22,marcroca,,
Joe Rodon,DF,DF,28.0,wlsWAL,Leeds United,Big5,33,2771,2,0,3,0,,,,17.864,7,1.4,,29,,,,,,6.7,30.8,31,joerodon,,
Rodri,MF,MF,29.0,esESP,Manchester City,Big5,20,1421,1,0,2,0,,,,12.008000000000001,2,1.1,,11,,,,,,7.51,15.8,16,rodri,Rodri,50000000.0
Álvaro Rodríguez,FW,FW,21.0,uyURU,Elche,Big5,32,2042,6,5,1,0,,,,71.051,22,8.8,,4,,,,,,6.93,22.7,22,alvarorodriguez,,
Guido Rodríguez,MF,MF,32.0,arARG,West Ham United,Big5,6,180,0,0,1,0,,,,1.0,0,0.0,,2,,,,,,,2.0,2,guidorodriguez,,
Jesus Rodríguez,MF,MF,20.0,esESP,Como,Big5,29,1630,1,7,2,1,,,,43.983000000000004,11,4.0,,4,,,,,,6.93,18.1,17,jesusrodriguez,,
Juan Rodríguez,DF,DF,20.0,uyURU,Cagliari,Big5,15,1240,0,0,3,0,,,,2.07,1,0.8,,17,,,,,,,13.8,15,juanrodriguez,,
Ricardo Rodríguez,DF,DF,33.0,chSUI,Real Betis,Big5,22,1457,0,1,0,0,,,,3.078,0,0.1,,8,,,,,,6.72,16.2,17,ricardorodriguez,,
Rodrygo,"MF,FW",MF,25.0,brBRA,Real Madrid,Big5,19,684,1,3,3,0,,,,26.979999999999997,11,2.6,,3,,,,,,,7.6,6,rodrygo,Rodrygo,45000000.0
Robin Roefs,GK,GK,23.0,nlNED,Sunderland,Big5,33,2970,0,0,4,0,,,,0.0,0,,,0,,,103.0,70.8,10.0,6.95,33.0,33,robinroefs,,
Morgan Rogers,MF,MF,23.0,engENG,Aston Villa,Big5,36,3190,9,5,7,0,,,,82.836,31,6.8,,13,,,,,,7.0,35.4,36,morganrogers,Morgan Rogers,90000000.0
Merlin Röhl,MF,MF,23.0,deGER,Everton,Big5,14,534,0,0,0,0,,,,7.965000000000001,0,0.8,,3,,,,,,,5.9,4,merlinrohl,,
Filippo Romagna,DF,DF,28.0,itITA,Sassuolo,Big5,5,313,0,0,0,0,,,,2.03,0,0.0,,5,,,,,,,3.5,4,filipporomagna,,
Alessio Romagnoli,DF,DF,31.0,itITA,Lazio,Big5,31,2576,0,0,6,1,,,,8.866,4,1.5,,31,,,,,,6.86,28.6,30,alessioromagnoli,,
Leo Román,GK,GK,25.0,esESP,Mallorca,Big5,31,2790,0,0,4,0,,,,0.0,0,,,1,,,98.0,69.8,3.0,6.79,31.0,31,leoroman,,
Carlos Romero,DF,DF,24.0,esESP,Espanyol,Big5,34,3011,5,3,4,0,,,,38.19,10,2.8,,35,,,,,,7.15,33.5,34,carlosromero,,
Cristian Romero,DF,DF,28.0,arARG,Tottenham Hotspur,Big5,23,1868,4,1,11,2,,,,17.056,6,1.3,,31,,,,,,7.06,20.8,22,cristianromero,Cristian Romero,45000000.0
Isaac Romero,"FW,MF",FW,25.0,esESP,Sevilla,Big5,27,1408,4,0,6,1,,,,37.908,13,5.3,,5,,,,,,6.42,15.6,17,isaacromero,,
Iván Romero,"FW,MF",FW,25.0,esESP,Levante,Big5,30,2093,7,1,5,0,,,,57.08500000000001,17,8.6,,11,,,,,,6.84,23.3,26,ivanromero,,
Rômulo,FW,FW,24.0,brBRA,RB Leipzig,Big5,29,2170,9,4,3,0,,,,61.937,27,14.4,,11,,,,,,7.06,24.1,27,romulo,,
Valentin Rongier,MF,MF,31.0,frFRA,Rennes,Big5,30,2655,2,5,6,0,,,,20.945,10,1.0,,36,,,,,,7.54,29.5,30,valentinrongier,,
Marten de Roon,MF,MF,35.0,nlNED,Atalanta,Big5,32,2549,1,2,8,1,,,,13.867,4,0.8,,22,,,,,,7.07,28.3,30,martenderoon,,
Valentin Rosier,"DF,MF",DF,29.0,frFRA,Osasuna,Big5,29,2380,1,1,6,1,,,,16.896,3,0.7,,42,,,,,,6.99,26.4,28,valentinrosier,,
Anthony Rouault,DF,DF,24.0,frFRA,Rennes,Big5,20,1634,1,0,4,0,,,,9.1,3,1.5,,16,,,,,,6.84,18.2,18,anthonyrouault,,
Nicolò Rovella,MF,MF,24.0,itITA,Lazio,Big5,10,443,0,1,2,0,,,,0.9800000000000001,0,0.0,,8,,,,,,,4.9,5,nicolorovella,,
Jonathan Rowe,"MF,FW",MF,23.0,engENG,Bologna,Big5,26,1428,3,1,2,0,,,,44.043,15,4.0,,7,,,,,,6.82,15.9,15,jonathanrowe,,
Amir Rrahmani,DF,DF,32.0,xkKVX,Napoli,Big5,19,1615,1,1,2,0,,,,11.993,2,1.4,,21,,,,,,7.34,17.9,19,amirrrahmani,,
Antonio Rüdiger,DF,DF,33.0,deGER,Real Madrid,Big5,17,1400,1,0,0,0,,,,12.012,1,0.9,,4,,,,,,,15.6,15,antoniorudiger,,
Daniele Rugani,DF,DF,31.0,itITA,Fiorentina,Big5,5,261,0,0,2,0,,,,0.0,0,0.1,,3,,,,,,,2.9,3,danielerugani,,
Aitor Ruibal,"DF,MF",DF,30.0,esESP,Real Betis,Big5,27,1808,4,2,6,1,,,,30.954000000000004,12,3.8,,20,,,,,,6.93,20.1,20,aitorruibal,,
Abel Ruiz,FW,FW,26.0,esESP,Girona,Big5,9,187,0,0,0,0,,,,5.061000000000001,1,0.3,,1,,,,,,,2.1,0,abelruiz,,
Gerónimo Rulli,GK,GK,33.0,arARG,Marseille,Big5,28,2520,0,0,3,0,,,,1.12,0,0.0,,0,,,72.0,72.0,8.0,7.17,28.0,28,geronimorulli,,
Jacen Russell-Rowe,FW,FW,23.0,caCAN,Toulouse,Big5,13,472,1,0,0,0,,,,10.920000000000002,4,1.4,,1,,,,,,,5.2,5,jacenrussellrowe,,
Mathew Ryan,GK,GK,34.0,auAUS,Levante,Big5,34,3060,0,0,3,0,,,,2.04,0,0.2,,1,,,115.0,69.1,8.0,7.05,34.0,34,mathewryan,,
Stefano Sabelli,"MF,DF",MF,33.0,itITA,Genoa,Big5,15,854,0,0,0,0,,,,5.035,0,0.5,,3,,,,,,,9.5,11,stefanosabelli,,
Noah Sadiki,MF,MF,21.0,cdCOD,Sunderland,Big5,31,2723,0,1,8,0,,,,19.089000000000002,5,1.5,,33,,,,,,6.81,30.3,31,noahsadiki,,
Alexis Saelemaekers,MF,MF,26.0,beBEL,Milan,Big5,34,2698,2,3,5,0,,,,42.0,10,3.3,,30,,,,,,7.37,30.0,32,alexissaelemaekers,,
Emir Sahiti,FW,FW,27.0,xkKVX,Hamburger SV,Big5,2,120,0,0,0,0,,,,0.0,0,,,0,,,,,,,1.3,2,emirsahiti,,
Osame Sahraoui,MF,MF,24.0,maMAR,Lille,Big5,17,476,1,2,0,0,,,,11.024,4,0.9,,4,,,,,,,5.3,4,osamesahraoui,,
Wesley Saïd,MF,MF,31.0,frFRA,Lens,Big5,28,1901,10,2,2,0,,,,54.86000000000001,25,9.9,,9,,,,,,7.24,21.1,25,wesleysaid,,
Allan Saint-Maximin,MF,MF,29.0,frFRA,Lens,Big5,10,410,3,3,0,0,,,,21.206,3,1.6,,0,,,,,,,4.6,2,allansaintmaximin,,
Bukayo Saka,"FW,MF",FW,24.0,engENG,Arsenal,Big5,30,2132,7,4,2,0,,,,68.019,27,7.6,,15,,,,,,7.52,23.7,24,bukayosaka,Bukayo Saka,110000000.0
Álex Sala,MF,MF,25.0,esESP,Lecce,Big5,9,167,0,1,0,0,,,,4.104,2,0.3,,3,,,,,,,1.9,2,alexsala,,
Mohamed Salah,MF,MF,33.0,egEGY,Liverpool,Big5,25,2056,7,6,1,0,,,,63.839999999999996,17,8.2,,3,,,,,,7.07,22.8,22,mohamedsalah,,
Kike Salas,DF,DF,24.0,esESP,Sevilla,Big5,24,2023,2,0,1,0,,,,17.1,7,1.5,,35,,,,,,7.25,22.5,22,kikesalas,,
William Saliba,DF,DF,25.0,frFRA,Arsenal,Big5,30,2524,1,0,2,0,,,,5.04,1,0.9,,15,,,,,,7.16,28.0,29,williamsaliba,William Saliba,100000000.0
José Salinas,DF,DF,25.0,esESP,Espanyol,Big5,11,257,0,0,2,0,,,,1.015,0,0.2,,3,,,,,,,2.9,2,josesalinas,,
Mohammed Salisu,DF,DF,27.0,ghGHA,Monaco,Big5,12,1080,1,0,3,0,,,,8.040000000000001,2,0.8,,19,,,,,,,12.0,12,mohammedsalisu,,
Lazar Samardzic,MF,MF,24.0,rsSRB,Atalanta,Big5,25,969,2,1,1,0,,,,22.032000000000004,7,3.0,,9,,,,,,6.7,10.8,10,lazarsamardzic,,
Mbwana Samatta,FW,FW,33.0,tzTAN,Le Havre,Big5,26,1452,2,1,4,0,,,,41.86000000000001,16,3.9,,4,,,,,,6.41,16.1,16,mbwanasamatta,,
Brice Samba,GK,GK,32.0,frFRA,Rennes,Big5,32,2880,0,0,5,0,,,,0.0,0,,,0,,,84.0,67.5,10.0,6.94,32.0,32,bricesamba,,
Albert Sambi Lokonga,MF,MF,26.0,beBEL,Hamburger SV,Big5,25,1620,5,0,3,0,,,,16.02,10,2.1,,13,,,,,,6.88,18.0,19,albertsambilokonga,,
Antonio Sanabria,FW,FW,30.0,pyPAR,Cremonese,Big5,25,945,1,1,2,0,,,,11.969999999999999,4,2.9,,1,,,,,,6.19,10.5,10,antoniosanabria,,
Oihan Sancet,MF,MF,26.0,esESP,Athletic Club,Big5,28,1788,4,0,4,1,,,,48.157999999999994,15,6.5,,3,,,,,,6.61,19.9,22,oihansancet,,
Alexis Sánchez,"FW,MF",FW,37.0,clCHI,Sevilla,Big5,26,1207,4,2,2,0,,,,23.986,8,3.8,,7,,,,,,6.67,13.4,10,alexissanchez,,
Antonio Sánchez,"MF,DF",MF,29.0,esESP,Mallorca,Big5,29,1044,0,0,5,1,,,,6.032,3,0.4,,16,,,,,,6.27,11.6,9,antoniosanchez,,
Juanlu Sánchez,"MF,DF",MF,22.0,esESP,Sevilla,Big5,31,1969,0,3,5,1,,,,14.016,1,0.8,,11,,,,,,6.75,21.9,23,juanlusanchez,,
Robert Sánchez,GK,GK,28.0,esESP,Chelsea,Big5,33,2859,0,1,3,1,,,,0.0,0,,,1,,,90.0,67.4,9.0,7.07,31.8,33,robertsanchez,,
Selton Sánchez,MF,MF,19.0,esESP,Athletic Club,Big5,7,196,0,1,0,0,,,,4.048000000000001,1,0.3,,1,,,,,,,2.2,2,seltonsanchez,,
Jadon Sancho,MF,MF,26.0,engENG,Aston Villa,Big5,22,875,0,2,0,0,,,,9.991,3,0.6,,2,,,,,,6.52,9.7,9,jadonsancho,,
Álex Sancris,"MF,FW",MF,29.0,esESP,Getafe,Big5,18,708,0,1,4,1,,,,13.035,5,0.4,,2,,,,,,,7.9,5,alexsancris,,
Ibou Sané,"FW,MF",FW,21.0,snSEN,Metz,Big5,16,541,1,1,2,0,,,,6.0,3,0.4,,1,,,,,,,6.0,5,ibousane,,
Sadibou Sané,DF,DF,21.0,snSEN,Metz,Big5,22,1850,2,1,5,2,,,,4.944,2,0.3,,39,,,,,,6.6,20.6,21,sadibousane,,
Arouna Sangante,DF,DF,24.0,snSEN,Le Havre,Big5,27,2235,1,1,4,2,,,,8.927999999999999,5,0.4,,35,,,,,,6.88,24.8,27,arounasangante,,
Buba Sangaré,"DF,MF",DF,18.0,esESP,Elche,Big5,10,487,0,0,2,0,,,,1.998,0,0.1,,6,,,,,,,5.4,7,bubasangare,,
Ibrahim Sangaré,MF,MF,28.0,ciCIV,Nottingham Forest,Big5,26,1990,2,2,5,0,,,,15.912,5,1.1,,18,,,,,,6.94,22.1,24,ibrahimsangare,,
Mamadou Sangare,MF,MF,23.0,mlMLI,Lens,Big5,29,2323,3,4,5,0,,,,52.88999999999999,14,3.3,,40,,,,,,7.69,25.8,27,mamadousangare,Mamadou Sangaré,40000000.0
Nhoa Sangui,DF,DF,20.0,frFRA,Paris FC,Big5,26,1737,0,0,0,0,,,,4.053,1,0.3,,21,,,,,,6.74,19.3,18,nhoasangui,,
Maroan Sannadi,FW,FW,25.0,maMAR,Athletic Club,Big5,9,279,1,0,2,0,,,,7.998,4,1.1,,1,,,,,,,3.1,2,maroansannadi,,
Morgan Sanson,MF,MF,31.0,frFRA,Nice,Big5,30,1686,0,2,4,0,,,,17.017,4,2.5,,24,,,,,,6.45,18.7,19,morgansanson,,
Yago Santiago,MF,MF,23.0,esESP,Elche,Big5,9,281,0,0,1,0,,,,1.9840000000000002,0,0.1,,1,,,,,,,3.1,3,yagosantiago,,
Alisson Santos,MF,MF,23.0,brBRA,Napoli,Big5,12,746,4,0,0,0,,,,27.058,15,1.4,,2,,,,,,,8.3,7,alissonsantos,,
Andrey Santos,MF,MF,22.0,brBRA,Chelsea,Big5,26,1170,0,0,4,0,,,,10.01,1,2.0,,18,,,,,,6.73,13.0,12,andreysantos,Andrey Santos,40000000.0
Tiago Santos,DF,DF,23.0,ptPOR,Lille,Big5,15,709,0,0,0,0,,,,9.006,0,0.4,,5,,,,,,,7.9,8,tiagosantos,,
Jeremy Sarmiento,MF,MF,23.0,ecECU,Cremonese,Big5,7,142,0,0,0,0,,,,2.032,2,0.1,,2,,,,,,,1.6,0,jeremysarmiento,,
Bouna Sarr,"MF,DF",MF,34.0,snSEN,Metz,Big5,11,805,0,0,1,0,,,,12.905,3,1.6,,9,,,,,,,8.9,9,bounasarr,,
Ismaila Sarr,MF,MF,28.0,snSEN,Crystal Palace,Big5,26,2040,8,1,2,0,,,,46.080999999999996,20,10.9,,7,,,,,,6.91,22.7,22,ismailasarr,,
Malang Sarr,DF,DF,27.0,frFRA,Lens,Big5,32,2880,0,1,3,0,,,,22.08,5,1.4,,76,,,,,,7.39,32.0,32,malangsarr,,
Mamadou Sarr,DF,DF,20.0,snSEN,Strasbourg,Big5,15,1305,0,0,3,0,,,,1.0150000000000001,0,0.1,,5,,,,,,,14.5,15,mamadousarr,,
Mamadou Sarr,DF,DF,20.0,snSEN,Chelsea,Big5,2,92,0,0,0,0,,,,0.98,0,0.4,,1,,,,,,,1.0,1,mamadousarr,,
Martin Satriano,"FW,MF",FW,25.0,uyURU,Getafe,Big5,17,1513,6,1,4,0,,,,33.936,14,4.3,,9,,,,,,,16.8,17,martinsatriano,,
Martin Satriano,FW,FW,25.0,uyURU,Lyon,Big5,11,692,2,1,1,0,,,,16.016000000000002,7,1.8,,5,,,,,,,7.7,8,martinsatriano,,
Mario Sauer,MF,MF,21.0,skSVK,Toulouse,Big5,25,651,1,0,4,0,,,,13.968,3,1.8,,10,,,,,,,7.2,6,mariosauer,,
Razvan Sava,GK,GK,23.0,roROU,Udinese,Big5,7,620,0,0,1,0,,,,0.0,0,,,0,,,14.0,50.0,1.0,,6.9,6,razvansava,,
Nicolò Savona,DF,DF,23.0,itITA,Nottingham Forest,Big5,14,1028,2,0,2,0,,,,5.016,3,1.3,,5,,,,,,,11.4,11,nicolosavona,,
Giorgio Scalvini,DF,DF,22.0,itITA,Atalanta,Big5,22,1652,3,1,2,0,,,,20.056,6,2.6,,38,,,,,,7.29,18.4,21,giorgioscalvini,,
Gianluca Scamacca,FW,FW,27.0,itITA,Atalanta,Big5,23,1305,10,1,2,0,,,,56.985,22,6.7,,3,,,,,,6.93,14.5,16,gianlucascamacca,,
Oliver Scarles,"DF,MF",DF,20.0,engENG,West Ham United,Big5,13,659,0,0,2,0,,,,2.993,0,0.2,,13,,,,,,,7.3,9,oliverscarles,,
Kevin Schade,"MF,FW",MF,24.0,deGER,Brentford,Big5,33,2627,7,3,6,1,,,,51.1,22,12.2,,19,,,,,,6.83,29.2,31,kevinschade,,
Fabian Schär,DF,DF,34.0,chSUI,Newcastle United,Big5,16,1091,0,0,1,0,,,,16.939999999999998,4,1.0,,16,,,,,,,12.1,11,fabianschar,,
Xaver Schlager,MF,MF,28.0,atAUT,RB Leipzig,Big5,26,1837,3,1,6,0,,,,21.012,7,2.1,,7,,,,,,7.12,20.4,21,xaverschlager,,
Alex Scott,MF,MF,22.0,engENG,Bournemouth,Big5,36,2759,3,1,5,0,,,,44.208,13,3.8,,35,,,,,,7.17,30.7,33,alexscott,Alex Scott,50000000.0
Simone Scuffet,GK,GK,29.0,itITA,Pisa,Big5,7,630,0,0,0,0,,,,0.0,0,,,0,,,14.0,53.8,1.0,,7.0,7,simonescuffet,,
Jenson Seelt,DF,DF,22.0,nlNED,Sunderland,Big5,2,134,0,0,0,0,,,,0.0,0,,,0,,,,,,,1.5,1,jensonseelt,,
Alidu Seidu,DF,DF,25.0,ghGHA,Rennes,Big5,21,1186,0,1,1,0,,,,5.016,1,0.1,,17,,,,,,6.87,13.2,13,aliduseidu,,
Nicolas Seiwald,MF,MF,25.0,atAUT,RB Leipzig,Big5,32,2622,0,2,2,0,,,,20.079,7,1.8,,60,,,,,,7.16,29.1,30,nicolasseiwald,,
Ayumu Seko,"MF,DF",MF,25.0,jpJPN,Le Havre,Big5,30,2625,0,0,6,0,,,,16.936,6,1.0,,35,,,,,,6.8,29.2,29,ayumuseko,,
Matz Sels,GK,GK,34.0,beBEL,Nottingham Forest,Big5,29,2488,0,0,2,0,,,,0.0,0,,,0,,,85.0,73.0,7.0,6.93,27.6,28,matzsels,,
Antoine Semenyo,"MF,FW",MF,26.0,ghGHA,Manchester City,Big5,15,1285,6,1,1,0,,,,32.032000000000004,12,11.1,,5,,,,,,7.34,14.3,15,antoinesemenyo,Antoine Semenyo,80000000.0
Adrian Šemper,GK,GK,28.0,hrCRO,Pisa,Big5,23,2070,0,0,0,0,,,,0.0,0,,,0,,,73.0,67.6,4.0,6.69,23.0,23,adriansemper,,
Marvin Senaya,"DF,MF",DF,25.0,ghGHA,Auxerre,Big5,24,1771,1,0,5,0,,,,14.972,5,1.4,,34,,,,,,6.85,19.7,20,marvinsenaya,,
Marcos Senesi,DF,DF,29.0,arARG,Bournemouth,Big5,35,3108,0,5,8,0,,,,16.905,5,1.5,,49,,,,,,7.19,34.5,35,marcossenesi,,
Ryan Sessegnon,"DF,MF",DF,25.0,engENG,Fulham,Big5,27,1823,3,1,0,0,,,,16.037000000000003,4,1.6,,23,,,,,,6.69,20.3,20,ryansessegnon,,
Stephan El Shaarawy,"MF,FW",MF,33.0,itITA,Roma,Big5,18,602,0,2,3,0,,,,15.008000000000003,6,1.5,,5,,,,,,,6.7,5,stephanelshaarawy,,
Djibril Sidibé,"MF,DF",MF,33.0,frFRA,Toulouse,Big5,32,2141,3,4,1,0,,,,8.092,5,2.8,,18,,,,,,6.84,23.8,25,djibrilsidibe,,
Jamil Siebert,DF,DF,24.0,deGER,Lecce,Big5,19,1521,1,0,3,0,,,,6.084,2,0.4,,15,,,,,,6.65,16.9,16,jamilsiebert,,
Francisco Sierralta,DF,DF,29.0,clCHI,Auxerre,Big5,10,861,1,0,2,0,,,,7.008,2,1.0,,9,,,,,,,9.6,9,franciscosierralta,,
André Silva,FW,FW,30.0,ptPOR,Elche,Big5,29,1768,10,0,2,0,,,,54.88,28,10.5,,4,,,,,,6.82,19.6,21,andresilva,,
Bernardo Silva,MF,MF,31.0,ptPOR,Manchester City,Big5,36,2759,2,4,10,0,,,,27.937,6,2.6,,20,,,,,,7.16,30.7,32,bernardosilva,,
Marco Silvestri,GK,GK,35.0,itITA,Cremonese,Big5,4,360,0,0,0,0,,,,0.0,0,,,0,,,15.0,68.2,0.0,,4.0,4,marcosilvestri,,
Abdallah Sima,"MF,FW",MF,24.0,snSEN,Lens,Big5,20,688,2,2,3,0,,,,28.804,9,3.0,,1,,,,,,6.6,7.6,6,abdallahsima,,
Giovanni Simeone,FW,FW,30.0,arARG,Torino,Big5,30,2050,11,0,1,0,,,,72.96000000000001,28,9.9,,5,,,,,,6.81,22.8,25,giovannisimeone,,
Moses Simon,"MF,FW",MF,30.0,ngNGA,Paris FC,Big5,28,1935,3,3,1,0,,,,32.895,10,2.7,,8,,,,,,6.7,21.5,24,mosessimon,,
Unai Simón,GK,GK,28.0,esESP,Athletic Club,Big5,36,3240,0,0,1,0,,,,0.0,0,,,0,,,96.0,65.3,6.0,6.97,36.0,36,unaisimon,,
Xavi Simons,"MF,FW",MF,23.0,nlNED,Tottenham Hotspur,Big5,28,1755,2,5,5,1,,,,41.925,10,3.1,,15,,,,,,6.92,19.5,19,xavisimons,Xavi Simons,40000000.0
Xavi Simons,MF,MF,23.0,nlNED,RB Leipzig,Big5,1,90,0,0,0,0,,,,0.0,0,,,1,,,,,,,1.0,1,xavisimons,Xavi Simons,40000000.0
Lassine Sinayoko,"FW,MF",FW,26.0,mlMLI,Auxerre,Big5,31,2680,10,4,8,0,,,,89.99600000000001,36,11.9,,24,,,,,,7.17,29.8,31,lassinesinayoko,,
Ibrahima Sissoko,"MF,DF",MF,28.0,mlMLI,Nantes,Big5,13,803,0,0,4,0,,,,5.963000000000001,0,0.2,,16,,,,,,,8.9,9,ibrahimasissoko,,
Antonio Sivera,GK,GK,29.0,esESP,Alavés,Big5,36,3240,0,0,3,0,,,,0.0,0,,,0,,,92.0,65.2,4.0,6.85,36.0,36,antoniosivera,,
Telli Siwe,DF,DF,21.0,frFRA,Auxerre,Big5,3,225,0,0,0,0,,,,1.0,0,0.1,,4,,,,,,,2.5,3,tellisiwe,,
Ellyes Skhiri,"MF,DF",MF,31.0,tnTUN,Eintracht Frankfurt,Big5,24,1354,0,0,3,1,,,,7.05,0,0.6,,24,,,,,,6.49,15.0,15,ellyesskhiri,,
Adam Smith,DF,DF,35.0,engENG,Bournemouth,Big5,20,899,0,2,3,0,,,,0.0,0,,,7,,,,,,,10.0,12,adamsmith,,
Emile Smith Rowe,MF,MF,25.0,engENG,Fulham,Big5,35,1774,3,0,1,0,,,,33.884,9,4.8,,22,,,,,,6.69,19.7,20,emilesmithrowe,,
Ivan Smolčić,DF,DF,25.0,hrCRO,Como,Big5,26,1552,0,1,8,0,,,,12.04,4,0.9,,23,,,,,,6.96,17.2,18,ivansmolcic,,
Simon Sohm,MF,MF,25.0,chSUI,Bologna,Big5,12,717,0,0,1,0,,,,4.0,1,0.8,,3,,,,,,6.48,8.0,9,simonsohm,,
Dominic Solanke,FW,FW,28.0,engENG,Tottenham Hotspur,Big5,15,1001,3,0,1,0,,,,19.98,11,2.4,,3,,,,,,,11.1,11,dominicsolanke,,
Carlos Soler,MF,MF,29.0,esESP,Real Sociedad,Big5,30,2104,4,3,3,1,,,,33.93,19,2.7,,15,,,,,,6.88,23.4,24,carlossoler,,
Oumar Solet,DF,DF,26.0,frFRA,Udinese,Big5,33,2779,3,1,1,0,,,,29.973,5,2.8,,41,,,,,,7.23,30.9,32,oumarsolet,,
Jhon Solis,MF,MF,21.0,coCOL,Girona,Big5,12,380,0,0,0,0,,,,2.9819999999999998,2,0.2,,4,,,,,,,4.2,3,jhonsolis,,
Manor Solomon,MF,MF,26.0,ilISR,Villarreal,Big5,6,150,1,1,0,0,,,,2.04,1,0.4,,0,,,,,,,1.7,1,manorsolomon,,
Manor Solomon,"FW,MF",FW,26.0,ilISR,Fiorentina,Big5,14,785,2,0,1,0,,,,8.004,3,0.9,,0,,,,,,,8.7,8,manorsolomon,,
Daniele Sommariva,GK,GK,28.0,itITA,Genoa,Big5,2,176,0,0,0,0,,,,0.0,0,,,0,,,8.0,66.7,0.0,,2.0,1,danielesommariva,,
Oliver Sonne,DF,DF,25.0,pePER,Burnley,Big5,7,169,1,0,0,0,,,,3.04,1,0.6,,1,,,,,,,1.9,1,oliversonne,,
David Soria,GK,GK,33.0,esESP,Getafe,Big5,36,3240,0,0,2,0,,,,0.0,0,,,0,,,108.0,74.8,11.0,7.11,36.0,36,davidsoria,,
Borna Sosa,"DF,MF",DF,28.0,hrCRO,Crystal Palace,Big5,7,101,0,0,1,0,,,,0.9790000000000001,0,0.0,,2,,,,,,,1.1,0,bornasosa,,
Florian Sotoca,MF,MF,35.0,frFRA,Lens,Big5,25,417,0,0,1,0,,,,11.913999999999998,0,0.7,,7,,,,,,,4.6,3,floriansotoca,,
Riccardo Sottil,"FW,MF",FW,26.0,itITA,Lecce,Big5,21,1066,1,2,1,0,,,,19.942,3,0.7,,2,,,,,,6.47,11.8,13,riccardosottil,,
Tomáš Souček,MF,MF,31.0,czCZE,West Ham United,Big5,33,2048,5,0,2,1,,,,23.028000000000002,12,5.7,,16,,,,,,6.88,22.8,22,tomassoucek,,
Matìas Soulé,"MF,FW",MF,23.0,arARG,Roma,Big5,31,2060,6,5,1,0,,,,48.089999999999996,15,4.0,,9,,,,,,7.08,22.9,27,matiassoule,,
Aboubaka Soumahoro,"MF,DF",MF,21.0,frFRA,Hamburger SV,Big5,4,136,0,0,1,0,,,,0.0,0,,,0,,,,,,,1.5,2,aboubakasoumahoro,,
Sambou Soumano,FW,FW,25.0,snSEN,Lorient,Big5,30,931,4,2,2,0,,,,27.913,10,5.4,,4,,,,,,6.39,10.3,8,sambousoumano,,
Issa Soumaré,"FW,MF",FW,25.0,snSEN,Le Havre,Big5,33,2858,7,5,3,0,,,,74.09400000000001,26,14.7,,12,,,,,,7.09,31.8,32,issasoumare,,
Souza,MF,MF,19.0,brBRA,Tottenham Hotspur,Big5,4,144,0,0,1,0,,,,0.992,1,0.0,,2,,,,,,,1.6,2,souza,,
Djibril Sow,MF,MF,29.0,chSUI,Sevilla,Big5,31,2007,5,4,6,0,,,,18.955000000000002,8,1.8,,19,,,,,,6.74,22.3,25,djibrilsow,,
Djed Spence,"DF,MF",DF,25.0,engENG,Tottenham Hotspur,Big5,28,1943,0,0,4,0,,,,12.096000000000002,7,0.9,,15,,,,,,6.63,21.6,22,djedspence,,
Leonardo Spinazzola,"MF,DF",MF,33.0,itITA,Napoli,Big5,31,1823,3,3,2,0,,,,21.112000000000002,7,1.2,,4,,,,,,6.94,20.3,21,leonardospinazzola,,
Anton Stach,MF,MF,27.0,deGER,Leeds United,Big5,28,2297,5,3,3,0,,,,54.06,14,2.9,,19,,,,,,7.31,25.5,27,antonstach,,
Benjamin Stambouli,MF,MF,35.0,frFRA,Metz,Big5,18,896,0,0,0,0,,,,6.0,1,0.3,,9,,,,,,,10.0,9,benjaminstambouli,,
Nicolae Stanciu,MF,MF,33.0,roROU,Genoa,Big5,4,180,0,0,0,0,,,,5.0,0,1.2,,3,,,,,,,2.0,2,nicolaestanciu,,
Otto Stange,FW,FW,19.0,deGER,Hamburger SV,Big5,9,217,0,0,0,0,,,,7.967999999999999,1,1.0,,0,,,,,,,2.4,1,ottostange,,
Filip Stojilković,"FW,MF",FW,26.0,chSUI,Pisa,Big5,11,538,0,0,0,0,,,,8.040000000000001,3,2.7,,0,,,,,,,6.0,6,filipstojilkovic,,
John Stones,DF,DF,31.0,engENG,Manchester City,Big5,8,362,0,0,0,0,,,,0.0,0,,,2,,,,,,,4.0,4,johnstones,,
Jørgen Strand Larsen,FW,FW,26.0,noNOR,Crystal Palace,Big5,12,767,3,0,2,0,,,,18.955,6,5.3,,1,,,,,,6.23,8.5,10,jrgenstrandlarsen,Jørgen Strand Larsen,40000000.0
Gabriel Strefezza,FW,FW,29.0,brBRA,Parma,Big5,13,949,2,2,3,0,,,,23.939999999999998,7,1.0,,5,,,,,,,10.5,12,gabrielstrefezza,,
Pascal Struijk,DF,DF,26.0,nlNED,Leeds United,Big5,33,2846,0,1,5,0,,,,30.968,5,3.0,,30,,,,,,6.91,31.6,32,pascalstruijk,,
Cristhian Stuani,FW,FW,39.0,uyURU,Girona,Big5,18,299,4,0,4,0,,,,12.903,9,5.4,,1,,,,,,,3.3,1,cristhianstuani,,
Nikola Štulić,FW,FW,24.0,rsSRB,Lecce,Big5,32,1692,3,0,1,0,,,,31.96,8,4.5,,2,,,,,,6.28,18.8,20,nikolastulic,,
Denis Suárez,MF,MF,32.0,esESP,Alavés,Big5,28,1321,1,2,6,0,,,,8.085,3,1.0,,7,,,,,,6.59,14.7,14,denissuarez,,
Gabriel Suazo,"DF,MF",DF,28.0,clCHI,Sevilla,Big5,27,1916,0,2,7,0,,,,4.899,2,0.5,,24,,,,,,7.01,21.3,23,gabrielsuazo,,
Luka Sučić,"MF,FW",MF,23.0,hrCRO,Real Sociedad,Big5,19,808,3,1,1,0,,,,19.080000000000002,6,2.0,,3,,,,,,6.71,9.0,8,lukasucic,,
Pavel Šulc,"FW,MF",FW,25.0,czCZE,Lyon,Big5,26,1476,11,3,2,0,,,,41.983999999999995,17,9.1,,6,,,,,,7.05,16.4,16,pavelsulc,,
Ibrahim Sulemana,MF,MF,22.0,ghGHA,Cagliari,Big5,14,824,1,0,1,0,,,,9.016,2,1.6,,6,,,,,,,9.2,7,ibrahimsulemana,,
Kamaldeen Sulemana,MF,MF,24.0,ghGHA,Atalanta,Big5,23,904,2,1,3,0,,,,20.9,9,2.3,,2,,,,,,6.6,10.0,8,kamaldeensulemana,,
Crysencio Summerville,"MF,FW",MF,24.0,nlNED,West Ham United,Big5,29,2290,5,1,6,0,,,,51.815999999999995,15,5.2,,14,,,,,,7.04,25.4,27,crysenciosummerville,,
Zion Suzuki,GK,GK,23.0,jpJPN,Parma,Big5,19,1710,0,0,1,0,,,,0.0,0,,,0,,,59.0,69.9,5.0,6.95,19.0,19,zionsuzuki,,
Mile Svilar,GK,GK,26.0,rsSRB,Roma,Big5,36,3240,0,0,0,0,,,,0.0,0,,,1,,,102.0,77.3,16.0,7.26,36.0,36,milesvilar,,
Lamine Sy,DF,DF,23.0,mrMTN,Auxerre,Big5,23,1446,0,0,1,0,,,,13.041000000000002,2,1.1,,21,,,,,,6.91,16.1,16,laminesy,,
Fodé Sylla,MF,MF,20.0,frFRA,Lens,Big5,4,99,0,0,0,0,,,,0.0,0,,,3,,,,,,,1.1,1,fodesylla,,
Wojciech Szczęsny,GK,GK,36.0,plPOL,Barcelona,Big5,7,630,0,0,0,0,,,,0.0,0,,,0,,,19.0,62.1,0.0,,7.0,7,wojciechszczesny,,
Dominik Szoboszlai,"MF,DF",MF,25.0,huHUN,Liverpool,Big5,34,3051,6,5,8,1,,,,68.139,21,4.8,,28,,,,,,7.5,33.9,34,dominikszoboszlai,Dominik Szoboszlai,100000000.0
Sebastian Szymański,MF,MF,27.0,plPOL,Rennes,Big5,15,731,1,3,2,0,,,,11.988,5,0.7,,3,,,,,,,8.1,9,sebastianszymanski,,
Nicolás Tagliafico,DF,DF,33.0,arARG,Lyon,Big5,20,1310,0,3,5,2,,,,15.038,1,1.5,,17,,,,,,6.83,14.6,14,nicolastagliafico,,
Chemsdine Talbi,"MF,FW",MF,21.0,maMAR,Sunderland,Big5,27,1530,4,1,0,0,,,,24.99,10,2.1,,3,,,,,,6.55,17.0,16,chemsdinetalbi,,
Montassar Talbi,DF,DF,27.0,tnTUN,Lorient,Big5,28,2520,0,1,3,0,,,,12.88,2,0.7,,27,,,,,,6.9,28.0,28,montassartalbi,,
Adrien Tameze,DF,DF,32.0,cmCMR,Torino,Big5,24,1120,0,0,3,0,,,,4.960000000000001,0,0.3,,19,,,,,,6.26,12.4,12,adrientameze,,
Ao Tanaka,MF,MF,27.0,jpJPN,Leeds United,Big5,26,1179,2,0,1,0,,,,17.03,5,1.6,,19,,,,,,6.85,13.1,12,aotanaka,,
James Tarkowski,DF,DF,33.0,engENG,Everton,Big5,35,3150,2,3,7,0,,,,17.85,9,2.7,,27,,,,,,7.13,35.0,35,jamestarkowski,,
Tylel Tati,DF,DF,18.0,frFRA,Nantes,Big5,20,1721,0,0,5,1,,,,3.0560000000000005,0,0.3,,14,,,,,,6.21,19.1,20,tyleltati,,
Nuno Tavares,DF,DF,26.0,ptPOR,Lazio,Big5,22,1383,0,0,4,0,,,,15.092,1,0.6,,17,,,,,,7.0,15.4,16,nunotavares,,
Marcus Tavernier,MF,MF,27.0,engENG,Bournemouth,Big5,32,2552,6,4,6,0,,,,67.02399999999999,23,9.1,,14,,,,,,7.24,28.4,29,marcustavernier,,
Kenneth Taylor,MF,MF,23.0,nlNED,Lazio,Big5,16,1333,3,2,4,0,,,,15.984000000000002,6,2.0,,9,,,,,,,14.8,16,kennethtaylor,,
Loum Tchaouna,"MF,FW",MF,22.0,frFRA,Burnley,Big5,27,1117,2,0,2,0,,,,20.956,9,1.3,,2,,,,,,6.34,12.4,12,loumtchaouna,,
Aurélien Tchouaméni,MF,MF,26.0,frFRA,Real Madrid,Big5,31,2483,1,0,8,0,,,,41.952000000000005,7,2.7,,40,,,,,,7.37,27.6,29,aurelientchouameni,Aurélien Tchouaméni,70000000.0
Mathys Tel,"MF,FW",MF,21.0,frFRA,Tottenham Hotspur,Big5,29,1187,4,1,1,0,,,,31.02,8,2.4,,4,,,,,,6.65,13.2,11,mathystel,,
Nahuel Tenaglia,DF,DF,30.0,arARG,Alavés,Big5,34,3059,2,0,2,0,,,,20.06,7,1.6,,44,,,,,,6.89,34.0,34,nahueltenaglia,,
Arnau Tenas,GK,GK,24.0,esESP,Villarreal,Big5,8,720,0,0,0,0,,,,0.0,0,,,0,,,22.0,66.7,0.0,,8.0,8,arnautenas,,
Marc-André ter Stegen,GK,GK,34.0,deGER,Girona,Big5,2,180,0,0,0,0,,,,0.0,0,,,0,,,4.0,66.7,0.0,,2.0,2,marcandreterstegen,,
Filippo Terracciano,DF,DF,23.0,itITA,Cremonese,Big5,34,2839,2,0,6,0,,,,13.86,4,1.9,,54,,,,,,6.73,31.5,31,filippoterracciano,,
Pietro Terracciano,GK,GK,36.0,itITA,Milan,Big5,2,125,0,0,0,0,,,,0.0,0,,,0,,,4.0,100.0,2.0,,1.4,1,pietroterracciano,,
Ramón Terrats,MF,MF,25.0,esESP,Espanyol,Big5,28,985,1,2,0,0,,,,13.952,3,1.5,,11,,,,,,6.32,10.9,11,ramonterrats,,
Tanner Tessmann,MF,MF,24.0,usUSA,Lyon,Big5,29,1953,1,0,2,0,,,,26.04,8,2.3,,13,,,,,,6.91,21.7,22,tannertessmann,,
Kenny Tete,DF,DF,30.0,nlNED,Fulham,Big5,22,1791,1,0,2,0,,,,15.92,3,1.0,,26,,,,,,7.12,19.9,21,kennytete,,
Jordan Teze,"MF,DF",MF,26.0,nlNED,Monaco,Big5,32,2423,1,2,8,0,,,,13.988,5,0.7,,29,,,,,,7.02,26.9,27,jordanteze,,
Florian Thauvin,MF,MF,33.0,frFRA,Lens,Big5,32,2383,10,5,6,0,,,,72.08,26,10.9,,11,,,,,,7.42,26.5,28,florianthauvin,,
Arthur Theate,DF,DF,25.0,beBEL,Eintracht Frankfurt,Big5,24,2141,1,0,8,0,,,,14.994,7,1.1,,34,,,,,,6.7,23.8,24,arthurtheate,,
Igor Thiago,FW,FW,24.0,brBRA,Brentford,Big5,36,3102,22,1,7,0,,,,81.075,43,20.6,,12,,,,,,7.14,34.5,35,igorthiago,Igor Thiago,65000000.0
Malick Thiaw,DF,DF,24.0,deGER,Newcastle United,Big5,33,2785,4,0,4,0,,,,27.81,14,4.7,,26,,,,,,7.03,30.9,31,malickthiaw,Malick Thiaw,45000000.0
Adrien Thomasson,MF,MF,32.0,frFRA,Lens,Big5,31,2653,3,9,11,0,,,,43.07,13,7.0,,20,,,,,,7.51,29.5,31,adrienthomasson,,
Morten Thorsby,MF,MF,30.0,noNOR,Cremonese,Big5,9,517,1,0,1,0,,,,10.887,4,2.3,,2,,,,,,6.64,5.7,6,mortenthorsby,,
Kristian Thorstvedt,MF,MF,27.0,noNOR,Sassuolo,Big5,30,2280,4,4,8,0,,,,41.998,13,6.3,,29,,,,,,7.09,25.3,25,kristianthorstvedt,,
Youri Tielemans,MF,MF,29.0,beBEL,Aston Villa,Big5,23,1755,0,4,0,0,,,,22.034999999999997,5,1.2,,16,,,,,,7.15,19.5,20,youritielemans,,
Jurriën Timber,DF,DF,24.0,nlNED,Arsenal,Big5,30,2454,3,5,5,0,,,,25.116000000000003,7,4.8,,24,,,,,,7.26,27.3,28,jurrientimber,Jurriën Timber,70000000.0
Quinten Timber,MF,MF,24.0,nlNED,Marseille,Big5,14,1096,0,0,4,0,,,,10.004,2,1.0,,9,,,,,,,12.2,14,quintentimber,,
Jean-Clair Todibo,DF,DF,26.0,frFRA,West Ham United,Big5,22,1789,0,1,5,1,,,,1.99,0,0.2,,16,,,,,,6.66,19.9,21,jeanclairtodibo,,
Corentin Tolisso,MF,MF,31.0,frFRA,Lyon,Big5,29,2212,11,4,4,0,,,,48.954,26,11.0,,16,,,,,,7.29,24.6,25,corentintolisso,,
Jeremy Toljan,DF,DF,31.0,deGER,Levante,Big5,35,3052,1,4,7,0,,,,9.153,1,1.0,,31,,,,,,6.59,33.9,35,jeremytoljan,,
Fikayo Tomori,DF,DF,28.0,engENG,Milan,Big5,31,2419,0,2,7,1,,,,8.877,2,0.6,,26,,,,,,6.97,26.9,29,fikayotomori,,
Sandro Tonali,MF,MF,26.0,itITA,Newcastle United,Big5,34,2482,0,2,4,0,,,,36.984,8,1.7,,28,,,,,,7.04,27.6,30,sandrotonali,Sandro Tonali,80000000.0
Pablo Torre,"MF,FW",MF,23.0,esESP,Mallorca,Big5,33,1455,3,4,4,0,,,,21.06,10,1.7,,8,,,,,,6.79,16.2,17,pablotorre,,
Ferrán Torres,FW,FW,26.0,esESP,Barcelona,Big5,32,1883,16,1,2,0,,,,66.88,36,13.2,,4,,,,,,7.1,20.9,22,ferrantorres,Ferran Torres,50000000.0
Pau Torres,DF,DF,29.0,esESP,Aston Villa,Big5,19,1568,0,0,1,0,,,,6.96,0,1.3,,11,,,,,,6.75,17.4,17,pautorres,,
Lucas Torró,MF,MF,31.0,esESP,Osasuna,Big5,32,2169,0,1,6,0,,,,22.895,5,1.6,,29,,,,,,6.81,24.1,29,lucastorro,,
Jordan Torunarigha,DF,DF,28.0,deGER,Hamburger SV,Big5,23,1874,0,0,2,0,,,,4.992,1,0.4,,28,,,,,,6.81,20.8,20,jordantorunarigha,,
Abdoulaye Touré,MF,MF,32.0,gnGUI,Le Havre,Big5,11,740,2,0,2,0,,,,12.956,4,1.5,,10,,,,,,,8.2,8,abdoulayetoure,,
Alpha Touré,MF,MF,20.0,snSEN,Metz,Big5,29,1522,0,1,5,0,,,,16.054999999999996,1,1.1,,10,,,,,,6.51,16.9,15,alphatoure,,
Idrissa Touré,MF,MF,28.0,deGER,Pisa,Big5,31,2258,1,0,4,1,,,,29.116,8,2.8,,25,,,,,,6.68,25.1,26,idrissatoure,,
Lucas Tousart,"MF,DF",MF,29.0,frFRA,Brest,Big5,23,761,1,0,0,0,,,,8.075,3,0.6,,9,,,,,,6.41,8.5,8,lucastousart,,
James Trafford,GK,GK,23.0,engENG,Manchester City,Big5,3,270,0,0,0,0,,,,0.0,0,,,0,,,11.0,78.6,1.0,,3.0,3,jamestrafford,,
Mattéo Tramoni,"MF,FW",MF,26.0,frFRA,Pisa,Big5,27,1600,2,2,3,0,,,,28.124000000000002,9,3.3,,15,,,,,,6.61,17.8,21,matteotramoni,,
Adama Traoré,"FW,MF",FW,30.0,esESP,West Ham United,Big5,9,121,0,0,1,0,,,,1.937,0,0.7,,0,,,,,,,1.3,0,adamatraore,,
Bertrand Traoré,"MF,FW",MF,30.0,bfBFA,Sunderland,Big5,12,632,1,0,1,0,,,,11.969999999999999,6,0.5,,2,,,,,,,7.0,9,bertrandtraore,,
Boubacar Traoré,MF,MF,24.0,mlMLI,Metz,Big5,19,1361,1,0,3,0,,,,17.968999999999998,3,1.0,,15,,,,,,6.57,15.1,16,boubacartraore,,
Hamari Traoré,DF,DF,34.0,mlMLI,Paris FC,Big5,17,1143,0,1,4,0,,,,3.937,0,0.2,,18,,,,,,,12.7,14,hamaritraore,,
Kevin Trapp,GK,GK,35.0,deGER,Paris FC,Big5,21,1890,0,0,2,0,,,,0.0,0,,,1,,,55.0,71.8,7.0,6.98,21.0,21,kevintrapp,,
Yael Trepy,FW,FW,,,Cagliari,Big5,8,91,1,0,0,0,,,,6.92,2,0.6,,0,,,,,,,1.0,0,yaeltrepy,,
Kieran Trippier,DF,DF,35.0,engENG,Newcastle United,Big5,20,1502,0,1,3,0,,,,2.004,0,0.1,,7,,,,,,6.81,16.7,17,kierantrippier,,
Mariano Troilo,DF,DF,22.0,arARG,Parma,Big5,19,1445,1,0,8,2,,,,9.016000000000002,2,0.7,,14,,,,,,6.83,16.1,16,marianotroilo,,
Leandro Trossard,"FW,MF",FW,31.0,beBEL,Arsenal,Big5,30,1911,6,6,2,0,,,,50.879999999999995,15,5.5,,9,,,,,,7.12,21.2,20,leandrotrossard,,
Adrien Truffert,DF,DF,24.0,frFRA,Bournemouth,Big5,36,3199,1,3,4,0,,,,15.975,6,1.4,,42,,,,,,7.18,35.5,36,adrientruffert,,
Axel Tuanzebe,DF,DF,28.0,cdCOD,Burnley,Big5,12,1021,1,0,1,0,,,,2.0340000000000003,1,0.6,,10,,,,,,,11.3,12,axeltuanzebe,,
Kareem Tunde,MF,MF,20.0,esESP,Levante,Big5,19,1087,0,1,3,0,,,,18.029,2,1.2,,14,,,,,,6.55,12.1,16,kareemtunde,,
Stefano Turati,GK,GK,24.0,itITA,Sassuolo,Big5,4,360,0,0,0,0,,,,0.0,0,,,0,,,10.0,76.9,2.0,,4.0,4,stefanoturati,,
Beñat Turrientes,MF,MF,24.0,esESP,Real Sociedad,Big5,24,1164,0,3,5,0,,,,18.963,6,0.8,,7,,,,,,6.72,12.9,14,benatturrientes,,
Christantus Uche,FW,FW,22.0,ngNGA,Crystal Palace,Big5,14,173,0,0,0,0,,,,5.928,2,0.5,,0,,,,,,,1.9,0,christantusuche,,
Christantus Uche,FW,FW,22.0,ngNGA,Getafe,Big5,3,270,1,1,1,0,,,,6.0,1,1.4,,0,,,,,,,3.0,3,christantusuche,,
Destiny Udogie,"DF,MF",DF,23.0,itITA,Tottenham Hotspur,Big5,18,1182,0,1,3,0,,,,3.013,1,0.2,,7,,,,,,6.69,13.1,12,destinyudogie,,
Matthieu Udol,"MF,DF",MF,30.0,frFRA,Lens,Big5,33,2957,1,7,2,0,,,,46.059999999999995,17,4.5,,50,,,,,,7.28,32.9,33,matthieuudol,,
Lesley Ugochukwu,MF,MF,22.0,frFRA,Burnley,Big5,33,2192,3,1,3,1,,,,21.96,8,2.5,,16,,,,,,6.51,24.4,25,lesleyugochukwu,,
Enes Ünal,FW,FW,29.0,trTUR,Bournemouth,Big5,21,212,1,0,1,0,,,,14.256,2,2.0,,0,,,,,,,2.4,0,enesunal,,
Can Uzun,MF,MF,20.0,trTUR,Eintracht Frankfurt,Big5,20,1097,8,4,3,0,,,,40.016,18,3.9,,3,,,,,,7.13,12.2,14,canuzun,Can Uzun,45000000.0
Lautaro Valenti,DF,DF,27.0,arARG,Parma,Big5,25,2102,0,0,6,0,,,,16.145999999999997,4,0.6,,26,,,,,,6.89,23.4,23,lautarovalenti,,
Óscar Valentín,MF,MF,31.0,esESP,Rayo Vallecano,Big5,30,1899,1,0,3,1,,,,13.082,4,1.0,,25,,,,,,6.81,21.1,23,oscarvalentin,,
Germán Valera,"MF,DF",MF,24.0,esESP,Elche,Big5,34,2678,4,5,3,1,,,,25.032,8,2.6,,21,,,,,,7.12,29.8,31,germanvalera,,
Emanuele Valeri,"MF,DF",MF,27.0,itITA,Parma,Big5,32,2548,0,2,2,0,,,,20.942,5,0.7,,20,,,,,,6.78,28.3,28,emanuelevaleri,,
Martin Valjent,DF,DF,30.0,skSVK,Mallorca,Big5,35,3150,0,0,6,0,,,,16.1,8,0.8,,22,,,,,,6.71,35.0,35,martinvaljent,,
Álex Valle,DF,DF,22.0,esESP,Como,Big5,28,2026,1,4,3,0,,,,11.025,2,1.0,,24,,,,,,6.97,22.5,23,alexvalle,,
Álvaro Vallés,GK,GK,28.0,esESP,Real Betis,Big5,27,2430,0,0,1,0,,,,0.0,0,,,1,,,81.0,73.4,8.0,7.02,27.0,27,alvarovalles,,
Federico Valverde,"MF,DF",MF,27.0,uyURU,Real Madrid,Big5,32,2650,5,8,3,1,,,,49.98,21,2.9,,23,,,,,,7.6,29.4,30,federicovalverde,Federico Valverde,90000000.0
Ignace Van Der Brempt,"DF,MF",DF,24.0,beBEL,Como,Big5,18,846,0,1,2,0,,,,1.974,0,0.2,,8,,,,,,,9.4,10,ignacevanderbrempt,,
Virgil van Dijk,DF,DF,34.0,nlNED,Liverpool,Big5,36,3240,4,0,4,0,,,,27.0,12,3.8,,21,,,,,,7.26,36.0,36,virgilvandijk,,
Vladyslav Vanat,FW,FW,24.0,uaUKR,Girona,Big5,27,1942,9,1,4,0,,,,27.0,18,8.5,,3,,,,,,6.69,21.6,27,vladyslavvanat,,
Jari Vandeputte,MF,MF,30.0,beBEL,Cremonese,Big5,30,1860,1,5,2,0,,,,20.078999999999997,8,2.2,,18,,,,,,6.87,20.7,23,jarivandeputte,,
Vanderson,"DF,MF",DF,24.0,brBRA,Monaco,Big5,14,616,0,2,4,0,,,,2.992,0,0.1,,19,,,,,,,6.8,7,vanderson,,
Maarten Vandevoordt,GK,GK,24.0,beBEL,RB Leipzig,Big5,12,1052,0,0,0,0,,,,0.0,0,,,0,,,30.0,65.9,2.0,,11.7,11,maartenvandevoordt,,
Charles Vanhoutte,MF,MF,27.0,beBEL,Nice,Big5,25,1727,0,2,7,0,,,,4.032,1,0.2,,21,,,,,,6.85,19.2,20,charlesvanhoutte,,
Jamie Vardy,FW,FW,39.0,engENG,Cremonese,Big5,27,1928,6,2,4,0,,,,28.89,13,4.9,,3,,,,,,6.56,21.4,22,jamievardy,,
Ruben Vargas,"MF,FW",MF,27.0,chSUI,Sevilla,Big5,22,1514,3,6,2,0,,,,36.96000000000001,8,3.2,,7,,,,,,7.0,16.8,19,rubenvargas,,
Johan Vásquez,DF,DF,27.0,mxMEX,Genoa,Big5,35,3125,0,0,2,0,,,,22.902000000000005,5,1.3,,46,,,,,,6.88,34.7,35,johanvasquez,,
Robinio Vaz,FW,FW,19.0,frFRA,Marseille,Big5,14,379,4,2,2,0,,,,7.9799999999999995,6,2.3,,3,,,,,,,4.2,3,robiniovaz,,
Robinio Vaz,FW,FW,19.0,frFRA,Roma,Big5,11,209,1,0,0,0,,,,4.944999999999999,2,0.5,,2,,,,,,,2.3,0,robiniovaz,,
Franco Vázquez,"FW,MF",FW,37.0,arARG,Cremonese,Big5,15,524,1,1,1,0,,,,11.948,4,1.4,,4,,,,,,,5.8,4,francovazquez,,
Luis Vázquez,FW,FW,25.0,arARG,Getafe,Big5,15,1084,3,0,2,0,,,,22.919999999999998,9,2.0,,4,,,,,,,12.0,13,luisvazquez,,
Matías Vecino,MF,MF,34.0,uyURU,Lazio,Big5,13,603,0,1,1,0,,,,6.968000000000001,1,0.3,,7,,,,,,,6.7,5,matiasvecino,,
Danilo Veiga,DF,DF,23.0,ptPOR,Lecce,Big5,34,2846,0,1,8,0,,,,6.0040000000000004,2,0.2,,30,,,,,,6.8,31.6,31,daniloveiga,,
Renato Veiga,DF,DF,22.0,ptPOR,Villarreal,Big5,32,2481,0,0,5,1,,,,9.108,3,0.3,,26,,,,,,6.67,27.6,27,renatoveiga,,
Micky van de Ven,DF,DF,25.0,nlNED,Tottenham Hotspur,Big5,33,2861,4,1,8,1,,,,14.946,6,2.5,,20,,,,,,6.69,31.8,33,mickyvandeven,Micky van de Ven,50000000.0
Lorenzo Venturino,MF,MF,19.0,itITA,Roma,Big5,10,207,0,0,0,0,,,,4.002,0,0.2,,0,,,,,,,2.3,1,lorenzoventurino,,
Calvin Verdonk,DF,DF,29.0,idIDN,Lille,Big5,17,745,0,0,3,1,,,,2.988,1,0.1,,15,,,,,,,8.3,7,calvinverdonk,,
Antonio Vergara,MF,MF,23.0,itITA,Napoli,Big5,11,601,1,2,2,0,,,,10.05,3,0.8,,4,,,,,,,6.7,8,antoniovergara,,
Arthur Vermeeren,MF,MF,21.0,beBEL,Marseille,Big5,19,809,0,1,1,1,,,,2.97,1,0.2,,11,,,,,,6.59,9.0,10,arthurvermeeren,,
Jozhua Vertrouwd,DF,DF,21.0,nlNED,Rayo Vallecano,Big5,9,446,0,0,0,0,,,,1.0,0,0.0,,4,,,,,,,5.0,3,jozhuavertrouwd,,
Mikel Vesga,MF,MF,32.0,esESP,Athletic Club,Big5,22,459,0,0,0,0,,,,3.0089999999999995,0,0.1,,9,,,,,,,5.1,1,mikelvesga,,
Guglielmo Vicario,GK,GK,29.0,itITA,Tottenham Hotspur,Big5,31,2790,0,0,1,0,,,,0.0,0,,,0,,,83.0,63.4,7.0,6.68,31.0,31,guglielmovicario,,
Carlos Vicente,MF,MF,27.0,esESP,Alavés,Big5,21,1258,5,0,1,0,,,,12.04,6,3.6,,7,,,,,,7.0,14.0,11,carlosvicente,,
Fabio Vieira,"MF,FW",MF,25.0,ptPOR,Hamburger SV,Big5,28,2130,6,5,4,2,,,,56.169000000000004,17,4.6,,15,,,,,,7.23,23.7,24,fabiovieira,,
Julián Vignolo,MF,MF,19.0,arARG,Toulouse,Big5,13,195,2,0,0,0,,,,8.118,7,1.4,,0,,,,,,,2.2,1,julianvignolo,,
Gonzalo Villar,MF,MF,28.0,esESP,Elche,Big5,10,554,1,0,3,0,,,,4.03,1,0.2,,2,,,,,,,6.2,6,gonzalovillar,,
Jan Virgili,"MF,FW",MF,19.0,esESP,Mallorca,Big5,29,1732,2,4,0,1,,,,31.871999999999996,16,2.3,,7,,,,,,6.59,19.2,19,janvirgili,,
Mattia Viti,"MF,DF",MF,24.0,itITA,Fiorentina,Big5,10,265,0,0,3,1,,,,0.0,0,,,3,,,,,,,2.9,2,mattiaviti,,
Martin Vitík,DF,DF,23.0,czCZE,Bologna,Big5,19,1325,0,0,3,0,,,,7.938,2,0.4,,8,,,,,,6.88,14.7,14,martinvitik,,
Vitinha,MF,MF,26.0,ptPOR,Paris Saint-Germain,Big5,28,2052,1,7,2,0,,,,31.919999999999998,10,1.1,,25,,,,,,7.55,22.8,23,vitinha,Vitinha,140000000.0
Vitinha,"FW,MF",FW,26.0,ptPOR,Genoa,Big5,34,2136,5,1,4,0,,,,62.80499999999999,20,6.2,,14,,,,,,6.71,23.7,27,vitinha,Vitinha,140000000.0
Daniel Vivian,DF,DF,26.0,esESP,Athletic Club,Big5,30,2474,1,0,8,1,,,,17.05,6,1.2,,33,,,,,,6.58,27.5,27,danielvivian,,
Odysseas Vlachodimos,GK,GK,32.0,grGRE,Sevilla,Big5,32,2880,0,0,1,0,,,,0.0,0,,,1,,,87.0,66.7,5.0,6.79,32.0,32,odysseasvlachodimos,,
Dušan Vlahović,FW,FW,26.0,rsSRB,Juventus,Big5,17,817,5,1,0,0,,,,40.131,15,7.1,,2,,,,,,,9.1,9,dusanvlahovic,,
Nikola Vlašić,"MF,FW",MF,28.0,hrCRO,Torino,Big5,35,2863,8,3,7,0,,,,46.11,17,7.0,,20,,,,,,7.18,31.8,34,nikolavlasic,,
Mërgim Vojvoda,"MF,DF",MF,31.0,xkKVX,Como,Big5,29,1583,2,2,2,0,,,,17.952,7,1.4,,14,,,,,,6.73,17.6,19,mergimvojvoda,,
Cristian Volpato,FW,FW,22.0,itITA,Sassuolo,Big5,22,1037,2,4,4,0,,,,20.01,7,1.7,,5,,,,,,6.78,11.5,11,cristianvolpato,,
Alexis Vossah,MF,MF,18.0,frFRA,Toulouse,Big5,23,1092,1,1,5,1,,,,8.953999999999999,2,0.6,,7,,,,,,6.45,12.1,12,alexisvossah,,
Aster Vranckx,MF,MF,23.0,beBEL,Sassuolo,Big5,16,690,0,0,2,0,,,,3.003,1,0.1,,0,,,,,,,7.7,9,astervranckx,,
İsak Vural,MF,MF,19.0,trTUR,Pisa,Big5,13,642,0,0,4,0,,,,4.97,1,0.8,,2,,,,,,,7.1,8,isakvural,,
Luka Vušković,DF,DF,19.0,hrCRO,Hamburger SV,Big5,27,2352,6,0,6,0,,,,31.059,10,4.2,,36,,,,,,7.39,26.1,26,lukavuskovic,Luka Vuskovic,60000000.0
Elye Wahi,FW,FW,23.0,ciCIV,Nice,Big5,13,832,5,1,4,0,,,,22.908,15,3.6,,2,,,,,,,9.2,10,elyewahi,,
Elye Wahi,FW,FW,23.0,ciCIV,Eintracht Frankfurt,Big5,10,324,0,1,1,0,,,,6.984,3,0.8,,0,,,,,,,3.6,3,elyewahi,,
Kyle Walker,"DF,MF",DF,35.0,engENG,Burnley,Big5,34,2916,0,2,9,0,,,,3.888,0,0.2,,41,,,,,,6.67,32.4,33,kylewalker,,
Kyle Walker-Peters,DF,DF,29.0,engENG,West Ham United,Big5,22,1293,1,0,2,0,,,,5.04,3,1.1,,9,,,,,,6.7,14.4,14,kylewalkerpeters,,
Sebastian Walukiewicz,DF,DF,26.0,plPOL,Sassuolo,Big5,34,2852,0,1,7,0,,,,6.974,0,0.2,,23,,,,,,6.8,31.7,33,sebastianwalukiewicz,,
Aaron Wan-Bissaka,"DF,MF",DF,28.0,cdCOD,West Ham United,Big5,24,2019,0,2,4,0,,,,0.0,0,,,40,,,,,,6.8,22.4,22,aaronwanbissaka,,
James Ward-Prowse,MF,MF,31.0,engENG,Burnley,Big5,11,655,0,1,1,0,,,,2.993,2,0.2,,15,,,,,,,7.3,7,jameswardprowse,,
Ollie Watkins,FW,FW,30.0,engENG,Aston Villa,Big5,35,2659,12,2,3,0,,,,72.86500000000001,31,15.1,,5,,,,,,6.97,29.5,31,olliewatkins,,
Timothy Weah,"MF,DF",MF,26.0,usUSA,Marseille,Big5,28,2166,2,2,5,0,,,,26.992000000000004,10,1.7,,14,,,,,,6.97,24.1,25,timothyweah,,
Wesley,MF,MF,22.0,brBRA,Roma,Big5,29,2379,5,0,7,1,,,,24.024,12,1.6,,23,,,,,,7.16,26.4,27,wesley,Wesley,40000000.0
Adam Wharton,MF,MF,22.0,engENG,Crystal Palace,Big5,32,2446,0,5,6,1,,,,28.016,4,1.5,,24,,,,,,7.01,27.2,28,adamwharton,Adam Wharton,70000000.0
Ben White,DF,DF,28.0,engENG,Arsenal,Big5,12,702,0,1,0,0,,,,4.992,1,0.5,,9,,,,,,,7.8,9,benwhite,,
Iñaki Williams,"MF,FW",MF,31.0,ghGHA,Athletic Club,Big5,28,1982,2,4,2,0,,,,49.94,17,6.4,,5,,,,,,6.65,22.0,23,inakiwilliams,,
Neco Williams,DF,DF,25.0,wlsWAL,Nottingham Forest,Big5,35,3024,2,3,6,1,,,,43.008,18,2.0,,42,,,,,,7.08,33.6,34,necowilliams,,
Nico Williams,MF,MF,23.0,esESP,Athletic Club,Big5,25,1674,6,3,2,0,,,,45.94200000000001,16,5.4,,7,,,,,,7.02,18.6,20,nicowilliams,Nico Williams,40000000.0
Callum Wilson,"FW,MF",FW,34.0,engENG,West Ham United,Big5,30,1116,6,1,1,0,,,,33.976000000000006,13,7.7,,3,,,,,,6.4,12.4,10,callumwilson,,
Harry Wilson,MF,MF,29.0,wlsWAL,Fulham,Big5,34,2642,10,6,7,0,,,,74.088,24,5.8,,16,,,,,,7.13,29.4,32,harrywilson,,
Florian Wirtz,MF,MF,23.0,deGER,Liverpool,Big5,31,2335,5,3,1,0,,,,47.915,17,7.0,,11,,,,,,7.16,25.9,27,florianwirtz,Florian Wirtz,100000000.0
Yoane Wissa,FW,FW,29.0,cdCOD,Newcastle United,Big5,17,500,1,0,2,0,,,,13.104,5,3.1,,0,,,,,,,5.6,4,yoanewissa,,
Axel Witsel,MF,MF,37.0,beBEL,Girona,Big5,29,2358,1,2,2,1,,,,19.912,5,2.4,,28,,,,,,6.96,26.2,27,axelwitsel,,
Nick Woltemade,"FW,MF",FW,24.0,deGER,Newcastle United,Big5,31,1752,7,3,0,0,,,,31.005000000000003,12,6.6,,4,,,,,,6.66,19.5,22,nickwoltemade,Nick Woltemade,55000000.0
Chris Wood,FW,FW,34.0,nzNZL,Nottingham Forest,Big5,13,771,3,0,0,0,,,,20.038,8,4.2,,1,,,,,,,8.6,9,chriswood,,
Freddie Woodman,GK,GK,29.0,engENG,Liverpool,Big5,3,213,0,0,0,0,,,,0.0,0,,,0,,,9.0,69.2,0.0,,2.4,2,freddiewoodman,,
Joe Worrall,DF,DF,29.0,engENG,Burnley,Big5,11,500,0,0,0,0,,,,1.008,0,0.1,,6,,,,,,,5.6,5,joeworrall,,
Granit Xhaka,MF,MF,33.0,chSUI,Sunderland,Big5,32,2724,1,6,7,0,,,,20.907,5,1.0,,29,,,,,,7.24,30.3,30,granitxhaka,,
Lamine Yamal,"MF,FW",MF,18.0,esESP,Barcelona,Big5,28,2262,16,11,1,0,,,,116.96600000000001,37,12.8,,8,,,,,,8.33,25.1,26,lamineyamal,Lamine Yamal,200000000.0
Roman Yaremchuk,FW,FW,30.0,uaUKR,Lyon,Big5,10,516,4,1,1,0,,,,14.934000000000001,6,2.2,,0,,,,,,,5.7,5,romanyaremchuk,,
Yehor Yarmoliuk,MF,MF,22.0,uaUKR,Brentford,Big5,36,2571,1,2,7,0,,,,16.016000000000002,4,1.2,,28,,,,,,6.78,28.6,29,yehoryarmoliuk,,
Gessime Yassine,MF,MF,20.0,maMAR,Strasbourg,Big5,12,510,0,1,0,0,,,,8.036999999999999,1,0.8,,1,,,,,,,5.7,6,gessimeyassine,,
Ryan Yates,MF,MF,28.0,engENG,Nottingham Forest,Big5,21,591,0,2,3,0,,,,8.052,1,0.5,,9,,,,,,,6.6,2,ryanyates,,
Terry Yegbe,DF,DF,25.0,ghGHA,Metz,Big5,23,1873,0,1,3,0,,,,6.032,2,1.1,,21,,,,,,6.21,20.8,21,terryyegbe,,
Darlin Yongwa,"DF,MF",DF,25.0,cmCMR,Lorient,Big5,23,1312,0,1,4,1,,,,10.074,2,0.5,,11,,,,,,6.68,14.6,14,darlinyongwa,,
Etienne Youte Kinkoue,"DF,MF",DF,24.0,frFRA,Le Havre,Big5,8,329,0,0,2,0,,,,0.0,0,,,0,,,,,,,3.7,3,etienneyoutekinkoue,,
Mattia Zaccagni,FW,FW,30.0,itITA,Lazio,Big5,26,2104,3,0,6,1,,,,33.93,14,4.1,,20,,,,,,7.0,23.4,26,mattiazaccagni,,
Stephan Zagadou,DF,DF,17.0,frFRA,Le Havre,Big5,8,495,1,0,0,1,,,,0.99,1,0.1,,1,,,,,,,5.5,6,stephanzagadou,,
Warren Zaïre-Emery,"DF,MF",DF,20.0,frFRA,Paris Saint-Germain,Big5,31,2390,3,4,3,0,,,,19.152,7,1.2,,11,,,,,,7.39,26.6,26,warrenzaireemery,Warren Zaïre-Emery,80000000.0
Denis Zakaria,"DF,MF",DF,29.0,chSUI,Monaco,Big5,23,1941,2,1,4,1,,,,17.064000000000004,3,1.7,,40,,,,,,7.03,21.6,22,deniszakaria,,
Arsen Zakharyan,MF,MF,22.0,ruRUS,Real Sociedad,Big5,16,402,0,0,1,0,,,,14.084999999999999,3,1.0,,0,,,,,,,4.5,2,arsenzakharyan,,
Nicola Zalewski,MF,MF,24.0,plPOL,Atalanta,Big5,32,1835,2,4,3,0,,,,36.924,7,2.9,,12,,,,,,7.01,20.4,23,nicolazalewski,,
Nicolò Zaniolo,"FW,MF",FW,26.0,itITA,Udinese,Big5,32,2257,5,6,8,0,,,,72.037,22,5.5,,4,,,,,,6.87,25.1,28,nicolozaniolo,,
Alessandro Zanoli,MF,MF,25.0,itITA,Udinese,Big5,19,1280,1,2,1,0,,,,2.9819999999999998,1,0.1,,7,,,,,,6.94,14.2,16,alessandrozanoli,,
Duván Zapata,FW,FW,35.0,coCOL,Torino,Big5,26,990,3,1,0,0,,,,33.0,15,3.9,,1,,,,,,6.43,11.0,9,duvanzapata,,
Gabriele Zappa,DF,DF,26.0,itITA,Cagliari,Big5,29,1417,0,3,2,0,,,,8.948999999999998,0,0.9,,17,,,,,,6.62,15.7,16,gabrielezappa,,
Davide Zappacosta,MF,MF,33.0,itITA,Atalanta,Big5,33,2437,3,3,3,0,,,,34.959,8,2.3,,17,,,,,,6.98,27.1,29,davidezappacosta,,
Bryan Zaragoza,MF,MF,24.0,esESP,Roma,Big5,4,135,0,1,1,0,,,,1.0050000000000001,1,0.1,,0,,,,,,,1.5,2,bryanzaragoza,,
Oier Zarraga,MF,MF,27.0,esESP,Udinese,Big5,23,464,0,0,2,0,,,,4.056,1,0.3,,7,,,,,,,5.2,2,oierzarraga,,
Nils Zätterström,DF,DF,21.0,seSWE,Genoa,Big5,2,91,0,0,0,0,,,,0.0,0,,,2,,,,,,,1.0,1,nilszatterstrom,,
Jordan Zemura,"MF,DF",MF,26.0,zwZIM,Udinese,Big5,15,1017,0,1,3,0,,,,4.972,1,0.5,,6,,,,,,,11.3,12,jordanzemura,,
Alessio Zerbin,MF,MF,27.0,itITA,Cremonese,Big5,31,1601,0,3,1,0,,,,21.004,7,1.6,,3,,,,,,6.36,17.8,16,alessiozerbin,,
Michael Zetterer,GK,GK,30.0,deGER,Eintracht Frankfurt,Big5,21,1886,0,0,1,0,,,,0.0,0,,,1,,,57.0,66.3,6.0,6.68,21.0,20,michaelzetterer,,
Edon Zhegrova,MF,MF,27.0,xkKVX,Juventus,Big5,17,347,0,0,0,0,,,,17.199,9,0.8,,0,,,,,,,3.9,0,edonzhegrova,,
Oleksandr Zinchenko,DF,DF,29.0,uaUKR,Nottingham Forest,Big5,5,353,0,0,0,0,,,,3.9779999999999998,2,0.1,,2,,,,,,,3.9,4,oleksandrzinchenko,,
Melvin Zinga,GK,GK,24.0,frFRA,Angers,Big5,2,180,0,0,0,0,,,,0.0,0,,,0,,,7.0,63.6,0.0,,2.0,2,melvinzinga,,
Luck Zogbé,DF,DF,21.0,ciCIV,Brest,Big5,9,288,0,0,0,0,,,,3.008,0,0.0,,3,,,,,,,3.2,3,luckzogbe,,
Nadir Zortea,DF,DF,26.0,itITA,Bologna,Big5,31,1794,0,2,2,0,,,,10.945,1,0.4,,20,,,,,,6.61,19.9,16,nadirzortea,,
Yanis Zouaoui,"DF,MF",DF,28.0,dzALG,Le Havre,Big5,30,2338,1,1,7,0,,,,16.12,5,1.4,,27,,,,,,6.82,26.0,28,yaniszouaoui,,
Igor Zubeldia,DF,DF,29.0,esESP,Real Sociedad,Big5,22,1898,0,1,8,0,,,,5.908000000000001,1,0.3,,22,,,,,,6.78,21.1,21,igorzubeldia,,
Martín Zubimendi,MF,MF,27.0,esESP,Arsenal,Big5,36,2901,5,1,4,0,,,,27.048000000000002,9,2.9,,39,,,,,,7.2,32.2,33,martinzubimendi,Martín Zubimendi,75000000.0
Martin Ødegaard,MF,MF,27.0,noNOR,Arsenal,Big5,23,1280,1,6,0,0,,,,21.016,8,1.2,,7,,,,,,7.0,14.2,15,martindegaard,Martin Ødegaard,65000000.0
Nicolás Acevedo,"DF,MF",DF,27.0,uyURU,Bahia,Brasileirao,13,1119,0,0,4,0,,,,15.996,5,1.2,,23,,,,,,7.32,12.4,13,nicolasacevedo,,
Adson,MF,MF,25.0,brBRA,Vasco da Gama,Brasileirao,6,231,0,0,0,0,,,,10.14,3,0.6,,4,,,,,,,2.6,1,adson,,
Braian Aguirre,"DF,MF",DF,25.0,arARG,Internacional,Brasileirao,11,453,0,1,1,0,,,,9.95,2,0.7,,6,,,,,,6.75,5.0,5,braianaguirre,,
Yuri Alberto,FW,FW,25.0,brBRA,Corinthians,Brasileirao,11,941,1,0,1,0,,,,22.05,11,3.8,,0,,,,,,6.82,10.5,11,yurialberto,,
José Aldo,MF,MF,27.0,brBRA,Mirassol,Brasileirao,12,877,0,1,7,0,,,,11.931,3,0.5,,10,,,,,,7.0,9.7,10,josealdo,,
Alerrandro,FW,FW,26.0,brBRA,Internacional,Brasileirao,14,535,2,2,0,0,,,,18.880000000000003,6,4.8,,4,,,,,,6.63,5.9,6,alerrandro,,
Alesson,"MF,FW",MF,27.0,brBRA,Mirassol,Brasileirao,14,884,0,4,1,0,,,,21.952000000000005,12,2.6,,1,,,,,,6.83,9.8,11,alesson,,
Caio Alexandre,MF,MF,27.0,brBRA,Bahia,Brasileirao,10,457,0,0,1,0,,,,3.0089999999999995,0,0.2,,5,,,,,,6.68,5.1,6,caioalexandre,,
Alisson,MF,MF,32.0,brBRA,Fluminense,Brasileirao,8,256,0,1,3,0,,,,0.9799999999999999,1,0.0,,1,,,,,,,2.8,3,alisson,,
Allan,MF,MF,22.0,brBRA,Palmeiras,Brasileirao,15,1091,3,1,3,0,,,,24.926,10,2.0,,10,,,,,,7.23,12.1,13,allan,,
Allan,MF,MF,29.0,brBRA,Corinthians,Brasileirao,10,496,0,0,3,1,,,,5.005,1,0.7,,11,,,,,,6.56,5.5,5,allan,,
Allex,"MF,DF",MF,20.0,brBRA,Internacional,Brasileirao,5,283,0,0,1,0,,,,1.9840000000000002,1,0.2,,2,,,,,,,3.1,4,allex,,
Kayky Almeida,DF,DF,21.0,brBRA,Remo,Brasileirao,7,486,0,0,1,0,,,,5.022,2,0.1,,11,,,,,,,5.4,5,kaykyalmeida,,
Francis Amuzu,"MF,FW",MF,26.0,beBEL,Grêmio,Brasileirao,13,890,1,2,0,0,,,,25.047,8,1.3,,0,,,,,,6.75,9.9,11,francisamuzu,,
Felipe Anderson,MF,MF,33.0,brBRA,Palmeiras,Brasileirao,10,238,0,0,1,0,,,,4.914,1,0.3,,3,,,,,,6.79,2.6,1,felipeanderson,,
Léo Andrade,DF,DF,28.0,brBRA,Remo,Brasileirao,4,295,0,0,1,0,,,,0.0,0,,,5,,,,,,,3.3,3,leoandrade,,
André,MF,MF,19.0,brBRA,Corinthians,Brasileirao,11,656,1,0,1,2,,,,11.023,2,1.2,,5,,,,,,6.49,7.3,8,andre,,
Fabrizio Angileri,DF,DF,32.0,arARG,Corinthians,Brasileirao,6,329,0,0,2,0,,,,0.0,0,,,2,,,,,,,3.7,3,fabrizioangileri,,
Anthoni,GK,GK,24.0,brBRA,Internacional,Brasileirao,4,360,0,0,0,0,,,,0.0,0,,,0,,,14.0,73.7,1.0,,4.0,4,anthoni,,
Marcos Antônio,MF,MF,25.0,brBRA,São Paulo,Brasileirao,11,858,0,2,1,0,,,,8.93,1,1.2,,2,,,,,,6.89,9.5,9,marcosantonio,,
Guilherme Arana,DF,DF,29.0,brBRA,Fluminense,Brasileirao,10,654,1,0,2,0,,,,11.023,4,0.7,,3,,,,,,7.1,7.3,7,guilhermearana,,
Luiz Araújo,MF,MF,29.0,brBRA,Flamengo,Brasileirao,10,280,1,1,1,0,,,,5.983,2,1.0,,1,,,,,,,3.1,3,luizaraujo,,
Michel Araujo,MF,MF,29.0,uyURU,Bahia,Brasileirao,11,223,0,0,2,1,,,,3.025,1,0.1,,0,,,,,,6.3,2.5,1,michelaraujo,,
Robert Arboleda,DF,DF,34.0,ecECU,São Paulo,Brasileirao,6,317,0,0,0,0,,,,0.9800000000000001,0,0.0,,0,,,,,,,3.5,3,robertarboleda,,
Lucas Arcanjo,GK,GK,27.0,brBRA,Vitória,Brasileirao,11,990,0,0,1,0,,,,0.0,0,,,0,,,37.0,75.0,4.0,7.28,11.0,11,lucasarcanjo,,
Jhon Arias,MF,MF,28.0,coCOL,Palmeiras,Brasileirao,11,844,3,0,3,0,,,,17.014000000000003,9,1.6,,8,,,,,,7.25,9.4,10,jhonarias,,
Keny Arroyo,MF,MF,20.0,ecECU,Cruzeiro,Brasileirao,13,749,1,2,4,1,,,,22.908,9,1.1,,7,,,,,,6.86,8.3,9,kenyarroyo,,
Arthur,DF,DF,20.0,brBRA,Palmeiras,Brasileirao,10,570,0,0,0,0,,,,3.969,1,0.4,,9,,,,,,6.98,6.3,6,arthur,,
Artur,MF,MF,28.0,brBRA,São Paulo,Brasileirao,7,629,1,1,0,0,,,,15.049999999999999,6,2.9,,4,,,,,,7.0,7.0,7,artur,,
Matheus Bahia,"DF,MF",DF,26.0,brBRA,Internacional,Brasileirao,7,454,0,0,1,0,,,,3.95,2,0.3,,4,,,,,,6.99,5.0,6,matheusbahia,,
Fabián Balbuena,DF,DF,34.0,pyPAR,Grêmio,Brasileirao,7,585,0,0,0,0,,,,0.975,0,0.0,,11,,,,,,,6.5,7,fabianbalbuena,,
Gabriel Baralhas,MF,MF,27.0,brBRA,Vitória,Brasileirao,11,983,2,3,4,0,,,,14.933000000000002,3,1.7,,20,,,,,,7.1,10.9,11,gabrielbaralhas,,
Cauan Barros,MF,MF,22.0,brBRA,Vasco da Gama,Brasileirao,12,852,3,0,3,1,,,,11.02,3,1.7,,19,,,,,,6.92,9.5,10,cauanbarros,,
Gastón Benavídez,"MF,DF",MF,30.0,arARG,Athletico Paranaense,Brasileirao,12,1080,0,4,3,0,,,,3.0,2,0.6,,11,,,,,,7.2,12.0,12,gastonbenavidez,,
Alexandro Bernabei,"MF,DF",MF,25.0,arARG,Internacional,Brasileirao,13,1107,3,0,4,0,,,,24.968999999999998,9,1.6,,17,,,,,,7.31,12.3,12,alexandrobernabei,,
Facundo Bernal,MF,MF,22.0,uyURU,Fluminense,Brasileirao,7,377,0,0,1,0,,,,7.014,1,0.3,,0,,,,,,6.72,4.2,5,facundobernal,,
Matheus Bidu,DF,DF,27.0,brBRA,Corinthians,Brasileirao,12,1021,2,1,5,0,,,,8.927000000000001,3,0.6,,13,,,,,,7.32,11.3,12,matheusbidu,,
Damián Bobadilla,MF,MF,24.0,pyPAR,São Paulo,Brasileirao,13,969,0,2,2,0,,,,11.016000000000002,4,0.8,,15,,,,,,6.99,10.8,12,damianbobadilla,,
Daniel Borges,DF,DF,33.0,brBRA,Mirassol,Brasileirao,2,97,0,0,0,0,,,,3.058,0,0.1,,0,,,,,,,1.1,0,danielborges,,
Rafael Borré,FW,FW,30.0,coCOL,Internacional,Brasileirao,15,947,2,1,1,0,,,,25.935000000000002,12,5.6,,4,,,,,,6.6,10.5,10,rafaelborre,,
David Braga,MF,MF,24.0,brBRA,Remo,Brasileirao,4,175,0,0,1,0,,,,0.0,0,,,1,,,,,,,1.9,2,davidbraga,,
Martin Braithwaite,FW,FW,34.0,dkDEN,Grêmio,Brasileirao,8,156,0,0,0,0,,,,1.9549999999999998,1,0.3,,0,,,,,,6.27,1.7,1,martinbraithwaite,,
Brenner,"MF,FW",MF,26.0,brBRA,Vasco da Gama,Brasileirao,11,445,1,1,1,0,,,,13.867,5,3.2,,1,,,,,,6.41,4.9,4,brenner,,
Bruninho,MF,MF,17.0,brBRA,Athletico Paranaense,Brasileirao,9,312,0,0,0,0,,,,9.1,7,0.3,,2,,,,,,,3.5,3,bruninho,,
Fabrício Bruno,DF,DF,30.0,brBRA,Cruzeiro,Brasileirao,14,1252,0,0,4,0,,,,12.927000000000001,3,0.4,,7,,,,,,6.93,13.9,14,fabriciobruno,,
Vitor Bueno,"MF,FW",MF,31.0,brBRA,Remo,Brasileirao,8,553,2,1,0,0,,,,11.895,7,2.0,,3,,,,,,6.88,6.1,7,vitorbueno,,
Cacá,DF,DF,27.0,brBRA,Vitória,Brasileirao,10,884,1,0,2,0,,,,4.998,2,0.6,,5,,,,,,6.68,9.8,10,caca,,
Jonathan Calleri,FW,FW,32.0,arARG,São Paulo,Brasileirao,14,1173,6,1,3,0,,,,33.93,13,6.3,,3,,,,,,6.82,13.0,13,jonathancalleri,,
Camutanga,DF,DF,32.0,brBRA,Vitória,Brasileirao,8,599,0,0,0,0,,,,3.015,1,0.3,,6,,,,,,,6.7,7,camutanga,,
Luan Cândido,DF,DF,25.0,brBRA,Vitória,Brasileirao,8,597,0,1,0,0,,,,7.986,3,0.7,,9,,,,,,6.86,6.6,6,luancandido,,
Agustín Canobbio,MF,MF,27.0,uyURU,Fluminense,Brasileirao,10,774,3,1,3,1,,,,17.973999999999997,8,2.2,,2,,,,,,7.33,8.6,10,agustincanobbio,,
Aitor Cantalapiedra,MF,MF,30.0,esESP,Vitória,Brasileirao,8,338,0,0,1,0,,,,2.014,1,0.3,,4,,,,,,,3.8,4,aitorcantalapiedra,,
Johan Carbonero,"MF,FW",MF,26.0,coCOL,Internacional,Brasileirao,15,962,2,1,2,0,,,,33.062999999999995,10,3.3,,1,,,,,,6.93,10.7,11,johancarbonero,,
Edson Carioca,"MF,FW",MF,28.0,brBRA,Mirassol,Brasileirao,8,264,1,0,3,0,,,,8.902999999999999,1,0.8,,2,,,,,,6.32,2.9,2,edsoncarioca,,
Jorge Carrascal,MF,MF,27.0,coCOL,Flamengo,Brasileirao,11,508,2,1,0,1,,,,17.863999999999997,5,1.9,,1,,,,,,6.74,5.6,4,jorgecarrascal,,
André Carrillo,MF,MF,34.0,pePER,Corinthians,Brasileirao,11,607,0,1,2,0,,,,2.948,0,0.1,,3,,,,,,6.74,6.7,7,andrecarrillo,,
Cássio,GK,GK,38.0,brBRA,Cruzeiro,Brasileirao,5,421,0,0,0,0,,,,0.0,0,,,0,,,14.0,58.3,0.0,,4.7,5,cassio,,
Rodrigo Castillo,FW,FW,27.0,arARG,Fluminense,Brasileirao,11,479,3,1,1,0,,,,15.952999999999998,7,1.8,,1,,,,,,6.67,5.3,4,rodrigocastillo,,
Kaio César,MF,MF,22.0,brBRA,Corinthians,Brasileirao,3,118,0,1,1,0,,,,1.989,1,0.5,,0,,,,,,,1.3,1,kaiocesar,,
Chiqueti,MF,MF,20.0,brBRA,Athletico Paranaense,Brasileirao,8,221,0,0,1,0,,,,9.175,2,0.4,,0,,,,,,,2.5,0,chiqueti,,
Christian,MF,MF,25.0,brBRA,Cruzeiro,Brasileirao,14,1045,5,1,1,0,,,,19.023999999999997,8,2.1,,13,,,,,,7.09,11.6,13,christian,,
Tiago Coser,DF,DF,22.0,brBRA,Coritiba,Brasileirao,12,642,1,0,1,1,,,,1.988,1,0.3,,8,,,,,,6.4,7.1,7,tiagocoser,,
Philippe Coutinho,MF,MF,33.0,brBRA,Vasco da Gama,Brasileirao,3,257,1,0,0,0,,,,17.255,7,1.3,,0,,,,,,,2.9,3,philippecoutinho,,
João Cruz,MF,MF,20.0,brBRA,Athletico Paranaense,Brasileirao,10,355,0,2,2,0,,,,12.87,3,1.1,,1,,,,,,6.71,3.9,3,joaocruz,,
Carlos Cuesta,DF,DF,27.0,coCOL,Vasco da Gama,Brasileirao,6,540,0,1,1,0,,,,3.0,0,0.2,,5,,,,,,,6.0,6,carloscuesta,,
Cuiabano,DF,DF,23.0,brBRA,Vasco da Gama,Brasileirao,9,642,2,3,2,0,,,,14.91,7,1.5,,16,,,,,,7.49,7.1,7,cuiabano,,
Matheus Cunha,GK,GK,24.0,brBRA,Cruzeiro,Brasileirao,9,749,0,1,1,0,,,,0.0,0,,,0,,,13.0,59.1,4.0,6.54,8.3,8,matheuscunha,Matheus Cunha,75000000.0
Danielzinho,MF,MF,31.0,brBRA,São Paulo,Brasileirao,13,1023,1,1,1,0,,,,7.9799999999999995,1,0.7,,17,,,,,,7.04,11.4,13,danielzinho,,
Danilo,DF,DF,34.0,brBRA,Flamengo,Brasileirao,3,116,0,0,0,0,,,,0.0,0,0.0,,1,,,,,,,1.3,1,danilo,,
David,FW,FW,30.0,brBRA,Vasco da Gama,Brasileirao,12,695,2,2,0,0,,,,11.935,7,2.2,,0,,,,,,6.79,7.7,10,david,,
Giorgian De Arrascaeta,MF,MF,31.0,uyURU,Flamengo,Brasileirao,10,740,3,1,1,0,,,,25.912,9,4.7,,0,,,,,,7.49,8.2,9,giorgiandearrascaeta,,
Nicolás De La Cruz,MF,MF,28.0,uyURU,Flamengo,Brasileirao,9,222,0,0,1,0,,,,4.050000000000001,0,0.3,,4,,,,,,,2.5,1,nicolasdelacruz,,
Denilson,MF,MF,25.0,brBRA,Mirassol,Brasileirao,7,303,0,0,0,0,,,,1.02,0,0.2,,5,,,,,,6.74,3.4,4,denilson,,
Arthur Dias,DF,DF,19.0,brBRA,Athletico Paranaense,Brasileirao,14,1230,0,0,4,0,,,,3.014,0,0.2,,18,,,,,,7.05,13.7,14,arthurdias,,
Enzo Díaz,DF,DF,30.0,arARG,São Paulo,Brasileirao,11,747,0,1,5,0,,,,7.968,1,0.3,,6,,,,,,6.86,8.3,9,enzodiaz,,
Dieguinho,MF,MF,18.0,brBRA,Corinthians,Brasileirao,6,120,1,0,0,0,,,,3.9000000000000004,1,0.1,,1,,,,,,,1.3,0,dieguinho,,
Dodi,MF,MF,30.0,brBRA,Grêmio,Brasileirao,6,184,0,0,2,0,,,,2.94,0,0.1,,2,,,,,,,2.0,1,dodi,,
David Duarte,DF,DF,31.0,brBRA,Bahia,Brasileirao,8,720,1,0,1,0,,,,6.0,2,0.9,,9,,,,,,7.1,8.0,8,davidduarte,,
Dudu,MF,MF,26.0,brBRA,Vitória,Brasileirao,3,168,1,0,0,0,,,,1.026,1,0.3,,0,,,,,,,1.9,1,dudu,,
Edenilson,DF,DF,20.0,brBRA,Vitória,Brasileirao,6,289,0,0,1,1,,,,0.992,0,0.2,,2,,,,,,,3.2,3,edenilson,,
Carlos Eduardo,MF,MF,36.0,brBRA,Mirassol,Brasileirao,8,429,2,0,0,1,,,,8.064,4,1.5,,5,,,,,,6.44,4.8,5,carloseduardo,,
Carlos Eduardo,MF,MF,36.0,brBRA,Mirassol,Brasileirao,8,429,2,0,0,1,,,,11.184,1,1.5,,5,,,,,,6.44,4.8,5,carloseduardo,,
Carlos Eduardo,MF,MF,36.0,brBRA,Mirassol,Brasileirao,8,429,2,0,0,1,,,,8.064,4,1.5,,0,,,,,,6.44,4.8,5,carloseduardo,,
Carlos Eduardo,MF,MF,36.0,brBRA,Mirassol,Brasileirao,8,429,2,0,0,1,,,,11.184,1,1.5,,0,,,,,,6.44,4.8,5,carloseduardo,,
Carlos Eduardo,MF,MF,36.0,brBRA,Mirassol,Brasileirao,8,429,2,0,0,1,,,,8.064,4,1.5,,5,,,,,,6.44,4.8,5,carloseduardo,,
Carlos Eduardo,MF,MF,36.0,brBRA,Mirassol,Brasileirao,8,429,2,0,0,1,,,,11.184,1,1.5,,5,,,,,,6.44,4.8,5,carloseduardo,,
Carlos Eduardo,MF,MF,36.0,brBRA,Mirassol,Brasileirao,8,429,2,0,0,1,,,,8.064,4,1.5,,0,,,,,,6.44,4.8,5,carloseduardo,,
Carlos Eduardo,MF,MF,36.0,brBRA,Mirassol,Brasileirao,8,429,2,0,0,1,,,,11.184,1,1.5,,0,,,,,,6.44,4.8,5,carloseduardo,,
Carlos Eduardo,"MF,FW",MF,29.0,brBRA,Mirassol,Brasileirao,7,309,1,1,1,0,,,,5.712,4,1.5,,5,,,,,,6.44,3.4,4,carloseduardo,,
Carlos Eduardo,"MF,FW",MF,29.0,brBRA,Mirassol,Brasileirao,7,309,1,1,1,0,,,,7.922,1,1.5,,5,,,,,,6.44,3.4,4,carloseduardo,,
Carlos Eduardo,"MF,FW",MF,29.0,brBRA,Mirassol,Brasileirao,7,309,1,1,1,0,,,,5.712,4,1.5,,0,,,,,,6.44,3.4,4,carloseduardo,,
Carlos Eduardo,"MF,FW",MF,29.0,brBRA,Mirassol,Brasileirao,7,309,1,1,1,0,,,,7.922,1,1.5,,0,,,,,,6.44,3.4,4,carloseduardo,,
Carlos Eduardo,"MF,FW",MF,29.0,brBRA,Mirassol,Brasileirao,7,309,1,1,1,0,,,,5.712,4,1.5,,5,,,,,,6.44,3.4,4,carloseduardo,,
Carlos Eduardo,"MF,FW",MF,29.0,brBRA,Mirassol,Brasileirao,7,309,1,1,1,0,,,,7.922,1,1.5,,5,,,,,,6.44,3.4,4,carloseduardo,,
Carlos Eduardo,"MF,FW",MF,29.0,brBRA,Mirassol,Brasileirao,7,309,1,1,1,0,,,,5.712,4,1.5,,0,,,,,,6.44,3.4,4,carloseduardo,,
Carlos Eduardo,"MF,FW",MF,29.0,brBRA,Mirassol,Brasileirao,7,309,1,1,1,0,,,,7.922,1,1.5,,0,,,,,,6.44,3.4,4,carloseduardo,,
José Enamorado,"MF,FW",MF,27.0,coCOL,Grêmio,Brasileirao,14,699,0,2,1,0,,,,12.09,3,0.9,,4,,,,,,6.51,7.8,8,joseenamorado,,
Erick,MF,MF,28.0,brBRA,Bahia,Brasileirao,12,666,2,0,2,0,,,,9.990000000000002,4,1.8,,6,,,,,,6.72,7.4,6,erick,,
Erick,"MF,FW",MF,28.0,brBRA,Vitória,Brasileirao,13,932,2,3,1,0,,,,15.08,7,1.4,,2,,,,,,7.04,10.4,10,erick,,
Lucas Esquivel,"DF,MF",DF,24.0,arARG,Athletico Paranaense,Brasileirao,12,984,1,3,1,1,,,,12.971,3,0.4,,9,,,,,,7.24,10.9,12,lucasesquivel,,
Lucas Evangelista,MF,MF,31.0,brBRA,Palmeiras,Brasileirao,13,290,0,1,1,0,,,,5.952000000000001,0,0.4,,0,,,,,,6.41,3.2,1,lucasevangelista,,
Fábio,GK,GK,45.0,brBRA,Fluminense,Brasileirao,15,1350,0,0,1,0,,,,0.0,0,,,0,,,49.0,73.1,3.0,6.82,15.0,15,fabio,,
Fabrício,FW,FW,25.0,brBRA,Vitória,Brasileirao,7,182,0,1,0,0,,,,3.96,2,0.4,,0,,,,,,,2.0,1,fabricio,,
Fagner,DF,DF,36.0,brBRA,Cruzeiro,Brasileirao,9,566,0,1,1,0,,,,0.0,0,,,3,,,,,,6.76,6.3,6,fagner,,
Felipinho,MF,MF,24.0,brBRA,Athletico Paranaense,Brasileirao,4,124,0,0,0,0,,,,1.022,0,0.3,,3,,,,,,,1.4,1,felipinho,,
Ferreira,"MF,FW",MF,28.0,brBRA,São Paulo,Brasileirao,10,345,4,0,2,0,,,,12.882,7,1.6,,0,,,,,,7.03,3.8,4,ferreira,,
Nathan Fogaça,FW,FW,26.0,brBRA,Mirassol,Brasileirao,9,332,2,0,2,0,,,,17.057000000000002,9,3.4,,0,,,,,,6.34,3.7,2,nathanfogaca,,
Alan Franco,DF,DF,29.0,arARG,São Paulo,Brasileirao,11,893,0,0,3,0,,,,1.9800000000000002,0,0.4,,5,,,,,,6.83,9.9,11,alanfranco,,
Marlon Freitas,MF,MF,31.0,brBRA,Palmeiras,Brasileirao,14,1214,2,1,3,0,,,,9.045,3,0.5,,8,,,,,,7.25,13.5,14,marlonfreitas,,
Bruno Fuchs,DF,DF,27.0,brBRA,Palmeiras,Brasileirao,6,417,0,0,0,0,,,,0.0,0,,,6,,,,,,,4.6,4,brunofuchs,,
Pedro Gabriel,"DF,MF",DF,18.0,brBRA,Grêmio,Brasileirao,7,524,0,0,2,0,,,,4.9879999999999995,3,0.1,,4,,,,,,6.53,5.8,7,pedrogabriel,,
Victor Gabriel,DF,DF,22.0,brBRA,Internacional,Brasileirao,13,1062,0,0,7,0,,,,4.0120000000000005,0,0.3,,16,,,,,,6.93,11.8,12,victorgabriel,,
Antonio Galeano,MF,MF,26.0,pyPAR,Mirassol,Brasileirao,10,286,0,0,1,0,,,,8.064,4,0.5,,1,,,,,,6.09,3.2,2,antoniogaleano,,
Ganso,MF,MF,36.0,brBRA,Fluminense,Brasileirao,12,338,0,0,1,0,,,,5.054,2,0.6,,1,,,,,,,3.8,2,ganso,,
Rodrigo Garro,"MF,FW",MF,28.0,arARG,Corinthians,Brasileirao,15,980,1,6,2,0,,,,17.985,8,1.8,,7,,,,,,7.26,10.9,11,rodrigogarro,,
Gerson,MF,MF,28.0,brBRA,Cruzeiro,Brasileirao,14,1077,0,1,1,0,,,,13.080000000000002,7,1.1,,7,,,,,,7.04,12.0,14,gerson,,
Agustín Giay,DF,DF,22.0,arARG,Palmeiras,Brasileirao,13,842,0,0,2,0,,,,1.974,1,0.2,,6,,,,,,7.08,9.4,9,agustingiay,,
Gilberto,DF,DF,33.0,brBRA,Bahia,Brasileirao,5,315,0,1,0,0,,,,1.015,0,0.1,,4,,,,,,,3.5,3,gilberto,,
Gilberto,MF,MF,21.0,brBRA,Athletico Paranaense,Brasileirao,3,196,0,0,0,0,,,,1.0120000000000002,0,0.0,,1,,,,,,,2.2,2,gilberto,,
Bruno Gomes,DF,DF,25.0,brBRA,Internacional,Brasileirao,15,1177,0,0,1,0,,,,11.004,1,0.6,,13,,,,,,7.14,13.1,14,brunogomes,,
Andrés Gómez,MF,MF,23.0,coCOL,Vasco da Gama,Brasileirao,14,1144,2,1,4,0,,,,51.943,15,2.8,,8,,,,,,7.11,12.7,13,andresgomez,,
Gustavo Gómez,DF,DF,33.0,pyPAR,Palmeiras,Brasileirao,14,1249,3,0,0,0,,,,11.954,4,1.0,,10,,,,,,7.1,13.9,14,gustavogomez,,
Román Gómez,DF,DF,21.0,arARG,Bahia,Brasileirao,2,180,0,0,0,0,,,,1.0,0,0.1,,6,,,,,,,2.0,2,romangomez,,
Sebastián Gómez,MF,MF,29.0,coCOL,Coritiba,Brasileirao,12,931,0,0,3,0,,,,7.931000000000001,3,0.5,,12,,,,,,6.56,10.3,12,sebastiangomez,,
Guga,DF,DF,27.0,brBRA,Fluminense,Brasileirao,9,490,0,2,1,0,,,,2.9700000000000006,0,0.1,,3,,,,,,7.13,5.4,5,guga,,
Luiz Gustavo,MF,MF,38.0,brBRA,Athletico Paranaense,Brasileirao,13,994,2,0,3,0,,,,15.95,7,2.3,,8,,,,,,6.99,11.0,12,luizgustavo,,
Bruno Henrique,FW,FW,35.0,brBRA,Flamengo,Brasileirao,9,187,0,0,1,0,,,,6.069000000000001,2,1.1,,0,,,,,,6.39,2.1,1,brunohenrique,,
Bruno Henrique,MF,MF,36.0,brBRA,Internacional,Brasileirao,12,667,0,0,0,0,,,,13.986,4,1.0,,5,,,,,,6.63,7.4,8,brunohenrique,,
Gustavo Henrique,DF,DF,33.0,brBRA,Corinthians,Brasileirao,12,1080,0,0,3,0,,,,9.0,4,0.9,,13,,,,,,6.84,12.0,12,gustavohenrique,,
Matheus Henrique,MF,MF,28.0,brBRA,Cruzeiro,Brasileirao,15,720,0,0,1,0,,,,4.96,0,0.3,,6,,,,,,6.42,8.0,7,matheushenrique,,
Paulo Henrique,DF,DF,29.0,brBRA,Vasco da Gama,Brasileirao,11,766,0,2,3,0,,,,3.9949999999999997,1,0.1,,10,,,,,,7.02,8.5,10,paulohenrique,,
Hércules,MF,MF,25.0,brBRA,Fluminense,Brasileirao,13,801,3,0,1,0,,,,17.978,7,1.3,,5,,,,,,6.82,8.9,9,hercules,,
Diego Hernández,MF,MF,25.0,uyURU,Remo,Brasileirao,6,141,0,1,2,0,,,,5.104,2,0.2,,2,,,,,,,1.6,1,diegohernandez,,
Marino Hinestroza,MF,MF,23.0,coCOL,Vasco da Gama,Brasileirao,7,210,0,0,0,0,,,,4.922,0,0.2,,1,,,,,,,2.3,1,marinohinestroza,,
Ignácio,DF,DF,29.0,brBRA,Fluminense,Brasileirao,6,451,0,1,1,0,,,,6.0,0,0.3,,5,,,,,,,5.0,5,ignacio,,
Jacy,DF,DF,28.0,brBRA,Coritiba,Brasileirao,13,924,1,0,2,1,,,,5.974,1,0.4,,12,,,,,,6.8,10.3,10,jacy,,
Jáderson,MF,MF,25.0,brBRA,Remo,Brasileirao,10,209,0,0,0,0,,,,2.9669999999999996,0,0.1,,0,,,,,,,2.3,2,jaderson,,
Jadson,MF,MF,32.0,brBRA,Athletico Paranaense,Brasileirao,9,444,0,0,3,0,,,,0.0,0,0.1,,6,,,,,,6.76,4.9,5,jadson,,
Léo Jardim,GK,GK,31.0,brBRA,Vasco da Gama,Brasileirao,15,1350,0,0,1,0,,,,0.0,0,,,0,,,41.0,67.2,1.0,6.52,15.0,15,leojardim,,
Jefté,DF,DF,22.0,brBRA,Palmeiras,Brasileirao,4,204,0,0,1,0,,,,1.012,0,0.0,,2,,,,,,,2.3,3,jefte,,
Jemmes,DF,DF,26.0,brBRA,Fluminense,Brasileirao,12,946,0,0,3,0,,,,1.995,0,0.2,,12,,,,,,6.94,10.5,11,jemmes,,
Felipe Jonatan,"DF,MF",DF,28.0,brBRA,Coritiba,Brasileirao,10,518,0,0,0,0,,,,6.032,2,0.5,,1,,,,,,6.6,5.8,5,felipejonatan,,
Kaio Jorge,FW,FW,24.0,brBRA,Cruzeiro,Brasileirao,10,732,3,0,0,0,,,,21.87,6,5.0,,2,,,,,,6.86,8.1,9,kaiojorge,,
Jorginho,MF,MF,34.0,itITA,Flamengo,Brasileirao,10,798,2,0,3,1,,,,4.984000000000001,2,1.8,,11,,,,,,7.17,8.9,9,jorginho,,
Willian José,FW,FW,34.0,brBRA,Bahia,Brasileirao,13,671,3,1,0,0,,,,16.125,7,5.4,,1,,,,,,6.81,7.5,10,willianjose,,
Luciano Juba,DF,DF,26.0,brBRA,Bahia,Brasileirao,14,1260,7,1,2,0,,,,20.02,12,3.3,,17,,,,,,7.55,14.0,14,lucianojuba,,
Julimar,"MF,FW",MF,25.0,brBRA,Athletico Paranaense,Brasileirao,11,631,3,1,2,0,,,,11.969999999999999,5,2.3,,4,,,,,,6.56,7.0,9,julimar,,
Kayke,MF,MF,22.0,brBRA,Corinthians,Brasileirao,6,233,0,0,0,0,,,,2.0020000000000002,1,0.1,,0,,,,,,,2.6,2,kayke,,
John Kennedy,FW,FW,23.0,brBRA,Fluminense,Brasileirao,14,881,7,1,0,0,,,,33.026,24,6.6,,0,,,,,,7.1,9.8,10,johnkennedy,,
Khellven,DF,DF,25.0,brBRA,Palmeiras,Brasileirao,11,563,0,0,2,0,,,,3.024,0,0.0,,6,,,,,,6.7,6.3,7,khellven,,
Joaquín Lavega,MF,MF,21.0,uyURU,Coritiba,Brasileirao,14,641,4,0,3,0,,,,10.934,5,1.8,,1,,,,,,6.64,7.1,7,joaquinlavega,,
Jesse Lingard,"MF,FW",MF,33.0,engENG,Corinthians,Brasileirao,7,317,0,0,1,0,,,,3.9899999999999998,2,0.3,,1,,,,,,,3.5,3,jesselingard,,
Samuel Lino,MF,MF,26.0,brBRA,Flamengo,Brasileirao,14,805,2,5,2,0,,,,14.952,5,1.8,,5,,,,,,7.26,8.9,10,samuellino,,
Renzo López,FW,FW,32.0,uyURU,Vitória,Brasileirao,5,127,0,0,0,0,,,,0.9939999999999999,0,0.1,,0,,,,,,,1.4,1,renzolopez,,
Ayrton Lucas,DF,DF,28.0,brBRA,Flamengo,Brasileirao,7,333,0,0,0,0,,,,3.9960000000000004,2,0.1,,2,,,,,,,3.7,3,ayrtonlucas,,
Jean Lucas,MF,MF,27.0,brBRA,Bahia,Brasileirao,14,1121,2,2,2,0,,,,18.125,5,1.5,,12,,,,,,6.92,12.5,14,jeanlucas,,
João Lucas,DF,DF,28.0,brBRA,Remo,Brasileirao,6,482,0,0,3,0,,,,3.0240000000000005,1,0.4,,7,,,,,,,5.4,6,joaolucas,,
Luciano,"FW,MF",FW,32.0,brBRA,São Paulo,Brasileirao,13,944,5,1,2,0,,,,26.985,10,4.8,,2,,,,,,7.14,10.5,11,luciano,,
André Luis,FW,FW,32.0,brBRA,Mirassol,Brasileirao,10,422,1,0,1,0,,,,5.029000000000001,2,1.0,,0,,,,,,6.17,4.7,5,andreluis,,
Victor Luis,DF,DF,32.0,brBRA,Mirassol,Brasileirao,6,326,0,0,2,0,,,,2.988,0,0.1,,4,,,,,,,3.6,3,victorluis,,
Willian Machado,DF,DF,29.0,brBRA,Mirassol,Brasileirao,12,1080,0,1,2,0,,,,6.959999999999999,3,0.4,,15,,,,,,7.26,12.0,12,willianmachado,,
Pablo Maia,MF,MF,24.0,brBRA,São Paulo,Brasileirao,8,335,0,0,1,0,,,,4.958,0,0.2,,7,,,,,,,3.7,3,pablomaia,,
Thiago Maia,MF,MF,29.0,brBRA,Internacional,Brasileirao,9,134,0,0,0,0,,,,1.0050000000000001,1,0.0,,4,,,,,,,1.5,0,thiagomaia,,
Maicon,DF,DF,37.0,brBRA,Coritiba,Brasileirao,13,1019,0,0,0,1,,,,1.0170000000000001,0,0.1,,6,,,,,,6.46,11.3,12,maicon,,
Maik,"DF,MF",DF,21.0,brBRA,São Paulo,Brasileirao,5,368,0,0,0,0,,,,0.9839999999999999,0,0.0,,3,,,,,,,4.1,4,maik,,
Alef Manga,"MF,FW",MF,31.0,brBRA,Remo,Brasileirao,15,1077,4,3,1,0,,,,33.12,12,4.0,,4,,,,,,6.93,12.0,13,alefmanga,,
José Manuel López,FW,FW,25.0,arARG,Palmeiras,Brasileirao,15,1124,5,3,0,0,,,,31.0,12,2.8,,4,,,,,,7.34,12.5,15,josemanuellopez,,
Marcelinho,"DF,MF",DF,27.0,brBRA,Remo,Brasileirao,12,935,1,0,0,0,,,,12.064,3,0.7,,11,,,,,,6.76,10.4,10,marcelinho,,
João Marcelo,DF,DF,25.0,brBRA,Cruzeiro,Brasileirao,5,296,0,0,0,0,,,,0.0,0,,,2,,,,,,,3.3,3,joaomarcelo,,
Zé Marcos,DF,DF,28.0,brBRA,Vitória,Brasileirao,2,158,0,0,1,0,,,,0.0,0,,,3,,,,,,,1.8,2,zemarcos,,
Marinho,FW,FW,35.0,brBRA,Vitória,Brasileirao,5,123,0,0,0,0,,,,5.124,1,0.3,,0,,,,,,,1.4,2,marinho,,
Marlon,DF,DF,28.0,brBRA,Grêmio,Brasileirao,6,525,1,1,1,0,,,,4.9879999999999995,3,0.1,,9,,,,,,,5.8,6,marlon,,
Lucca Marques,MF,MF,18.0,brBRA,São Paulo,Brasileirao,3,95,0,0,0,0,,,,1.045,0,0.2,,2,,,,,,,1.1,1,luccamarques,,
Martinelli,MF,MF,25.0,brBRA,Fluminense,Brasileirao,11,851,0,1,3,0,,,,11.02,4,0.4,,9,,,,,,7.15,9.5,11,martinelli,,
Emiliano Martínez,MF,MF,26.0,uyURU,Palmeiras,Brasileirao,5,145,0,0,1,0,,,,2.9760000000000004,1,0.1,,7,,,,,,,1.6,1,emilianomartinez,,
Matheuzinho,"DF,MF",DF,25.0,brBRA,Corinthians,Brasileirao,11,891,1,0,3,1,,,,5.049,1,0.4,,12,,,,,,6.93,9.9,10,matheuzinho,,
Mayk,DF,DF,26.0,brBRA,Remo,Brasileirao,7,622,0,0,0,0,,,,2.001,0,0.0,,11,,,,,,6.74,6.9,7,mayk,,
Gabriel Mec,"MF,FW",MF,18.0,brBRA,Grêmio,Brasileirao,12,519,1,0,2,0,,,,9.048,1,1.9,,5,,,,,,6.62,5.8,5,gabrielmec,,
Bruno Melo,DF,DF,33.0,brBRA,Coritiba,Brasileirao,13,1011,0,1,1,1,,,,4.032,0,0.3,,8,,,,,,6.74,11.2,13,brunomelo,,
Nathan Mendes,DF,DF,23.0,brBRA,Vitória,Brasileirao,12,971,0,1,3,0,,,,2.052,0,0.1,,13,,,,,,6.78,10.8,11,nathanmendes,,
Thiago Mendes,MF,MF,34.0,brBRA,Vasco da Gama,Brasileirao,14,1160,3,1,6,0,,,,10.062000000000001,4,1.4,,9,,,,,,7.43,12.9,14,thiagomendes,,
Gabriel Mercado,DF,DF,39.0,arARG,Internacional,Brasileirao,8,710,1,0,3,0,,,,4.977,2,1.1,,8,,,,,,6.79,7.9,8,gabrielmercado,,
Carlos Miguel,GK,GK,27.0,brBRA,Palmeiras,Brasileirao,15,1350,0,0,2,0,,,,0.0,0,,,0,,,45.0,78.9,5.0,7.24,15.0,15,carlosmiguel,,
Pedro Milans,DF,DF,24.0,uyURU,Corinthians,Brasileirao,3,229,0,0,0,0,,,,0.9750000000000001,0,0.0,,5,,,,,,,2.5,3,pedromilans,,
Julián Millán,DF,DF,28.0,coCOL,Fluminense,Brasileirao,2,180,0,0,0,0,,,,0.0,0,0.0,,1,,,,,,,2.0,2,julianmillan,,
Miguel Monsalve,MF,MF,22.0,coCOL,Grêmio,Brasileirao,7,322,0,0,1,0,,,,2.0160000000000005,0,0.0,,1,,,,,,,3.6,5,miguelmonsalve,,
Kauã Moraes,DF,DF,19.0,brBRA,Cruzeiro,Brasileirao,8,352,2,1,2,0,,,,3.9779999999999998,3,1.2,,2,,,,,,,3.9,4,kauamoraes,,
Pedro Morisco,GK,GK,22.0,brBRA,Coritiba,Brasileirao,4,325,0,0,1,0,,,,0.0,0,,,1,,,21.0,80.8,0.0,,3.6,4,pedromorisco,,
Hugo Moura,MF,MF,28.0,brBRA,Vasco da Gama,Brasileirao,9,476,1,0,0,0,,,,3.0209999999999995,1,0.5,,6,,,,,,6.43,5.3,6,hugomoura,,
Lucas Moura,"MF,FW",MF,33.0,brBRA,São Paulo,Brasileirao,8,320,1,1,0,0,,,,5.076,3,1.1,,1,,,,,,,3.6,3,lucasmoura,,
Neto Moura,MF,MF,29.0,brBRA,Mirassol,Brasileirao,11,702,0,0,3,0,,,,10.998,2,0.4,,7,,,,,,6.58,7.8,9,netomoura,,
Juan Nardoni,MF,MF,23.0,arARG,Grêmio,Brasileirao,11,730,1,1,1,0,,,,8.019,1,0.9,,12,,,,,,6.68,8.1,10,juannardoni,,
Gui Negão,FW,FW,19.0,brBRA,Corinthians,Brasileirao,5,113,0,0,0,0,,,,1.04,0,0.3,,0,,,,,,,1.3,1,guinegao,,
Negueba,"MF,FW",MF,26.0,brBRA,Mirassol,Brasileirao,9,780,2,0,3,0,,,,18.096,5,0.7,,10,,,,,,7.31,8.7,9,negueba,,
Neris,DF,DF,33.0,brBRA,Vitória,Brasileirao,3,109,0,0,0,0,,,,0.0,0,,,1,,,,,,,1.2,1,neris,,
Rodrigo Nestor,MF,MF,25.0,brBRA,Bahia,Brasileirao,8,263,0,0,2,0,,,,5.944999999999999,1,0.5,,1,,,,,,6.68,2.9,2,rodrigonestor,,
Nonato,MF,MF,28.0,brBRA,Fluminense,Brasileirao,4,237,1,1,2,0,,,,1.9760000000000002,1,1.0,,2,,,,,,,2.6,3,nonato,,
Erick Noriega,MF,MF,24.0,pePER,Grêmio,Brasileirao,11,825,1,1,2,0,,,,5.9799999999999995,3,0.6,,12,,,,,,7.03,9.2,9,ericknoriega,,
Lucas Oliveira,DF,DF,30.0,brBRA,Mirassol,Brasileirao,4,350,1,0,2,0,,,,1.9889999999999999,1,0.3,,3,,,,,,,3.9,4,lucasoliveira,,
Cristian Olivera,"FW,MF",FW,24.0,uyURU,Bahia,Brasileirao,14,912,1,1,1,0,,,,20.906999999999996,14,1.8,,4,,,,,,6.95,10.1,11,cristianolivera,,
Leo Ortiz,DF,DF,30.0,brBRA,Flamengo,Brasileirao,14,1161,1,1,0,0,,,,3.999,2,0.2,,14,,,,,,7.12,12.9,13,leoortiz,,
Otávio,GK,GK,20.0,brBRA,Cruzeiro,Brasileirao,2,180,0,0,1,0,,,,0.0,0,,,0,,,3.0,60.0,0.0,,2.0,2,otavio,,
Otávio,MF,MF,32.0,brBRA,Fluminense,Brasileirao,5,170,0,0,1,0,,,,1.007,1,0.0,,1,,,,,,,1.9,0,otavio,,
Lucas Paquetá,MF,MF,28.0,brBRA,Flamengo,Brasileirao,10,647,3,0,1,0,,,,15.048,7,1.7,,1,,,,,,7.35,7.2,8,lucaspaqueta,,
Patrick,MF,MF,33.0,brBRA,Remo,Brasileirao,12,820,0,0,0,0,,,,9.009,2,0.8,,5,,,,,,6.74,9.1,8,patrick,,
Alan Patrick,"MF,FW",MF,35.0,brBRA,Internacional,Brasileirao,12,860,3,0,0,0,,,,16.032,5,2.9,,5,,,,,,7.08,9.6,10,alanpatrick,,
Patrick de Paula,MF,MF,26.0,brBRA,Remo,Brasileirao,6,469,0,2,4,0,,,,16.951999999999998,3,1.2,,4,,,,,,,5.2,6,patrickdepaula,,
Caio Paulista,DF,DF,28.0,brBRA,Grêmio,Brasileirao,6,318,0,0,0,0,,,,3.9549999999999996,0,0.2,,11,,,,,,,3.5,2,caiopaulista,,
Gabriel Paulista,DF,DF,35.0,brBRA,Corinthians,Brasileirao,12,1080,1,0,3,0,,,,12.96,2,0.4,,13,,,,,,7.12,12.0,12,gabrielpaulista,,
Vini Paulista,MF,MF,25.0,brBRA,Coritiba,Brasileirao,15,669,0,0,2,0,,,,7.992000000000001,1,0.6,,15,,,,,,6.72,7.4,6,vinipaulista,,
Cristian Pavón,"DF,MF",DF,30.0,arARG,Grêmio,Brasileirao,15,1154,0,0,3,0,,,,7.936,4,0.4,,20,,,,,,7.33,12.8,13,cristianpavon,,
Pedro,FW,FW,28.0,brBRA,Flamengo,Brasileirao,14,1078,8,3,1,0,,,,23.04,14,7.1,,3,,,,,,7.54,12.0,13,pedro,,
João Pedro Chermont,"DF,MF",DF,20.0,brBRA,Coritiba,Brasileirao,9,547,0,0,0,0,,,,4.026,2,0.2,,4,,,,,,6.5,6.1,5,joaopedrochermont,,
João Pedro,DF,DF,29.0,brBRA,Grêmio,Brasileirao,4,213,0,0,0,0,,,,0.0,0,0.0,,0,,,,,,,2.4,3,joaopedro,João Pedro,80000000.0
João Pedro,DF,DF,22.0,brBRA,Corinthians,Brasileirao,2,180,1,0,1,0,,,,2.0,1,0.1,,1,,,,,,,2.0,2,joaopedro,João Pedro,80000000.0
Andreas Pereira,MF,MF,30.0,brBRA,Palmeiras,Brasileirao,15,1171,1,9,2,0,,,,14.95,5,1.5,,7,,,,,,7.36,13.0,15,andreaspereira,,
Léo Pereira,DF,DF,30.0,brBRA,Flamengo,Brasileirao,12,1049,1,0,5,0,,,,12.051,3,0.7,,17,,,,,,7.21,11.7,12,leopereira,,
Matheus Pereira,MF,MF,30.0,brBRA,Cruzeiro,Brasileirao,13,1134,2,2,7,0,,,,32.004,9,3.6,,5,,,,,,7.51,12.6,13,matheuspereira,,
Leonel Pérez,MF,MF,21.0,arARG,Grêmio,Brasileirao,7,400,0,0,2,0,,,,2.9920000000000004,0,0.3,,7,,,,,,6.69,4.4,5,leonelperez,,
Leonel Picco,MF,MF,26.0,arARG,Remo,Brasileirao,12,609,1,0,2,0,,,,8.024,2,1.3,,16,,,,,,6.61,6.8,8,leonelpicco,,
Yago Pikachu,MF,MF,33.0,brBRA,Remo,Brasileirao,14,727,1,1,2,1,,,,14.013,6,1.1,,1,,,,,,6.52,8.1,7,yagopikachu,,
Joaquín Piquerez,DF,DF,27.0,uyURU,Palmeiras,Brasileirao,6,461,0,1,0,0,,,,4.997999999999999,2,0.2,,5,,,,,,,5.1,5,joaquinpiquerez,,
Lucas Piton,DF,DF,25.0,brBRA,Vasco da Gama,Brasileirao,11,674,0,0,0,0,,,,6.0,1,0.7,,6,,,,,,6.62,7.5,8,lucaspiton,,
Gonzalo Plata,MF,MF,25.0,ecECU,Flamengo,Brasileirao,9,539,2,2,1,0,,,,21.06,12,2.6,,3,,,,,,,6.0,6,gonzaloplata,,
Gabriel Poveda,FW,FW,27.0,brBRA,Remo,Brasileirao,7,101,0,0,0,0,,,,1.9580000000000002,1,0.1,,1,,,,,,,1.1,1,gabrielpoveda,,
Erick Pulga,"FW,MF",FW,25.0,brBRA,Bahia,Brasileirao,14,960,0,1,2,0,,,,13.053999999999998,5,0.9,,7,,,,,,6.74,10.7,13,erickpulga,,
Erick Pulgar,MF,MF,32.0,clCHI,Flamengo,Brasileirao,7,568,1,0,3,1,,,,3.969,2,0.2,,8,,,,,,,6.3,7,erickpulgar,,
André Ramalho,DF,DF,34.0,brBRA,Corinthians,Brasileirao,5,376,0,0,3,0,,,,1.008,0,0.0,,9,,,,,,,4.2,4,andreramalho,,
Ramon,DF,DF,25.0,brBRA,Vitória,Brasileirao,14,1195,2,0,3,0,,,,7.98,4,0.7,,13,,,,,,6.84,13.3,14,ramon,,
Lucas Ramon,DF,DF,32.0,brBRA,São Paulo,Brasileirao,9,712,0,1,0,1,,,,4.977,2,0.4,,10,,,,,,7.17,7.9,9,lucasramon,,
Marcelo Rangel,GK,GK,37.0,brBRA,Remo,Brasileirao,15,1350,0,0,1,0,,,,0.0,0,,,1,,,49.0,65.8,1.0,6.98,15.0,15,marcelorangel,,
Pedro Rangel,GK,GK,25.0,brBRA,Coritiba,Brasileirao,12,1025,0,0,1,0,,,,0.0,0,,,1,,,38.0,76.0,4.0,7.13,11.4,11,pedrorangel,,
Raniele,"MF,DF",MF,29.0,brBRA,Corinthians,Brasileirao,13,1022,1,0,4,0,,,,12.084000000000001,2,0.9,,24,,,,,,6.92,11.4,12,raniele,,
Pedro Raul,FW,FW,29.0,brBRA,Corinthians,Brasileirao,7,153,0,0,1,0,,,,2.992,0,0.1,,0,,,,,,,1.7,1,pedroraul,,
Reinaldo,"DF,MF",DF,36.0,brBRA,Mirassol,Brasileirao,11,879,0,0,3,0,,,,14.014000000000001,1,0.5,,7,,,,,,6.96,9.8,11,reinaldo,,
Robert Renan,DF,DF,22.0,brBRA,Vasco da Gama,Brasileirao,15,1350,1,0,1,0,,,,7.05,2,0.5,,22,,,,,,7.02,15.0,15,robertrenan,,
Renê,DF,DF,33.0,brBRA,Fluminense,Brasileirao,9,717,0,2,1,0,,,,7.04,3,0.5,,8,,,,,,7.47,8.0,8,rene,,
Everton Ribeiro,MF,MF,37.0,brBRA,Bahia,Brasileirao,10,748,0,3,1,0,,,,8.964000000000002,3,1.6,,9,,,,,,7.43,8.3,9,evertonribeiro,,
Zé Ricardo,MF,MF,27.0,brBRA,Remo,Brasileirao,14,822,0,0,4,1,,,,9.009,4,0.3,,15,,,,,,6.53,9.1,10,zericardo,,
Riccieli,DF,DF,27.0,brBRA,Vitória,Brasileirao,2,90,0,0,0,0,,,,1.0,0,0.0,,3,,,,,,,1.0,2,riccieli,,
Sergio Rochet,GK,GK,33.0,uyURU,Internacional,Brasileirao,11,990,0,0,1,0,,,,0.0,0,,,0,,,22.0,71.0,3.0,6.62,11.0,11,sergiorochet,,
Alan Rodríguez,MF,MF,26.0,uyURU,Internacional,Brasileirao,7,231,0,0,0,0,,,,3.042,0,0.3,,1,,,,,,,2.6,2,alanrodriguez,,
Johan Rojas,"MF,FW",MF,23.0,coCOL,Vasco da Gama,Brasileirao,13,645,0,1,2,0,,,,26.136,7,1.6,,2,,,,,,7.03,7.2,7,johanrojas,,
Lucas Romero,MF,MF,32.0,arARG,Cruzeiro,Brasileirao,9,600,1,3,2,0,,,,6.03,4,0.3,,10,,,,,,7.3,6.7,8,lucasromero,,
Ronald,MF,MF,28.0,brBRA,Vitória,Brasileirao,7,140,0,0,1,0,,,,4.112,0,0.2,,0,,,,,,,1.6,1,ronald,,
Ronaldo,GK,GK,29.0,brBRA,Bahia,Brasileirao,7,584,0,0,2,0,,,,0.0,0,,,0,,,19.0,82.6,3.0,,6.5,7,ronaldo,,
Ronaldo,MF,MF,29.0,brBRA,Internacional,Brasileirao,7,331,1,0,1,0,,,,6.031,1,0.2,,1,,,,,,,3.7,4,ronaldo,,
Lucas Ronier,MF,MF,21.0,brBRA,Coritiba,Brasileirao,15,1215,1,2,3,0,,,,31.049999999999997,7,1.9,,7,,,,,,7.1,13.5,15,lucasronier,,
Vitor Roque,FW,FW,21.0,brBRA,Palmeiras,Brasileirao,7,275,3,0,1,0,,,,12.183000000000002,7,1.7,,0,,,,,,,3.1,3,vitorroque,,
Agustín Rossi,GK,GK,30.0,arARG,Flamengo,Brasileirao,14,1260,0,0,0,0,,,,0.0,0,,,0,,,40.0,76.5,6.0,7.07,14.0,14,agustinrossi,,
Alan Saldivia,DF,DF,24.0,uyURU,Vasco da Gama,Brasileirao,9,810,0,0,3,0,,,,9.0,1,0.4,,16,,,,,,6.66,9.0,9,alansaldivia,,
Mateo Sanabria,MF,MF,22.0,arARG,Bahia,Brasileirao,8,186,1,0,1,0,,,,8.127,3,1.9,,0,,,,,,6.53,2.1,1,mateosanabria,,
Alex Sandro,DF,DF,35.0,brBRA,Flamengo,Brasileirao,11,885,0,0,3,0,,,,0.9800000000000001,0,0.1,,5,,,,,,6.74,9.8,11,alexsandro,,
Santos,GK,GK,36.0,brBRA,Athletico Paranaense,Brasileirao,15,1350,0,0,2,0,,,,0.0,0,,,0,,,35.0,68.6,4.0,6.84,15.0,15,santos,,
Jefferson Savarino,"MF,FW",MF,29.0,veVEN,Fluminense,Brasileirao,13,862,3,2,1,0,,,,34.08,13,2.9,,1,,,,,,7.3,9.6,9,jeffersonsavarino,,
Savio,DF,DF,30.0,brBRA,Remo,Brasileirao,3,200,0,0,0,0,,,,0.9900000000000001,0,0.0,,0,,,,,,,2.2,3,savio,,
Kevin Serna,"MF,FW",MF,28.0,coCOL,Fluminense,Brasileirao,15,780,1,1,1,0,,,,17.052,5,2.9,,8,,,,,,6.7,8.7,9,kevinserna,,
Shaylon,MF,MF,29.0,brBRA,Mirassol,Brasileirao,11,633,1,1,0,0,,,,7.0,3,0.4,,2,,,,,,6.5,7.0,8,shaylon,,
André Silva,FW,FW,28.0,brBRA,São Paulo,Brasileirao,8,177,0,0,2,0,,,,3.06,3,0.2,,0,,,,,,,2.0,2,andresilva,,
Lucas Silva,MF,MF,33.0,brBRA,Cruzeiro,Brasileirao,12,569,0,0,3,0,,,,3.969,0,0.2,,9,,,,,,6.41,6.3,6,lucassilva,,
Luis Sinisterra,MF,MF,26.0,coCOL,Cruzeiro,Brasileirao,3,120,0,0,0,0,,,,3.9000000000000004,0,1.8,,0,,,,,,,1.3,1,luissinisterra,,
Cédric Soares,DF,DF,34.0,ptPOR,São Paulo,Brasileirao,7,266,0,0,1,0,,,,2.04,0,0.0,,3,,,,,,,3.0,2,cedricsoares,,
Tiquinho Soares,FW,FW,35.0,brBRA,Mirassol,Brasileirao,6,343,0,0,1,0,,,,10.982,2,1.9,,0,,,,,,,3.8,4,tiquinhosoares,,
Ramón Sosa,"MF,FW",MF,26.0,pyPAR,Palmeiras,Brasileirao,14,672,2,1,2,0,,,,12.075000000000001,4,0.8,,3,,,,,,6.71,7.5,6,ramonsosa,,
Yeferson Soteldo,MF,MF,28.0,veVEN,Fluminense,Brasileirao,9,379,0,0,0,0,,,,6.9719999999999995,3,0.6,,0,,,,,,6.56,4.2,3,yefersonsoteldo,,
Hugo Souza,GK,GK,27.0,brBRA,Corinthians,Brasileirao,13,1170,0,0,2,0,,,,0.0,0,,,0,,,33.0,77.3,5.0,6.89,13.0,13,hugosouza,,
Claudio Spinelli,FW,FW,28.0,arARG,Vasco da Gama,Brasileirao,10,314,1,0,0,0,,,,17.045,5,3.7,,0,,,,,,6.18,3.5,2,claudiospinelli,,
Bruno Tabata,MF,MF,29.0,brBRA,Internacional,Brasileirao,6,145,0,0,0,0,,,,5.952000000000001,3,1.0,,0,,,,,,,1.6,1,brunotabata,,
Gabriel Taliari,FW,FW,29.0,brBRA,Remo,Brasileirao,6,435,3,0,0,0,,,,12.911999999999999,6,2.4,,1,,,,,,,4.8,5,gabrieltaliari,,
Gonzalo Tapia,FW,FW,24.0,clCHI,São Paulo,Brasileirao,8,244,0,0,0,0,,,,5.9670000000000005,1,1.6,,0,,,,,,6.27,2.7,2,gonzalotapia,,
Diego Tarzia,MF,MF,23.0,arARG,Vitória,Brasileirao,9,219,1,0,1,0,,,,5.928,4,0.8,,0,,,,,,6.52,2.4,1,diegotarzia,,
Duplexe Tchamba,DF,DF,27.0,cmCMR,Remo,Brasileirao,11,985,0,0,1,0,,,,1.962,0,0.1,,10,,,,,,6.78,10.9,11,duplexetchamba,,
Tchê Tchê,MF,MF,33.0,brBRA,Vasco da Gama,Brasileirao,11,706,1,0,2,0,,,,8.969999999999999,2,1.2,,4,,,,,,6.64,7.8,9,tchetche,,
Carlos Terán,DF,DF,25.0,coCOL,Athletico Paranaense,Brasileirao,11,748,0,0,0,0,,,,5.976,3,0.4,,11,,,,,,6.57,8.3,10,carlosteran,,
Tetê,"MF,FW",MF,26.0,brBRA,Grêmio,Brasileirao,12,543,1,0,0,0,,,,19.86,6,1.4,,3,,,,,,6.64,6.0,7,tete,,
Rafael Tolói,DF,DF,35.0,itITA,São Paulo,Brasileirao,5,450,0,0,3,0,,,,4.0,1,0.2,,6,,,,,,,5.0,5,rafaeltoloi,,
Guillermo Varela,DF,DF,33.0,uyURU,Flamengo,Brasileirao,12,891,0,3,2,0,,,,3.9600000000000004,0,0.2,,12,,,,,,7.13,9.9,9,guillermovarela,,
João Victor,DF,DF,28.0,brBRA,Mirassol,Brasileirao,14,1260,0,1,1,0,,,,7.0,1,0.6,,12,,,,,,6.77,14.0,14,joaovictor,,
Viery,DF,DF,21.0,brBRA,Grêmio,Brasileirao,10,898,0,0,3,1,,,,3.0,0,0.2,,4,,,,,,6.84,10.0,10,viery,,
Rodrigo Villagra,MF,MF,25.0,arARG,Internacional,Brasileirao,10,802,0,0,1,0,,,,5.963000000000001,2,0.2,,11,,,,,,7.03,8.9,9,rodrigovillagra,,
Lucas Villalba,DF,DF,31.0,arARG,Cruzeiro,Brasileirao,9,653,0,0,1,0,,,,2.993,1,0.1,,10,,,,,,,7.3,7,lucasvillalba,,
Néiser Villarreal,FW,FW,21.0,coCOL,Cruzeiro,Brasileirao,9,483,3,1,0,0,,,,17.118000000000002,8,4.0,,1,,,,,,6.72,5.4,5,neiservillarreal,,
Carlos Vinícius,FW,FW,31.0,brBRA,Grêmio,Brasileirao,14,1160,7,0,3,0,,,,26.961,16,5.9,,2,,,,,,6.78,12.9,14,carlosvinicius,,
Vitão,DF,DF,26.0,brBRA,Flamengo,Brasileirao,4,210,0,0,1,0,,,,1.9779999999999998,0,0.0,,1,,,,,,,2.3,2,vitao,,
Vitinho,MF,MF,27.0,brBRA,Internacional,Brasileirao,14,918,0,3,4,0,,,,18.972,9,2.4,,12,,,,,,6.95,10.2,10,vitinho,,
Vitinho,MF,MF,32.0,brBRA,Corinthians,Brasileirao,8,349,0,0,0,0,,,,10.062,2,0.8,,1,,,,,,,3.9,4,vitinho,,
Kevin Viveros,FW,FW,26.0,coCOL,Athletico Paranaense,Brasileirao,14,1253,8,1,3,0,,,,34.888999999999996,21,10.1,,1,,,,,,7.3,13.9,14,kevinviveros,,
Walter,GK,GK,38.0,brBRA,Mirassol,Brasileirao,14,1260,0,0,2,0,,,,0.0,0,,,0,,,46.0,74.2,0.0,6.68,14.0,14,walter,,
Wanderson,MF,MF,31.0,brBRA,Cruzeiro,Brasileirao,14,379,1,0,0,0,,,,10.962,3,0.8,,0,,,,,,6.24,4.2,2,wanderson,,
Wendell,"DF,MF",DF,32.0,brBRA,São Paulo,Brasileirao,10,602,0,3,2,0,,,,4.02,1,0.1,,7,,,,,,6.86,6.7,6,wendell,,
Wéverton,GK,GK,38.0,brBRA,Grêmio,Brasileirao,15,1350,0,1,1,0,,,,0.0,0,,,0,,,41.0,72.2,5.0,7.14,15.0,15,weverton,,
William,DF,DF,31.0,brBRA,Cruzeiro,Brasileirao,8,535,0,0,3,1,,,,3.9530000000000003,2,0.1,,7,,,,,,,5.9,7,william,,
Willian,MF,MF,37.0,brBRA,Grêmio,Brasileirao,7,287,0,0,0,0,,,,7.040000000000001,1,0.7,,0,,,,,,,3.2,1,willian,,
Samuel Xavier,DF,DF,35.0,brBRA,Fluminense,Brasileirao,10,858,0,0,2,0,,,,3.9899999999999998,1,0.2,,7,,,,,,6.89,9.5,10,samuelxavier,,
Bruno Zapelli,MF,MF,23.0,arARG,Athletico Paranaense,Brasileirao,12,529,0,1,3,1,,,,10.030000000000001,2,0.6,,6,,,,,,6.47,5.9,5,brunozapelli,,
Jones El-Abdellaoui,"MF,FW",MF,20.0,maMAR,Celta Vigo,Big5,22,681,2,0,0,0,,,,17.099999999999998,4,2.6,,3,,,,,,6.3,7.6,4,joneselabdellaoui,,
Francesco Acerbi,DF,DF,38.0,itITA,Inter,Big5,17,1288,0,1,3,0,,,,3.003,1,0.4,,18,,,,,,,14.3,14,francescoacerbi,,
Ragnar Ache,FW,FW,27.0,deGER,Köln,Big5,29,1718,7,4,3,0,,,,51.952000000000005,22,10.3,,4,,,,,,6.89,19.1,18,ragnarache,,
Karim Adeyemi,"MF,FW",MF,24.0,deGER,Dortmund,Big5,27,1187,7,3,5,0,,,,31.02,14,4.9,,8,,,,,,6.95,13.2,15,karimadeyemi,Karim Adeyemi,40000000.0
Jonas Adjetey,DF,DF,22.0,ghGHA,Wolfsburg,Big5,4,137,0,0,1,0,,,,2.955,0,0.1,,1,,,,,,,1.5,1,jonasadjetey,,
Emmanuel Agbadou,DF,DF,28.0,ciCIV,Wolves,Big5,14,1101,0,0,1,1,,,,10.004,3,0.6,,14,,,,,,,12.2,12,emmanuelagbadou,,
Julen Agirrezabala,GK,GK,25.0,esESP,Valencia,Big5,18,1620,0,0,1,0,,,,0.0,0,,,0,,,52.0,65.8,4.0,,18.0,18,julenagirrezabala,,
Felix Agu,"DF,MF",DF,26.0,ngNGA,Werder Bremen,Big5,11,744,0,0,1,0,,,,1.992,1,0.1,,11,,,,,,,8.3,9,felixagu,,
Lucas Ahijado,DF,DF,31.0,esESP,Oviedo,Big5,17,988,0,1,2,0,,,,8.03,2,0.9,,15,,,,,,,11.0,10,lucasahijado,,
Joseph Aidoo,DF,DF,30.0,ghGHA,Celta Vigo,Big5,8,639,0,0,0,0,,,,1.988,0,0.2,,10,,,,,,,7.1,7,josephaidoo,,
Manuel Akanji,DF,DF,30.0,chSUI,Inter,Big5,33,2821,2,0,4,0,,,,22.849,6,2.0,,37,,,,,,7.19,31.3,31,manuelakanji,,
Thiago Almada,"MF,FW",MF,25.0,arARG,Atlético Madrid,Big5,26,1266,3,1,2,1,,,,21.009,10,3.7,,7,,,,,,6.73,14.1,16,thiagoalmada,,
Marcos Alonso,DF,DF,35.0,esESP,Celta Vigo,Big5,30,2588,1,0,5,0,,,,23.040000000000003,3,2.2,,29,,,,,,7.11,28.8,29,marcosalonso,,
Hugo Álvarez,"FW,MF",FW,22.0,esESP,Celta Vigo,Big5,26,1297,4,2,2,0,,,,12.96,8,2.7,,10,,,,,,6.76,14.4,15,hugoalvarez,,
Julián Álvarez,FW,FW,26.0,arARG,Atlético Madrid,Big5,29,1895,8,4,2,0,,,,54.016000000000005,26,7.7,,3,,,,,,7.11,21.1,22,julianalvarez,Julián Alvarez,100000000.0
Nadiem Amiri,MF,MF,29.0,deGER,Mainz 05,Big5,25,2016,11,2,6,0,,,,51.071999999999996,21,10.4,,19,,,,,,7.61,22.4,23,nadiemamiri,,
Mohamed Amoura,"FW,MF",FW,26.0,dzALG,Wolfsburg,Big5,29,1918,8,3,2,0,,,,60.065999999999995,19,8.6,,7,,,,,,6.89,21.3,23,mohamedamoura,,
Tomoya Ando,DF,DF,27.0,jpJPN,St Pauli,Big5,14,1170,0,1,3,0,,,,7.0200000000000005,2,0.4,,14,,,,,,,13.0,13,tomoyaando,,
André,MF,MF,24.0,brBRA,Wolves,Big5,33,2582,1,0,11,0,,,,14.062999999999999,1,0.5,,23,,,,,,6.78,28.7,28,andre,,
Robert Andrich,"DF,MF",DF,31.0,deGER,Leverkusen,Big5,31,2485,2,0,6,1,,,,11.040000000000001,3,0.7,,33,,,,,,6.84,27.6,28,robertandrich,,
Ilyas Ansah,"MF,FW",MF,21.0,deGER,Union Berlin,Big5,32,1828,5,1,1,0,,,,31.059,11,3.3,,4,,,,,,6.42,20.3,22,ilyasansah,,
Aaron Anselmino,DF,DF,21.0,arARG,Dortmund,Big5,6,368,1,0,0,0,,,,0.9839999999999999,1,0.1,,7,,,,,,,4.1,4,aaronanselmino,,
Waldemar Anton,DF,DF,29.0,deGER,Dortmund,Big5,31,2790,2,0,3,0,,,,16.12,6,1.7,,28,,,,,,7.45,31.0,31,waldemaranton,,
Jhon Arias,"FW,MF",FW,28.0,coCOL,Wolves,Big5,23,1124,1,0,1,0,,,,16.0,3,3.3,,7,,,,,,6.48,12.5,14,jhonarias,,
Adam Armstrong,"FW,MF",FW,29.0,engENG,Wolves,Big5,12,996,1,2,3,0,,,,16.095,5,2.7,,1,,,,,,,11.1,12,adamarmstrong,,
Maximilian Arnold,MF,MF,31.0,deGER,Wolfsburg,Big5,25,1859,1,4,5,0,,,,13.041,5,0.4,,24,,,,,,6.87,20.7,20,maximilianarnold,,
Tolu Arokodare,FW,FW,25.0,ngNGA,Wolves,Big5,31,1375,3,1,1,0,,,,44.064,15,5.5,,5,,,,,,6.59,15.3,13,toluarokodare,,
Arthur,MF,MF,23.0,brBRA,Leverkusen,Big5,19,1107,1,3,2,0,,,,9.963000000000001,2,0.9,,18,,,,,,6.79,12.3,13,arthur,,
Fisnik Asllani,"FW,MF",FW,23.0,xkKVX,Hoffenheim,Big5,32,2271,10,7,2,0,,,,71.82,27,8.3,,5,,,,,,7.09,25.2,30,fisnikasllani,,
Iago Aspas,"FW,MF",FW,38.0,esESP,Celta Vigo,Big5,30,1043,5,3,4,0,,,,28.072,12,4.5,,12,,,,,,6.78,11.6,10,iagoaspas,,
Lorenz Assignon,"DF,MF",DF,25.0,tgTOG,Stuttgart,Big5,24,1094,0,0,3,1,,,,12.078,4,0.6,,15,,,,,,6.76,12.2,12,lorenzassignon,,
Noah Atubolu,GK,GK,23.0,deGER,Freiburg,Big5,33,2970,0,0,1,0,,,,0.0,0,,,1,,,95.0,62.7,6.0,6.83,33.0,33,noahatubolu,,
Carlos Augusto,"MF,DF",MF,27.0,brBRA,Inter,Big5,32,1583,1,1,6,0,,,,16.016000000000002,5,1.5,,17,,,,,,6.91,17.6,16,carlosaugusto,,
Yann Aurel Bisseck,DF,DF,25.0,deGER,Inter,Big5,22,1832,3,1,2,0,,,,25.092,12,2.5,,21,,,,,,7.25,20.4,20,yannaurelbisseck,,
Leon Avdullahu,MF,MF,22.0,xkKVX,Hoffenheim,Big5,32,2744,0,1,4,0,,,,14.030000000000001,2,0.6,,33,,,,,,7.02,30.5,31,leonavdullahu,,
Yasin Ayari,MF,MF,22.0,seSWE,Brighton,Big5,28,1920,3,3,1,0,,,,40.896,10,2.7,,25,,,,,,7.05,21.3,20,yasinayari,,
Mio Backhaus,GK,GK,22.0,deGER,Werder Bremen,Big5,31,2790,0,0,1,0,,,,0.0,0,,,0,,,93.0,65.5,5.0,6.87,31.0,31,miobackhaus,,
Loïc Bade,DF,DF,26.0,frFRA,Leverkusen,Big5,23,1653,0,0,4,0,,,,11.959999999999999,4,1.3,,21,,,,,,7.12,18.4,19,loicbade,,
Alex Baena,"MF,FW",MF,24.0,esESP,Atlético Madrid,Big5,25,1440,2,3,5,0,,,,24.0,6,2.0,,15,,,,,,6.89,16.0,19,alexbaena,Álex Baena,40000000.0
Eric Bailly,DF,DF,32.0,ciCIV,Oviedo,Big5,13,1054,1,0,3,0,,,,5.031,1,0.3,,15,,,,,,,11.7,13,ericbailly,,
Carlos Baleba,MF,MF,22.0,cmCMR,Brighton,Big5,29,1539,0,0,5,0,,,,17.955000000000002,1,0.7,,28,,,,,,6.62,17.1,22,carlosbaleba,Carlos Baleba,55000000.0
Noahkai Banks,DF,DF,19.0,usUSA,Augsburg,Big5,22,1695,1,1,8,0,,,,9.024,5,1.1,,18,,,,,,6.85,18.8,20,noahkaibanks,,
Nicolò Barella,MF,MF,29.0,itITA,Inter,Big5,33,2464,3,8,7,0,,,,35.071999999999996,5,3.2,,9,,,,,,7.44,27.4,30,nicolobarella,Nicolò Barella,50000000.0
Pablo Barrios,MF,MF,22.0,esESP,Atlético Madrid,Big5,23,1661,1,1,0,0,,,,23.125,6,1.8,,26,,,,,,7.18,18.5,20,pablobarrios,Pablo Barrios,55000000.0
Alessandro Bastoni,DF,DF,27.0,itITA,Inter,Big5,28,2239,1,4,6,0,,,,16.932,8,1.4,,21,,,,,,7.42,24.9,28,alessandrobastoni,Alessandro Bastoni,65000000.0
Daniel Batz,GK,GK,35.0,deGER,Mainz 05,Big5,20,1800,0,0,2,0,,,,0.0,0,,,0,,,65.0,71.4,3.0,7.32,20.0,20,danielbatz,,
Oliver Baumann,GK,GK,35.0,deGER,Hoffenheim,Big5,33,2970,0,0,3,0,,,,0.0,0,,,1,,,96.0,69.1,7.0,6.81,33.0,33,oliverbaumann,,
Ihlas Bebou,"FW,MF",FW,32.0,tgTOG,Hoffenheim,Big5,16,190,0,0,1,0,,,,4.977,2,0.5,,3,,,,,,,2.1,0,ihlasbebou,,
Adrian Beck,MF,MF,28.0,deGER,Heidenheim,Big5,23,850,1,1,1,0,,,,10.904,4,0.9,,3,,,,,,6.53,9.4,9,adrianbeck,,
Sheraldo Becker,FW,FW,31.0,srSUR,Mainz 05,Big5,13,870,3,3,1,0,,,,26.092999999999996,13,4.3,,3,,,,,,,9.7,10,sheraldobecker,,
Maximilian Beier,"MF,FW",MF,23.0,deGER,Dortmund,Big5,31,1958,9,6,3,0,,,,49.050000000000004,20,7.4,,11,,,,,,7.05,21.8,23,maximilianbeier,Maximilian Beier,40000000.0
Rayane Belaid,"MF,FW",MF,21.0,esESP,Atlético Madrid,Big5,2,132,0,0,0,0,,,,4.095,0,0.5,,0,,,,,,,1.5,2,rayanebelaid,,
Rafik Belghali,MF,MF,23.0,dzALG,Hellas Verona,Big5,24,1775,2,0,6,0,,,,19.897,6,2.2,,16,,,,,,6.74,19.7,20,rafikbelghali,,
Stefan Bell,DF,DF,34.0,deGER,Mainz 05,Big5,18,1039,2,1,4,0,,,,11.96,5,1.7,,19,,,,,,6.86,11.5,13,stefanbell,,
Jean-Ricner Bellegarde,"MF,FW",MF,27.0,htHAI,Wolves,Big5,25,1236,1,1,5,0,,,,20.961,7,1.0,,9,,,,,,6.4,13.7,15,jeanricnerbellegarde,,
Jobe Bellingham,MF,MF,20.0,engENG,Dortmund,Big5,31,1704,0,1,2,1,,,,17.009999999999998,5,1.1,,41,,,,,,6.88,18.9,19,jobebellingham,Jobe Bellingham,40000000.0
Jeanuël Belocian,DF,DF,21.0,frFRA,Wolfsburg,Big5,13,1164,0,1,3,0,,,,2.967,0,0.5,,14,,,,,,6.56,12.9,13,jeanuelbelocian,,
Jeanuël Belocian,DF,DF,21.0,frFRA,Leverkusen,Big5,8,292,0,0,0,0,,,,0.992,0,0.5,,2,,,,,,6.56,3.2,3,jeanuelbelocian,,
Lucas Beltrán,FW,FW,25.0,arARG,Valencia,Big5,27,1365,1,2,1,0,,,,34.048,9,4.1,,4,,,,,,6.48,15.2,16,lucasbeltran,,
Eliesse Ben Seghir,MF,MF,21.0,maMAR,Leverkusen,Big5,9,223,0,0,2,0,,,,4.025,1,0.1,,1,,,,,,,2.5,2,eliessebenseghir,,
Ramy Bensebaini,DF,DF,31.0,dzALG,Dortmund,Big5,21,1530,5,2,6,0,,,,17.0,7,3.1,,18,,,,,,7.49,17.0,15,ramybensebaini,,
Daniel Bentley,GK,GK,32.0,engENG,Wolves,Big5,3,270,0,0,0,0,,,,0.0,0,,,0,,,7.0,53.8,0.0,,3.0,3,danielbentley,,
Bernardo,DF,DF,31.0,brBRA,Hoffenheim,Big5,28,2237,0,0,9,0,,,,8.963999999999999,0,0.5,,39,,,,,,7.05,24.9,25,bernardo,,
Antoine Bernede,MF,MF,26.0,frFRA,Hellas Verona,Big5,31,2256,1,2,2,0,,,,21.084,4,1.4,,15,,,,,,6.72,25.1,28,antoinebernede,,
Jan-Niklas Beste,MF,MF,27.0,deGER,Freiburg,Big5,27,1645,1,2,5,0,,,,23.058,13,3.4,,17,,,,,,6.95,18.3,19,janniklasbeste,,
Tom Bischof,"DF,MF",DF,20.0,deGER,Bayern Munich,Big5,25,1212,2,3,2,0,,,,29.025,8,1.8,,13,,,,,,7.37,13.5,13,tombischof,Tom Bischof,40000000.0
Leonardo Bittencourt,MF,MF,32.0,deGER,Werder Bremen,Big5,16,614,0,1,5,0,,,,7.004,0,0.3,,8,,,,,,,6.8,5,leonardobittencourt,,
Janis Blaswich,GK,GK,35.0,deGER,Leverkusen,Big5,11,931,0,0,1,0,,,,0.0,0,,,0,,,41.0,82.0,3.0,,10.3,10,janisblaswich,,
Sacha Boey,DF,DF,25.0,frFRA,Bayern Munich,Big5,9,463,0,0,1,0,,,,5.967,0,0.3,,7,,,,,,,5.1,5,sachaboey,,
Hugo Bolin,"MF,FW",MF,22.0,seSWE,Gladbach,Big5,12,484,0,1,0,0,,,,12.042,2,0.8,,1,,,,,,,5.4,4,hugobolin,,
Javier Boñar,DF,DF,20.0,esESP,Atlético Madrid,Big5,3,269,1,0,0,0,,,,2.0100000000000002,1,0.3,,0,,,,,,,3.0,3,javierbonar,,
Ange-Yoan Bonny,FW,FW,22.0,frFRA,Inter,Big5,31,1042,5,4,1,0,,,,20.996,9,3.8,,1,,,,,,6.51,11.6,9,angeyoanbonny,,
Thiago Borbas,FW,FW,24.0,uyURU,Oviedo,Big5,10,139,0,0,1,0,,,,4.86,2,0.8,,0,,,,,,,1.5,0,thiagoborbas,,
Olivier Boscagli,DF,DF,28.0,frFRA,Brighton,Big5,12,802,0,1,2,0,,,,0.9790000000000001,0,0.0,,16,,,,,,,8.9,9,olivierboscagli,,
Badredine Bouanani,MF,MF,21.0,dzALG,Stuttgart,Big5,14,463,0,0,1,0,,,,15.860999999999999,4,1.0,,4,,,,,,,5.1,5,badredinebouanani,,
Kieron Bowie,FW,FW,23.0,sctSCO,Hellas Verona,Big5,12,1020,3,0,1,0,,,,25.877000000000002,8,4.2,,0,,,,,,,11.3,12,kieronbowie,,
Domagoj Bradarić,MF,MF,26.0,hrCRO,Hellas Verona,Big5,27,1938,0,1,2,0,,,,12.040000000000001,6,0.6,,9,,,,,,6.56,21.5,23,domagojbradaric,,
Julian Brandt,"MF,FW",MF,30.0,deGER,Dortmund,Big5,28,1584,7,4,0,0,,,,38.016000000000005,18,5.7,,5,,,,,,7.19,17.6,17,julianbrandt,,
Josip Brekalo,"MF,FW",MF,27.0,hrCRO,Oviedo,Big5,14,486,0,0,1,0,,,,9.018,3,0.3,,2,,,,,,,5.4,6,josipbrekalo,,
Hugo Bueno,"MF,DF",MF,23.0,esESP,Wolves,Big5,33,2343,1,2,3,0,,,,15.079999999999998,6,0.9,,33,,,,,,6.8,26.0,26,hugobueno,,
Santiago Bueno,DF,DF,27.0,uyURU,Wolves,Big5,27,2373,3,1,4,0,,,,8.976,6,2.3,,22,,,,,,6.63,26.4,26,santiagobueno,,
Marius Bülter,"FW,MF",FW,33.0,deGER,Köln,Big5,31,1517,5,4,3,0,,,,41.067,17,4.4,,7,,,,,,6.65,16.9,17,mariusbulter,,
Livan Burcu,"MF,FW",MF,21.0,trTUR,Union Berlin,Big5,17,581,1,0,4,0,,,,14.105,3,1.6,,2,,,,,,,6.5,5,livanburcu,,
Jan Bürger,"MF,DF",MF,19.0,deGER,Wolfsburg,Big5,7,247,0,0,0,0,,,,1.971,1,0.1,,0,,,,,,,2.7,2,janburger,,
Wouter Burger,MF,MF,25.0,nlNED,Hoffenheim,Big5,29,2340,4,5,7,1,,,,35.1,13,3.5,,18,,,,,,7.27,26.0,29,wouterburger,,
Oliver Burke,"FW,MF",FW,29.0,sctSCO,Union Berlin,Big5,28,1579,6,1,3,0,,,,32.9,14,5.2,,4,,,,,,6.69,17.5,20,oliverburke,,
William Bøving,MF,MF,23.0,dkDEN,Mainz 05,Big5,9,223,0,1,1,0,,,,1.0,0,0.0,,0,,,,,,,2.5,2,williambving,,
Anthony Caci,MF,MF,28.0,frFRA,Mainz 05,Big5,9,496,0,0,3,0,,,,5.995,0,0.3,,3,,,,,,,5.5,6,anthonycaci,,
Hakan Çalhanoğlu,MF,MF,32.0,trTUR,Inter,Big5,22,1639,9,4,7,0,,,,50.05,17,5.7,,19,,,,,,7.8,18.2,20,hakancalhanoglu,,
Dani Calvo,DF,DF,32.0,esESP,Oviedo,Big5,18,1431,0,0,3,0,,,,2.067,0,0.3,,8,,,,,,6.7,15.9,15,danicalvo,,
Emre Can,DF,DF,32.0,deGER,Dortmund,Big5,9,621,3,0,3,0,,,,4.968,4,2.4,,13,,,,,,,6.9,7,emrecan,,
Johnny Cardoso,MF,MF,24.0,usUSA,Atlético Madrid,Big5,15,887,0,0,5,0,,,,1.9800000000000002,0,0.1,,16,,,,,,,9.9,12,johnnycardoso,,
David Carmo,DF,DF,26.0,aoANG,Oviedo,Big5,22,1786,1,0,8,1,,,,9.9,3,0.9,,21,,,,,,6.62,19.8,20,davidcarmo,,
Sergio Carreira,MF,MF,25.0,esESP,Celta Vigo,Big5,32,2514,2,1,2,0,,,,13.112999999999998,6,1.6,,26,,,,,,6.96,27.9,27,sergiocarreira,,
Casemiro,MF,MF,34.0,brBRA,Manchester Utd,Big5,33,2491,9,2,10,1,,,,49.028999999999996,18,5.5,,28,,,,,,7.32,27.7,32,casemiro,,
Alessio Castro-Montes,"MF,DF",MF,28.0,beBEL,Köln,Big5,13,604,1,3,2,0,,,,7.973,1,1.4,,4,,,,,,,6.7,6,alessiocastromontes,,
Santi Cazorla,MF,MF,41.0,esESP,Oviedo,Big5,25,751,0,1,1,1,,,,6.972,1,0.4,,3,,,,,,6.58,8.3,4,santicazorla,,
Abdoulie Ceesay,FW,FW,22.0,gmGAM,St Pauli,Big5,19,291,2,0,3,0,,,,7.904000000000001,3,1.3,,0,,,,,,,3.2,0,abdoulieceesay,,
Ilyas Chaira,"MF,FW",MF,25.0,maMAR,Oviedo,Big5,33,2279,6,2,2,1,,,,77.924,35,6.8,,4,,,,,,6.65,25.3,28,ilyaschaira,,
Fallou Cham,MF,MF,20.0,gmGAM,Hellas Verona,Big5,6,228,0,0,0,0,,,,4.925,2,0.4,,4,,,,,,,2.5,3,falloucham,,
Arthur Chaves,DF,DF,25.0,brBRA,Hoffenheim,Big5,4,240,0,0,1,0,,,,0.999,0,1.1,,3,,,,,,,2.7,2,arthurchaves,,
Arthur Chaves,DF,DF,25.0,brBRA,Augsburg,Big5,11,829,2,0,1,0,,,,3.9559999999999995,2,1.1,,8,,,,,,,9.2,9,arthurchaves,,
Felipe Chávez,MF,MF,19.0,pePER,Köln,Big5,7,102,0,0,0,0,,,,4.851000000000001,1,0.3,,2,,,,,,,1.1,0,felipechavez,,
Fabio Chiarodia,DF,DF,20.0,itITA,Gladbach,Big5,15,674,0,0,1,0,,,,3.975,1,0.6,,13,,,,,,,7.5,8,fabiochiarodia,,
Carney Chukwuemeka,"MF,FW",MF,22.0,atAUT,Dortmund,Big5,27,897,2,0,2,0,,,,18.1,2,1.9,,6,,,,,,6.65,10.0,8,carneychukwuemeka,,
Alexis Claude-Maurice,"MF,FW",MF,27.0,frFRA,Augsburg,Big5,29,2097,5,4,3,0,,,,71.065,26,6.9,,8,,,,,,7.11,23.3,25,alexisclaudemaurice,,
Santiago Colombatto,MF,MF,29.0,arARG,Oviedo,Big5,29,1847,0,1,6,0,,,,13.940000000000001,2,0.6,,14,,,,,,6.64,20.5,20,santiagocolombatto,,
Eray Cömert,DF,DF,28.0,chSUI,Valencia,Big5,15,1178,2,0,3,0,,,,9.956,3,1.2,,20,,,,,,,13.1,13,eraycomert,,
Christian Conteh,"MF,FW",MF,26.0,deGER,Heidenheim,Big5,8,359,0,0,0,0,,,,3.0,0,0.2,,1,,,,,,,4.0,4,christianconteh,,
Sirlord Conteh,"MF,FW",MF,29.0,deGER,Heidenheim,Big5,15,625,2,1,1,0,,,,9.936,3,2.8,,4,,,,,,,6.9,3,sirlordconteh,,
Diego Coppola,DF,DF,22.0,itITA,Brighton,Big5,5,194,0,0,2,0,,,,0.0,0,,,1,,,,,,,2.2,2,diegocoppola,,
Thierry Correia,"DF,MF",DF,27.0,ptPOR,Valencia,Big5,22,1363,0,1,5,0,,,,4.9830000000000005,1,0.4,,17,,,,,,6.72,15.1,17,thierrycorreia,,
Danny da Costa,"DF,MF",DF,32.0,deGER,Mainz 05,Big5,33,2650,2,3,3,0,,,,14.111999999999998,5,1.6,,29,,,,,,6.91,29.4,30,dannydacosta,,
David Costas,DF,DF,31.0,esESP,Oviedo,Big5,23,1886,1,0,3,0,,,,2.9400000000000004,1,0.9,,25,,,,,,6.56,21.0,20,davidcostas,,
Vladimír Coufal,"DF,MF",DF,33.0,czCZE,Hoffenheim,Big5,33,2922,1,8,4,0,,,,26.0,6,0.9,,37,,,,,,7.35,32.5,33,vladimircoufal,,
Yan Couto,MF,MF,23.0,brBRA,Dortmund,Big5,18,994,1,2,4,0,,,,7.92,3,1.0,,9,,,,,,,11.0,11,yancouto,,
Patrice Čović,MF,MF,18.0,hrCRO,Werder Bremen,Big5,14,330,1,0,1,0,,,,5.032000000000001,2,1.3,,4,,,,,,,3.7,2,patricecovic,,
Montrell Culbreath,"MF,DF",MF,18.0,deGER,Leverkusen,Big5,11,675,1,0,0,0,,,,8.025,2,1.8,,7,,,,,,,7.5,8,montrellculbreath,,
Matheus Cunha,"MF,FW",MF,26.0,brBRA,Manchester Utd,Big5,32,2415,9,2,4,0,,,,85.76,34,7.1,,21,,,,,,7.29,26.8,28,matheuscunha,Matheus Cunha,75000000.0
Adam Daghim,"MF,FW",MF,20.0,dkDEN,Wolfsburg,Big5,26,1277,2,3,2,0,,,,23.997999999999998,6,2.5,,11,,,,,,6.6,14.2,11,adamdaghim,,
Finn Dahmen,GK,GK,28.0,deGER,Augsburg,Big5,33,2970,0,0,1,0,,,,0.99,0,0.3,,0,,,100.0,66.0,5.0,6.72,33.0,33,finndahmen,,
Diogo Dalot,"DF,MF",DF,27.0,ptPOR,Manchester Utd,Big5,33,2524,1,3,5,0,,,,22.959999999999997,6,2.0,,25,,,,,,7.13,28.0,28,diogodalot,,
Arnaut Danjuma,"MF,FW",MF,29.0,nlNED,Valencia,Big5,30,1628,3,2,0,0,,,,36.019000000000005,14,4.7,,2,,,,,,6.57,18.1,18,arnautdanjuma,,
Matteo Darmian,MF,MF,36.0,itITA,Inter,Big5,5,185,0,0,0,0,,,,0.0,0,,,1,,,,,,,2.1,1,matteodarmian,,
Alphonso Davies,DF,DF,25.0,caCAN,Bayern Munich,Big5,13,525,1,3,1,0,,,,4.002,1,0.3,,3,,,,,,,5.8,6,alphonsodavies,,
Maxim De Cuyper,"DF,MF",DF,25.0,beBEL,Brighton,Big5,28,1280,2,3,2,0,,,,10.934,6,1.8,,9,,,,,,6.75,14.2,15,maximdecuyper,,
Olivier Deman,"DF,MF",DF,26.0,beBEL,Werder Bremen,Big5,15,1164,1,2,3,0,,,,9.933,3,0.5,,9,,,,,,,12.9,13,olivierdeman,,
Ermedin Demirović,FW,FW,28.0,baBIH,Stuttgart,Big5,24,1412,12,3,4,0,,,,40.035,21,7.6,,2,,,,,,7.11,15.7,16,ermedindemirovic,,
Rav van den Berg,DF,DF,21.0,nlNED,Köln,Big5,14,1131,0,1,0,1,,,,1.008,0,,,14,,,,,,,12.6,12,ravvandenberg,,
Leander Dendoncker,MF,MF,31.0,beBEL,Oviedo,Big5,19,1330,1,0,2,0,,,,9.028,4,0.8,,11,,,,,,,14.8,15,leanderdendoncker,,
Mouctar Diakhaby,DF,DF,29.0,gnGUI,Valencia,Big5,8,543,1,0,3,0,,,,3.96,3,0.5,,9,,,,,,,6.0,7,mouctardiakhaby,,
Amad Diallo,MF,MF,23.0,ciCIV,Manchester Utd,Big5,30,2161,2,2,2,0,,,,48.96,20,5.6,,13,,,,,,7.19,24.0,25,amaddiallo,Amad Diallo,45000000.0
Julio Diaz,DF,DF,21.0,esESP,Atlético Madrid,Big5,4,310,0,1,2,0,,,,0.9859999999999999,0,0.0,,4,,,,,,,3.4,4,juliodiaz,,
Luis Díaz,MF,MF,29.0,coCOL,Bayern Munich,Big5,31,2357,15,13,7,1,,,,85.14999999999999,35,15.1,,17,,,,,,7.75,26.2,26,luisdiaz,Luis Díaz,70000000.0
Kevin Diks,DF,DF,29.0,idIDN,Gladbach,Big5,29,2374,4,0,6,0,,,,21.912,12,5.1,,24,,,,,,6.95,26.4,27,kevindiks,,
Federico Dimarco,MF,MF,28.0,itITA,Inter,Big5,33,2618,6,16,3,0,,,,63.147,20,5.2,,29,,,,,,7.74,29.1,29,federicodimarco,Federico Dimarco,50000000.0
Stole Dimitrievski,GK,GK,32.0,mkMKD,Valencia,Big5,17,1530,0,0,1,0,,,,0.0,0,,,0,,,46.0,73.0,5.0,6.98,17.0,17,stoledimitrievski,,
Eren Dinkçi,"MF,FW",MF,24.0,deGER,Heidenheim,Big5,13,1059,3,1,2,0,,,,22.066000000000003,8,4.0,,5,,,,,,6.72,11.8,12,erendinkci,,
Eren Dinkçi,MF,MF,24.0,deGER,Freiburg,Big5,8,248,0,0,1,0,,,,4.06,0,4.0,,4,,,,,,6.72,2.8,3,erendinkci,,
Andy Diouf,MF,MF,22.0,frFRA,Inter,Big5,17,341,0,0,1,0,,,,6.004,2,0.6,,1,,,,,,,3.8,2,andydiouf,,
Danilho Doekhi,DF,DF,27.0,nlNED,Union Berlin,Big5,33,2970,5,0,4,0,,,,43.89,11,4.2,,41,,,,,,6.94,33.0,33,danilhodoekhi,,
Matt Doherty,"DF,MF",DF,34.0,ieIRL,Wolves,Big5,11,787,0,0,4,0,,,,2.958,0,0.1,,7,,,,,,,8.7,11,mattdoherty,,
Carlos Dominguez,DF,DF,25.0,esESP,Celta Vigo,Big5,8,610,0,0,1,0,,,,2.04,1,0.5,,5,,,,,,,6.8,6,carlosdominguez,,
Patrick Dorgu,MF,MF,21.0,dkDEN,Manchester Utd,Big5,24,1377,3,3,5,0,,,,20.961000000000002,7,2.4,,14,,,,,,7.15,15.3,14,patrickdorgu,,
Niklas Dorsch,MF,MF,28.0,deGER,Heidenheim,Big5,31,2186,0,1,2,0,,,,14.094,3,0.6,,19,,,,,,6.78,24.3,26,niklasdorsch,,
Denzel Dumfries,MF,MF,30.0,nlNED,Inter,Big5,20,1325,3,1,2,0,,,,22.932,5,3.4,,7,,,,,,6.78,14.7,15,denzeldumfries,,
Lewis Dunk,DF,DF,34.0,engENG,Brighton,Big5,31,2658,1,0,10,0,,,,21.83,3,1.7,,29,,,,,,6.97,29.5,29,lewisdunk,,
Pablo Durán,"FW,MF",FW,24.0,esESP,Celta Vigo,Big5,28,1376,2,2,1,0,,,,35.955000000000005,14,4.3,,5,,,,,,6.5,15.3,17,pabloduran,,
Hugo Duro,FW,FW,26.0,esESP,Valencia,Big5,33,1768,9,0,4,0,,,,33.908,13,8.8,,3,,,,,,6.58,19.6,19,hugoduro,,
Claudio Echeverri,MF,MF,20.0,arARG,Leverkusen,Big5,6,134,0,0,0,0,,,,1.0050000000000001,0,0.1,,1,,,,,,,1.5,1,claudioecheverri,,
Andrias Edmundsson,DF,DF,25.0,foFRO,Hellas Verona,Big5,13,1139,0,0,3,0,,,,4.064,1,0.2,,26,,,,,,,12.7,13,andriasedmundsson,,
Maximilian Eggestein,MF,MF,29.0,deGER,Freiburg,Big5,33,2970,3,1,4,0,,,,43.89,13,3.8,,31,,,,,,6.85,33.0,33,maximilianeggestein,,
Ovie Ejaria,MF,MF,28.0,engENG,Oviedo,Big5,8,200,0,0,1,0,,,,2.9700000000000006,1,0.1,,3,,,,,,,2.2,2,ovieejaria,,
Nico Elvedi,DF,DF,29.0,chSUI,Gladbach,Big5,32,2876,0,0,5,0,,,,8.0,0,0.5,,38,,,,,,6.96,32.0,32,nicoelvedi,,
Yannik Engelhardt,MF,MF,25.0,deGER,Gladbach,Big5,30,2397,2,2,7,0,,,,21.014000000000003,5,2.1,,33,,,,,,6.93,26.6,28,yannikengelhardt,,
Christian Eriksen,MF,MF,34.0,dkDEN,Wolfsburg,Big5,30,2321,3,8,4,0,,,,35.088,12,6.0,,18,,,,,,7.05,25.8,26,christianeriksen,,
Aarón Escandell,GK,GK,30.0,esESP,Oviedo,Big5,35,3150,0,1,3,0,,,,0.0,0,,,0,,,140.0,73.8,10.0,7.08,35.0,35,aaronescandell,,
Samuel Essende,"MF,FW",MF,28.0,cdCOD,Augsburg,Big5,14,414,1,0,2,0,,,,17.02,4,1.7,,1,,,,,,,4.6,2,samuelessende,,
Frank Feller,GK,GK,22.0,deGER,Heidenheim,Big5,2,180,0,0,0,0,,,,0.0,0,,,0,,,10.0,76.9,0.0,,2.0,2,frankfeller,,
Robin Fellhauer,MF,MF,28.0,deGER,Augsburg,Big5,33,2709,3,2,2,0,,,,30.1,9,2.8,,21,,,,,,7.03,30.1,30,robinfellhauer,,
Bruno Fernandes,MF,MF,31.0,ptPOR,Manchester Utd,Big5,33,2883,8,19,5,0,,,,79.04,22,10.8,,20,,,,,,8.03,32.0,33,brunofernandes,,
Manu Fernández,DF,DF,25.0,esESP,Celta Vigo,Big5,14,758,0,0,2,0,,,,2.016,0,0.1,,7,,,,,,,8.4,9,manufernandez,,
Thiago Fernández,MF,MF,22.0,arARG,Oviedo,Big5,14,704,0,4,3,0,,,,11.934,5,0.5,,5,,,,,,,7.8,8,thiagofernandez,,
Kilian Fischer,DF,DF,25.0,deGER,Wolfsburg,Big5,11,800,0,0,0,0,,,,2.047,0,0.1,,12,,,,,,,8.9,10,kilianfischer,,
Mark Flekken,GK,GK,32.0,nlNED,Leverkusen,Big5,23,2039,0,0,2,0,,,,0.0,0,,,0,,,74.0,71.2,5.0,6.73,22.7,23,markflekken,,
Jack Fletcher,MF,MF,19.0,engENG,Manchester Utd,Big5,3,108,0,0,0,0,,,,0.9959999999999999,0,0.0,,1,,,,,,,1.2,0,jackfletcher,,
Jonas Föhrenbach,"DF,MF",DF,30.0,deGER,Heidenheim,Big5,26,2235,1,1,3,0,,,,5.952,1,0.5,,33,,,,,,6.62,24.8,24,jonasfohrenbach,,
Nicolas Fonseca,MF,MF,27.0,uyURU,Oviedo,Big5,16,805,0,0,6,0,,,,6.942,1,0.4,,16,,,,,,6.43,8.9,9,nicolasfonseca,,
Álex Forés,FW,FW,25.0,esESP,Oviedo,Big5,16,303,0,1,0,0,,,,8.091999999999999,2,1.2,,1,,,,,,,3.4,2,alexfores,,
Dimitri Foulquier,DF,DF,33.0,frFRA,Valencia,Big5,15,1150,0,0,1,0,,,,6.016,1,0.6,,8,,,,,,,12.8,12,dimitrifoulquier,,
Davide Frattesi,MF,MF,26.0,itITA,Inter,Big5,22,569,0,0,0,0,,,,15.938999999999998,4,2.2,,3,,,,,,,6.3,3,davidefrattesi,,
Martin Frese,"MF,DF",MF,28.0,dkDEN,Hellas Verona,Big5,29,2256,2,0,8,0,,,,20.080000000000002,11,1.7,,29,,,,,,6.88,25.1,25,martinfrese,,
Marco Friedl,DF,DF,28.0,atAUT,Werder Bremen,Big5,29,2501,1,0,9,1,,,,8.062,2,0.7,,34,,,,,,6.78,27.8,29,marcofriedl,,
Marvin Friedrich,DF,DF,30.0,deGER,Gladbach,Big5,6,152,0,0,0,0,,,,0.0,0,,,1,,,,,,,1.7,1,marvinfriedrich,,
Chris Führich,MF,MF,28.0,deGER,Stuttgart,Big5,32,1626,7,6,2,0,,,,43.078,22,4.3,,3,,,,,,7.2,18.1,19,chrisfuhrich,,
Roberto Gagliardini,MF,MF,32.0,itITA,Hellas Verona,Big5,28,2182,1,0,8,0,,,,15.004,3,1.2,,56,,,,,,7.08,24.2,24,robertogagliardini,,
Conor Gallagher,MF,MF,26.0,engENG,Atlético Madrid,Big5,19,679,2,0,2,0,,,,12.9,5,1.1,,11,,,,,,6.49,7.5,4,conorgallagher,,
Aleix García,MF,MF,28.0,esESP,Leverkusen,Big5,32,2584,3,7,6,0,,,,28.125999999999998,5,2.3,,21,,,,,,7.49,28.7,30,aleixgarcia,,
Yannick Gerhardt,MF,MF,32.0,deGER,Wolfsburg,Big5,18,1044,1,0,1,0,,,,9.975999999999999,1,1.0,,10,,,,,,,11.6,12,yannickgerhardt,,
Ismaël Gharbi,MF,MF,22.0,tnTUN,Augsburg,Big5,6,94,0,0,0,0,,,,2.87,0,0.2,,0,,,,,,,1.0,0,ismaelgharbi,,
Benedikt Gimber,DF,DF,29.0,deGER,Heidenheim,Big5,21,1436,0,0,6,0,,,,4.0,1,0.3,,15,,,,,,6.26,16.0,18,benediktgimber,,
Matthias Ginter,DF,DF,32.0,deGER,Freiburg,Big5,31,2762,2,3,3,0,,,,16.885,6,2.3,,22,,,,,,7.01,30.7,31,matthiasginter,,
Serge Gnabry,MF,MF,30.0,deGER,Bayern Munich,Big5,21,1219,8,6,1,0,,,,49.815,17,6.3,,4,,,,,,7.36,13.5,16,sergegnabry,,
Angel Gomes,"MF,FW",MF,25.0,engENG,Wolves,Big5,11,396,0,0,1,0,,,,5.984000000000001,2,0.3,,1,,,,,,,4.4,6,angelgomes,,
João Gomes,MF,MF,25.0,brBRA,Wolves,Big5,34,2739,1,1,10,0,,,,18.848,7,1.3,,34,,,,,,6.94,30.4,31,joaogomes,João Gomes,40000000.0
Rodrigo Gomes,"MF,FW",MF,22.0,ptPOR,Wolves,Big5,20,795,3,0,0,0,,,,15.928000000000003,6,2.1,,9,,,,,,6.43,8.8,7,rodrigogomes,,
Toti Gomes,DF,DF,27.0,ptPOR,Wolves,Big5,18,1399,0,0,2,1,,,,4.96,2,0.5,,13,,,,,,,15.5,17,totigomes,,
Diego Gómez,"MF,FW",MF,23.0,pyPAR,Brighton,Big5,30,2036,5,1,9,0,,,,35.934000000000005,14,6.3,,17,,,,,,6.91,22.6,25,diegogomez,,
Nicolás González,"MF,DF",MF,28.0,arARG,Atlético Madrid,Big5,24,1448,5,0,4,1,,,,42.987,21,4.2,,11,,,,,,6.96,16.1,18,nicolasgonzalez,,
Leon Goretzka,MF,MF,31.0,deGER,Bayern Munich,Big5,30,1865,5,2,4,0,,,,32.913000000000004,11,4.8,,25,,,,,,7.29,20.7,24,leongoretzka,,
Jeffrey Gouweleeuw,DF,DF,34.0,nlNED,Augsburg,Big5,10,758,0,1,3,0,,,,4.9559999999999995,3,0.3,,12,,,,,,,8.4,9,jeffreygouweleeuw,,
Kamil Grabara,GK,GK,27.0,plPOL,Wolfsburg,Big5,33,2970,0,0,1,0,,,,0.99,0,0.0,,1,,,119.0,65.5,2.0,6.84,33.0,33,kamilgrabara,,
Michael Gregoritsch,FW,FW,32.0,atAUT,Augsburg,Big5,16,837,6,2,2,0,,,,29.016000000000002,10,5.3,,4,,,,,,,9.3,10,michaelgregoritsch,,
Antoine Griezmann,FW,FW,35.0,frFRA,Atlético Madrid,Big5,32,1301,7,2,1,0,,,,41.18,22,7.6,,6,,,,,,6.9,14.5,11,antoinegriezmann,,
Vincenzo Grifo,MF,MF,33.0,itITA,Freiburg,Big5,32,1679,7,4,0,0,,,,30.107,12,5.7,,16,,,,,,6.86,18.7,21,vincenzogrifo,,
Pascal Groß,MF,MF,34.0,deGER,Dortmund,Big5,11,613,0,1,0,0,,,,7.9559999999999995,1,0.6,,5,,,,,,,6.8,7,pascalgro,,
Pascal Groß,MF,MF,34.0,deGER,Brighton,Big5,17,1456,1,3,2,0,,,,14.094,6,1.5,,9,,,,,,7.2,16.2,16,pascalgro,,
Brajan Gruda,MF,MF,21.0,deGER,Brighton,Big5,18,719,1,1,2,0,,,,16.0,6,1.7,,2,,,,,,,8.0,8,brajangruda,,
Marco Grüll,"MF,FW",MF,27.0,atAUT,Werder Bremen,Big5,32,1968,3,1,5,0,,,,42.047999999999995,12,3.6,,13,,,,,,6.74,21.9,23,marcogrull,,
Javier Guerra,MF,MF,23.0,esESP,Valencia,Big5,33,1822,1,5,3,0,,,,19.997999999999998,6,3.4,,22,,,,,,6.93,20.2,22,javierguerra,,
Raphaël Guerreiro,MF,MF,32.0,ptPOR,Bayern Munich,Big5,17,763,5,2,0,0,,,,11.05,5,3.4,,1,,,,,,,8.5,8,raphaelguerreiro,,
Serhou Guirassy,FW,FW,30.0,gnGUI,Dortmund,Big5,32,2255,16,1,3,0,,,,76.053,35,17.6,,0,,,,,,7.23,25.1,26,serhouguirassy,,
Christian Günter,DF,DF,33.0,deGER,Freiburg,Big5,24,1547,0,3,3,0,,,,8.943999999999999,0,0.4,,10,,,,,,6.42,17.2,18,christiangunter,,
Janik Haberer,MF,MF,32.0,deGER,Union Berlin,Big5,28,1646,0,1,8,0,,,,10.98,1,0.6,,10,,,,,,6.52,18.3,20,janikhaberer,,
Robin Hack,MF,MF,27.0,deGER,Gladbach,Big5,7,296,0,0,1,0,,,,10.032,3,1.2,,1,,,,,,,3.3,3,robinhack,,
Albian Hajdari,DF,DF,22.0,xkKVX,Hoffenheim,Big5,29,2370,1,2,9,0,,,,18.936,4,1.7,,40,,,,,,7.11,26.3,27,albianhajdari,,
Andreas Hanche-Olsen,DF,DF,29.0,noNOR,Mainz 05,Big5,13,851,0,1,3,0,,,,5.985,3,0.4,,13,,,,,,,9.5,8,andreashancheolsen,,
Dávid Hancko,DF,DF,28.0,skSVK,Atlético Madrid,Big5,28,2297,0,2,2,0,,,,19.89,5,1.3,,19,,,,,,6.93,25.5,25,davidhancko,,
Abdou Harroui,"MF,FW",MF,28.0,nlNED,Hellas Verona,Big5,21,793,1,0,3,0,,,,11.0,2,1.2,,1,,,,,,,8.8,10,abdouharroui,,
Haissem Hassan,"MF,FW",MF,24.0,egEGY,Oviedo,Big5,34,1797,0,3,1,0,,,,31.0,7,1.6,,6,,,,,,6.55,20.0,19,haissemhassan,,
Ayden Heaven,DF,DF,19.0,engENG,Manchester Utd,Big5,17,924,0,1,2,0,,,,2.987,0,0.3,,1,,,,,,,10.3,11,aydenheaven,,
Jan Paul van Hecke,DF,DF,25.0,nlNED,Brighton,Big5,34,3030,3,3,9,0,,,,21.905,10,3.3,,42,,,,,,7.1,33.7,34,janpaulvanhecke,Jan Paul van Hecke,45000000.0
Dominique Heintz,DF,DF,32.0,deGER,Köln,Big5,9,382,0,0,0,0,,,,0.0,0,,,5,,,,,,,4.2,5,dominiqueheintz,,
Ramon Hendriks,DF,DF,24.0,nlNED,Stuttgart,Big5,30,1935,0,3,3,0,,,,4.085,0,0.3,,22,,,,,,6.77,21.5,21,ramonhendriks,,
Luis Henrique,MF,MF,24.0,brBRA,Inter,Big5,28,1497,1,2,1,0,,,,14.940000000000001,7,0.9,,7,,,,,,7.01,16.6,17,luishenrique,,
Piero Hincapié,DF,DF,24.0,ecECU,Leverkusen,Big5,1,90,0,0,0,0,,,,2.0,1,0.4,,2,,,,,,,1.0,1,pierohincapie,Piero Hincapié,50000000.0
Jack Hinshelwood,MF,MF,21.0,engENG,Brighton,Big5,25,1587,4,3,0,0,,,,33.968,14,4.9,,6,,,,,,6.77,17.6,18,jackhinshelwood,,
Ki-Jana Hoever,"MF,DF",MF,24.0,nlNED,Wolves,Big5,8,425,0,0,0,0,,,,0.987,1,0.0,,5,,,,,,,4.7,6,kijanahoever,,
Nicolas Höfler,MF,MF,36.0,deGER,Freiburg,Big5,12,232,0,0,0,0,,,,4.03,2,0.1,,2,,,,,,,2.6,1,nicolashofler,,
Jonas Hofmann,MF,MF,33.0,deGER,Leverkusen,Big5,22,984,2,2,3,0,,,,21.909,7,1.6,,2,,,,,,6.86,10.9,11,jonashofmann,,
Lucas Höler,"FW,MF",FW,31.0,deGER,Freiburg,Big5,32,2018,3,1,4,0,,,,32.032,15,4.5,,11,,,,,,6.71,22.4,25,lucasholer,,
Benedict Hollerbach,"FW,MF",FW,24.0,deGER,Mainz 05,Big5,14,872,1,3,0,0,,,,22.019,6,2.0,,1,,,,,,,9.7,13,benedicthollerbach,,
Franck Honorat,"MF,FW",MF,29.0,frFRA,Gladbach,Big5,27,1953,2,6,0,0,,,,16.926,5,0.9,,5,,,,,,6.87,21.7,24,franckhonorat,,
Mathias Honsak,"MF,FW",MF,29.0,atAUT,Heidenheim,Big5,26,1231,2,1,1,0,,,,31.099,8,3.2,,17,,,,,,6.56,13.7,15,mathiashonsak,,
Andreas Hountondji,FW,FW,23.0,bjBEN,St Pauli,Big5,20,1022,4,0,2,0,,,,20.064,13,4.3,,0,,,,,,6.2,11.4,14,andreashountondji,,
Harry Howell,MF,MF,18.0,engENG,Brighton,Big5,3,94,0,0,0,0,,,,0.0,0,,,0,,,,,,,1.0,1,harryhowell,,
Robin Hranáč,DF,DF,26.0,czCZE,Hoffenheim,Big5,29,2251,1,0,5,0,,,,8.0,3,2.1,,20,,,,,,6.82,25.0,26,robinhranac,,
Timo Hübers,DF,DF,29.0,deGER,Köln,Big5,8,675,0,0,0,0,,,,0.0,0,,,10,,,,,,,7.5,8,timohubers,,
Denis Huseinbasic,MF,MF,24.0,baBIH,Köln,Big5,15,726,0,0,1,0,,,,5.994,0,0.4,,5,,,,,,,8.1,9,denishuseinbasic,,
Arijon Ibrahimović,"MF,FW",MF,20.0,deGER,Heidenheim,Big5,31,2105,2,4,2,0,,,,43.992,19,6.3,,23,,,,,,6.91,23.4,24,arijonibrahimovic,,
Borja Iglesias,FW,FW,33.0,esESP,Celta Vigo,Big5,33,1769,14,2,7,0,,,,46.098,26,10.5,,0,,,,,,6.79,19.7,19,borjaiglesias,,
Andrej Ilic,FW,FW,26.0,rsSRB,Union Berlin,Big5,31,2172,3,10,5,0,,,,67.962,23,11.3,,2,,,,,,6.75,24.1,23,andrejilic,,
Luka Ilić,"MF,FW",MF,26.0,rsSRB,Oviedo,Big5,18,714,1,0,4,1,,,,8.927,5,0.7,,7,,,,,,,7.9,8,lukailic,,
Samuele Inácio,MF,MF,18.0,itITA,Dortmund,Big5,6,316,1,0,2,0,,,,6.965,4,1.8,,0,,,,,,,3.5,3,samueleinacio,,
Cyriaque Irié,MF,MF,20.0,bfBFA,Freiburg,Big5,10,347,0,0,3,0,,,,7.098,2,0.7,,3,,,,,,,3.9,3,cyriaqueirie,,
Jackson Irvine,MF,MF,33.0,auAUS,St Pauli,Big5,23,1535,0,1,2,1,,,,18.126,4,1.4,,26,,,,,,6.76,17.1,17,jacksonirvine,,
Hiroki Ito,DF,DF,27.0,jpJPN,Bayern Munich,Big5,16,920,1,2,0,0,,,,9.995999999999999,3,0.9,,13,,,,,,,10.2,10,hirokiito,,
Nicolas Jackson,FW,FW,24.0,snSEN,Bayern Munich,Big5,22,999,7,1,2,1,,,,36.963,20,7.3,,4,,,,,,6.96,11.1,12,nicolasjackson,Nicolas Jackson,40000000.0
Kristijan Jakić,"MF,DF",MF,29.0,hrCRO,Augsburg,Big5,26,1653,2,1,5,0,,,,18.032,6,1.5,,17,,,,,,6.77,18.4,18,kristijanjakic,,
Luca Jaquez,DF,DF,22.0,chSUI,Stuttgart,Big5,13,880,0,1,1,0,,,,4.018,0,0.1,,11,,,,,,,9.8,10,lucajaquez,,
Finn Jeltsch,DF,DF,19.0,deGER,Stuttgart,Big5,22,1507,0,1,3,0,,,,3.006,0,0.1,,19,,,,,,6.84,16.7,17,finnjeltsch,,
Moritz Jenz,DF,DF,27.0,deGER,Wolfsburg,Big5,22,1787,1,0,8,1,,,,4.975,1,0.5,,12,,,,,,6.45,19.9,20,moritzjenz,,
Sam Johnstone,GK,GK,33.0,engENG,Wolves,Big5,12,1080,0,0,0,0,,,,0.0,0,,,0,,,39.0,62.9,0.0,,12.0,12,samjohnstone,,
Ricky-Jade Jones,FW,FW,24.0,engENG,St Pauli,Big5,8,337,2,0,1,0,,,,10.878,6,1.6,,1,,,,,,,3.7,3,rickyjadejones,,
Anthony Jung,DF,DF,34.0,deGER,Freiburg,Big5,12,526,0,0,2,0,,,,0.986,0,0.0,,10,,,,,,,5.8,4,anthonyjung,,
Josip Juranović,MF,MF,30.0,hrCRO,Union Berlin,Big5,10,304,1,1,1,0,,,,4.012,1,0.7,,0,,,,,,,3.4,3,josipjuranovic,,
Ferran Jutglà,"FW,MF",FW,27.0,esESP,Celta Vigo,Big5,28,1569,9,3,4,0,,,,44.891999999999996,26,6.7,,7,,,,,,6.88,17.4,20,ferranjutgla,,
Martijn Kaars,FW,FW,27.0,nlNED,St Pauli,Big5,28,1258,3,1,2,0,,,,21.98,10,3.6,,0,,,,,,6.33,14.0,13,martijnkaars,,
Ozan Kabak,DF,DF,26.0,trTUR,Hoffenheim,Big5,24,1661,4,0,4,0,,,,34.04,12,4.3,,26,,,,,,7.06,18.5,17,ozankabak,,
Anton Kade,"MF,FW",MF,22.0,deGER,Augsburg,Big5,27,1653,6,0,3,0,,,,43.056,20,6.3,,12,,,,,,6.84,18.4,17,antonkade,,
Ferdi Kadioglu,"DF,MF",DF,26.0,trTUR,Brighton,Big5,35,2953,1,0,6,0,,,,25.912,12,2.0,,24,,,,,,6.93,32.8,32,ferdikadioglu,,
Florian Kainz,MF,MF,33.0,atAUT,Köln,Big5,14,278,1,1,1,0,,,,8.029,4,0.8,,3,,,,,,,3.1,2,floriankainz,,
Jakub Kamiński,"MF,FW",MF,23.0,plPOL,Köln,Big5,33,2927,7,3,4,0,,,,61.099999999999994,25,7.1,,22,,,,,,7.11,32.5,33,jakubkaminski,,
Harry Kane,"FW,MF",FW,32.0,engENG,Bayern Munich,Big5,30,2287,33,5,1,0,,,,114.04599999999999,64,26.9,,7,,,,,,8.14,25.4,24,harrykane,Harry Kane,60000000.0
Atakan Karazor,MF,MF,29.0,trTUR,Stuttgart,Big5,28,1884,0,1,5,1,,,,6.897,2,0.7,,15,,,,,,6.89,20.9,22,atakankarazor,,
Lennart Karl,MF,MF,18.0,deGER,Bayern Munich,Big5,25,1221,5,4,1,0,,,,40.120000000000005,21,7.6,,10,,,,,,7.13,13.6,15,lennartkarl,Lennart Karl,60000000.0
Mikkel Kaufmann,FW,FW,25.0,dkDEN,Heidenheim,Big5,16,537,1,1,2,0,,,,11.040000000000001,3,1.4,,1,,,,,,,6.0,6,mikkelkaufmann,,
Sota Kawasaki,"MF,DF",MF,24.0,jpJPN,Mainz 05,Big5,10,309,0,0,1,0,,,,0.9859999999999999,0,0.1,,3,,,,,,,3.4,3,sotakawasaki,,
Yannik Keitel,DF,DF,26.0,deGER,Augsburg,Big5,5,194,0,0,2,0,,,,0.0,0,,,2,,,,,,,2.2,1,yannikkeitel,,
Aljoscha Kemlein,MF,MF,21.0,deGER,Union Berlin,Big5,29,1869,0,2,3,0,,,,16.016000000000002,2,1.2,,18,,,,,,6.77,20.8,22,aljoschakemlein,,
Luca Kerber,MF,MF,24.0,deGER,Heidenheim,Big5,18,682,2,0,3,0,,,,9.043999999999999,3,1.7,,3,,,,,,,7.6,8,lucakerber,,
Bilal El Khannouss,"MF,FW",MF,22.0,maMAR,Stuttgart,Big5,25,1630,4,5,6,0,,,,41.992,15,3.2,,10,,,,,,7.23,18.1,19,bilalelkhannouss,,
Rani Khedira,MF,MF,32.0,tnTUN,Union Berlin,Big5,32,2830,5,1,7,0,,,,22.921999999999997,10,2.0,,37,,,,,,6.85,31.4,32,ranikhedira,,
Joshua Kimmich,MF,MF,31.0,deGER,Bayern Munich,Big5,28,2190,2,6,4,0,,,,26.973000000000003,10,2.6,,22,,,,,,7.67,24.3,23,joshuakimmich,,
Carl Klaus,GK,GK,32.0,deGER,Union Berlin,Big5,3,240,0,0,0,0,,,,0.0,0,,,0,,,8.0,66.7,0.0,,2.7,2,carlklaus,,
Gregor Kobel,GK,GK,28.0,chSUI,Dortmund,Big5,33,2970,0,0,3,0,,,,0.0,0,,,0,,,85.0,74.6,14.0,7.19,33.0,33,gregorkobel,,
Christian Kofane,FW,FW,19.0,cmCMR,Leverkusen,Big5,29,1239,5,4,3,0,,,,46.092,19,6.8,,2,,,,,,6.81,13.8,12,christiankofane,Christian Kofane,40000000.0
Derrick Köhn,"MF,DF",MF,27.0,ghGHA,Union Berlin,Big5,29,1899,1,2,5,1,,,,28.063000000000002,5,2.2,,8,,,,,,6.65,21.1,21,derrickkohn,,
Dominik Kohr,DF,DF,32.0,deGER,Mainz 05,Big5,28,2248,2,0,11,2,,,,14.000000000000002,3,1.6,,42,,,,,,6.72,25.0,27,dominikkohr,,
Koke,MF,MF,34.0,esESP,Atlético Madrid,Big5,32,2039,2,2,6,0,,,,12.031,4,0.7,,18,,,,,,7.03,22.7,22,koke,,
Adam Kölle,DF,DF,20.0,deGER,Heidenheim,Big5,6,93,1,0,1,0,,,,1.94,1,0.6,,1,,,,,,,1.0,0,adamkolle,,
Mert Kömür,"MF,FW",MF,20.0,deGER,Augsburg,Big5,27,1410,2,4,1,0,,,,41.134,16,3.4,,7,,,,,,6.7,15.7,16,mertkomur,,
Charalampos Kostoulas,FW,FW,18.0,grGRE,Brighton,Big5,19,328,2,1,2,0,,,,16.776,7,2.1,,1,,,,,,,3.6,2,charalamposkostoulas,,
Konstantinos Koulierakis,DF,DF,22.0,grGRE,Wolfsburg,Big5,28,2392,3,1,5,0,,,,25.004,11,3.2,,34,,,,,,6.83,26.6,26,konstantinoskoulierakis,,
Alex Král,MF,MF,27.0,czCZE,Union Berlin,Big5,20,459,0,0,1,0,,,,6.987,3,0.3,,2,,,,,,,5.1,2,alexkral,,
Andrej Kramarić,"MF,FW",MF,34.0,hrCRO,Hoffenheim,Big5,33,2153,14,6,2,0,,,,61.900999999999996,31,11.9,,7,,,,,,7.2,23.9,25,andrejkramaric,,
Tom Krauß,"MF,DF",MF,24.0,deGER,Köln,Big5,26,1780,0,2,4,0,,,,9.108,2,0.4,,26,,,,,,7.04,19.8,19,tomkrau,,
Ladislav Krejčí,"DF,MF",DF,27.0,czCZE,Wolves,Big5,26,2201,2,1,5,1,,,,19.11,10,2.2,,30,,,,,,6.56,24.5,25,ladislavkrejci,,
Lukas Kübler,DF,DF,33.0,deGER,Freiburg,Big5,22,1556,2,2,3,0,,,,19.03,5,3.2,,31,,,,,,6.79,17.3,19,lukaskubler,,
Sael Kumbedi,"DF,MF",DF,21.0,frFRA,Wolfsburg,Big5,23,1714,0,5,2,0,,,,3.9899999999999998,0,0.4,,13,,,,,,6.66,19.0,19,saelkumbedi,,
Yoel Lago,DF,DF,22.0,esESP,Celta Vigo,Big5,10,758,0,0,4,0,,,,0.0,0,0.0,,6,,,,,,,8.4,9,yoellago,,
Konrad Laimer,DF,DF,28.0,atAUT,Bayern Munich,Big5,28,1949,3,9,8,0,,,,17.143,8,2.4,,17,,,,,,7.34,21.7,21,konradlaimer,,
Senne Lammens,GK,GK,23.0,beBEL,Manchester Utd,Big5,30,2700,0,0,0,0,,,,0.0,0,,,0,,,74.0,69.4,7.0,7.11,30.0,30,sennelammens,,
Robin Le Normand,DF,DF,29.0,esESP,Atlético Madrid,Big5,27,1699,1,1,4,0,,,,6.048,1,0.6,,20,,,,,,6.83,18.9,16,robinlenormand,,
Diogo Leite,DF,DF,27.0,ptPOR,Union Berlin,Big5,22,1873,0,0,4,0,,,,9.984,1,1.2,,43,,,,,,6.97,20.8,22,diogoleite,,
Maxim Leitsch,DF,DF,27.0,deGER,Mainz 05,Big5,3,162,0,0,0,0,,,,1.0080000000000002,0,0.0,,5,,,,,,,1.8,2,maximleitsch,,
Tim Lemperle,FW,FW,24.0,deGER,Hoffenheim,Big5,28,1899,8,2,1,0,,,,51.906000000000006,21,8.4,,6,,,,,,6.9,21.1,23,timlemperle,,
Clément Lenglet,DF,DF,30.0,frFRA,Atlético Madrid,Big5,17,1273,0,1,6,1,,,,3.9480000000000004,0,0.4,,19,,,,,,,14.1,16,clementlenglet,,
Jamie Leweling,MF,MF,25.0,deGER,Stuttgart,Big5,31,2277,7,9,4,0,,,,46.046,17,4.3,,12,,,,,,7.18,25.3,25,jamieleweling,Jamie Leweling,40000000.0
Philipp Lienhart,DF,DF,29.0,atAUT,Freiburg,Big5,19,1212,1,0,4,1,,,,7.965,2,1.1,,13,,,,,,6.67,13.5,13,philipplienhart,,
Matthijs de Ligt,DF,DF,26.0,nlNED,Manchester Utd,Big5,13,1170,1,0,0,0,,,,11.049999999999999,3,1.5,,11,,,,,,,13.0,13,matthijsdeligt,,
Pedro Lima,MF,MF,19.0,brBRA,Wolves,Big5,7,245,0,0,0,0,,,,1.971,0,0.3,,4,,,,,,,2.7,3,pedrolima,,
Jesper Lindstrøm,MF,MF,26.0,dkDEN,Wolfsburg,Big5,13,379,0,0,2,0,,,,8.988000000000001,5,1.0,,0,,,,,,,4.2,4,jesperlindstrm,,
Pol Lirola,MF,MF,28.0,esESP,Hellas Verona,Big5,6,305,0,0,1,0,,,,0.0,0,,,2,,,,,,,3.4,3,pollirola,,
Marcos Llorente,"DF,MF",DF,31.0,esESP,Atlético Madrid,Big5,28,2091,0,4,7,1,,,,17.864,6,2.0,,13,,,,,,7.05,23.2,24,marcosllorente,,
Ademola Lookman,"FW,MF",FW,28.0,ngNGA,Atlético Madrid,Big5,10,495,3,0,1,0,,,,17.985,4,4.2,,1,,,,,,,5.5,7,ademolalookman,,
Diego López,"MF,FW",MF,24.0,esESP,Valencia,Big5,31,1548,3,0,2,0,,,,23.048000000000002,7,2.7,,13,,,,,,6.58,17.2,17,diegolopez,,
Fer López,MF,MF,21.0,esESP,Wolves,Big5,9,235,0,1,1,0,,,,4.966,1,0.2,,0,,,,,,,2.6,2,ferlopez,,
Fer López,"MF,FW",MF,21.0,esESP,Celta Vigo,Big5,15,1008,1,0,3,0,,,,9.968,4,1.6,,4,,,,,,,11.2,11,ferlopez,,
Javi López,DF,DF,24.0,esESP,Oviedo,Big5,23,1607,0,1,3,1,,,,6.981,1,0.5,,18,,,,,,6.77,17.9,19,javilopez,,
Sandi Lovrić,MF,MF,28.0,siSVN,Udinese,Big5,6,161,0,1,1,0,,,,3.024,1,0.5,,4,,,,,,,1.8,1,sandilovric,,
Sandi Lovrić,MF,MF,28.0,siSVN,Hellas Verona,Big5,5,169,0,0,0,0,,,,1.007,0,0.5,,0,,,,,,,1.9,1,sandilovric,,
Oier Luengo,DF,DF,28.0,esESP,Oviedo,Big5,3,225,0,1,1,0,,,,1.0,0,0.0,,2,,,,,,,2.5,3,oierluengo,,
Senne Lynen,MF,MF,27.0,beBEL,Werder Bremen,Big5,30,2662,0,0,4,0,,,,25.16,4,1.1,,75,,,,,,6.77,29.6,30,sennelynen,,
Shuto Machino,"FW,MF",FW,26.0,jpJPN,Gladbach,Big5,31,1059,3,1,1,0,,,,25.016000000000002,11,2.9,,3,,,,,,6.46,11.8,9,shutomachino,,
Harry Maguire,DF,DF,33.0,engENG,Manchester Utd,Big5,21,1473,1,2,3,1,,,,12.956,4,1.1,,11,,,,,,7.05,16.4,17,harrymaguire,,
Linton Maina,"MF,FW",MF,26.0,deGER,Köln,Big5,23,978,2,0,0,0,,,,19.075,8,1.3,,4,,,,,,6.52,10.9,9,lintonmaina,,
Patrick Mainka,DF,DF,31.0,deGER,Heidenheim,Big5,33,2970,2,2,1,0,,,,34.980000000000004,8,3.5,,32,,,,,,6.79,33.0,33,patrickmainka,,
Kobbie Mainoo,MF,MF,21.0,engENG,Manchester Utd,Big5,26,1482,1,2,1,0,,,,11.055000000000001,3,0.5,,16,,,,,,7.01,16.5,14,kobbiemainoo,Kobbie Mainoo,70000000.0
Lovro Majer,MF,MF,28.0,hrCRO,Wolfsburg,Big5,27,1370,2,3,5,0,,,,26.904,6,3.1,,8,,,,,,6.68,15.2,16,lovromajer,,
Jordy Makengo,DF,DF,24.0,frFRA,Freiburg,Big5,19,1088,0,0,1,0,,,,0.0,0,,,11,,,,,,6.48,12.1,11,jordymakengo,,
Said El Mala,"FW,MF",FW,19.0,deGER,Köln,Big5,33,1877,12,4,4,0,,,,73.14999999999999,29,11.2,,8,,,,,,6.93,20.9,19,saidelmala,Said El Mala,45000000.0
Julián Malatini,DF,DF,24.0,arARG,Werder Bremen,Big5,11,516,0,0,3,0,,,,1.9949999999999999,0,0.0,,6,,,,,,,5.7,5,julianmalatini,,
Lennard Maloney,"DF,MF",DF,26.0,usUSA,Mainz 05,Big5,20,471,0,0,1,0,,,,4.992,1,0.4,,8,,,,,,,5.2,4,lennardmaloney,,
Filippo Mane,DF,DF,21.0,itITA,Dortmund,Big5,4,131,0,0,0,1,,,,0.0,0,,,2,,,,,,,1.5,2,filippomane,,
Mateus Mane,MF,MF,18.0,ptPOR,Wolves,Big5,25,1615,2,1,0,0,,,,34.904999999999994,14,2.0,,4,,,,,,6.64,17.9,17,mateusmane,,
Johan Manzambi,MF,MF,20.0,chSUI,Freiburg,Big5,26,2006,5,3,4,2,,,,49.06,13,3.9,,27,,,,,,7.07,22.3,25,johanmanzambi,Johan Manzambi,50000000.0
Eric Martel,"MF,DF",MF,24.0,deGER,Köln,Big5,30,2469,2,2,12,1,,,,21.098,4,2.5,,34,,,,,,6.88,27.4,29,ericmartel,,
Josep Martinez,GK,GK,27.0,esESP,Inter,Big5,4,360,0,0,0,0,,,,0.0,0,,,0,,,9.0,90.0,3.0,,4.0,4,josepmartinez,,
Lautaro Martínez,FW,FW,28.0,arARG,Inter,Big5,28,2032,17,6,3,0,,,,88.14,37,13.5,,6,,,,,,7.47,22.6,25,lautaromartinez,Lautaro Martínez,85000000.0
Lisandro Martínez,DF,DF,28.0,arARG,Manchester Utd,Big5,16,1053,0,0,0,1,,,,3.978,0,0.2,,11,,,,,,,11.7,11,lisandromartinez,Lisandro Martínez,40000000.0
Han-Noah Massengo,MF,MF,24.0,frFRA,Augsburg,Big5,32,2391,2,1,4,0,,,,19.950000000000003,6,1.3,,36,,,,,,6.9,26.6,29,hannoahmassengo,,
Igor Matanovic,FW,FW,23.0,hrCRO,Freiburg,Big5,30,1486,10,1,0,0,,,,49.995,18,9.2,,8,,,,,,6.81,16.5,13,igormatanovic,,
Chrislain Matsima,DF,DF,23.0,frFRA,Augsburg,Big5,17,1429,1,1,5,0,,,,6.996,1,0.4,,30,,,,,,6.79,15.9,16,chrislainmatsima,,
Ibrahim Maza,MF,MF,20.0,dzALG,Leverkusen,Big5,27,1759,3,4,2,0,,,,46.8,15,5.3,,15,,,,,,7.24,19.5,19,ibrahimmaza,Ibrahim Maza,45000000.0
Noussair Mazraoui,"DF,MF",DF,28.0,maMAR,Manchester Utd,Big5,19,912,0,0,3,0,,,,4.949,0,0.2,,10,,,,,,,10.1,10,noussairmazraoui,,
Samuel Mbangula,"MF,FW",MF,22.0,beBEL,Werder Bremen,Big5,25,1150,3,2,0,0,,,,16.0,7,1.7,,3,,,,,,6.8,12.8,12,samuelmbangula,,
Bryan Mbeumo,"MF,FW",MF,26.0,cmCMR,Manchester Utd,Big5,31,2457,9,3,4,0,,,,66.066,30,12.2,,7,,,,,,7.19,27.3,29,bryanmbeumo,Bryan Mbeumo,75000000.0
Rodrigo Mendoza,"MF,FW",MF,21.0,esESP,Elche,Big5,16,794,1,0,4,0,,,,11.0,2,1.6,,5,,,,,,6.56,8.8,6,rodrigomendoza,,
Rodrigo Mendoza,MF,MF,21.0,esESP,Atlético Madrid,Big5,8,434,0,1,2,0,,,,5.952,2,1.6,,0,,,,,,6.56,4.8,8,rodrigomendoza,,
Connor Metcalfe,"MF,FW",MF,26.0,auAUS,St Pauli,Big5,24,503,0,1,2,0,,,,14.0,3,0.6,,5,,,,,,,5.6,2,connormetcalfe,,
Karol Mets,DF,DF,32.0,eeEST,St Pauli,Big5,23,1932,1,0,3,0,,,,7.095000000000001,1,0.8,,22,,,,,,6.56,21.5,22,karolmets,,
James Milner,MF,MF,40.0,engENG,Brighton,Big5,19,726,1,1,2,0,,,,8.019,2,1.0,,5,,,,,,,8.1,6,jamesmilner,,
Jovan Milošević,FW,FW,20.0,rsSRB,Werder Bremen,Big5,13,488,3,1,2,0,,,,11.934000000000001,4,2.0,,0,,,,,,,5.4,5,jovanmilosevic,,
Óscar Mingueza,MF,MF,27.0,esESP,Celta Vigo,Big5,32,1922,1,4,4,0,,,,14.124,5,0.6,,9,,,,,,6.86,21.4,21,oscarmingueza,,
Yankuba Minteh,MF,MF,21.0,gmGAM,Brighton,Big5,32,2257,3,4,3,0,,,,40.913,11,3.8,,14,,,,,,7.07,25.1,25,yankubaminteh,Yankuba Minteh,45000000.0
Kaoru Mitoma,"MF,FW",MF,28.0,jpJPN,Brighton,Big5,25,1721,3,1,5,0,,,,31.897000000000002,13,4.1,,8,,,,,,6.86,19.1,19,kaorumitoma,,
Maximilian Mittelstädt,"DF,MF",DF,29.0,deGER,Stuttgart,Big5,31,2114,6,4,3,0,,,,31.020000000000003,16,4.4,,33,,,,,,7.52,23.5,23,maximilianmittelstadt,,
Henrikh Mkhitaryan,MF,MF,37.0,amARM,Inter,Big5,28,1433,4,1,4,0,,,,36.888,11,4.9,,15,,,,,,6.99,15.9,15,henrikhmkhitaryan,,
Max Moerstedt,FW,FW,20.0,deGER,Hoffenheim,Big5,22,420,2,0,2,0,,,,6.063000000000001,4,0.8,,0,,,,,,,4.7,1,maxmoerstedt,,
Wael Mohya,"MF,FW",MF,17.0,deGER,Gladbach,Big5,14,486,2,0,0,0,,,,9.990000000000002,5,0.9,,2,,,,,,,5.4,5,waelmohya,,
Nahuel Molina,"DF,MF",DF,28.0,arARG,Atlético Madrid,Big5,26,1331,2,2,4,0,,,,14.06,4,0.5,,14,,,,,,6.98,14.8,13,nahuelmolina,,
Lorenzo Montipò,GK,GK,30.0,itITA,Hellas Verona,Big5,33,2970,0,1,0,0,,,,0.0,0,,,0,,,78.0,61.1,5.0,6.59,33.0,33,lorenzomontipo,,
Javi Morcillo,MF,MF,20.0,esESP,Atlético Madrid,Big5,3,112,0,0,1,0,,,,1.932,0,0.2,,1,,,,,,,1.2,1,javimorcillo,,
Ilaix Moriba,MF,MF,23.0,gnGUI,Celta Vigo,Big5,34,2315,1,2,7,0,,,,16.962,4,1.4,,21,,,,,,6.85,25.7,24,ilaixmoriba,,
Daniel Mosquera,FW,FW,26.0,coCOL,Hellas Verona,Big5,22,597,0,2,1,0,,,,15.906,5,0.7,,2,,,,,,,6.6,5,danielmosquera,,
Yerson Mosquera,DF,DF,25.0,coCOL,Wolves,Big5,25,1956,0,0,11,0,,,,26.04,6,2.5,,22,,,,,,6.77,21.7,22,yersonmosquera,,
Mason Mount,MF,MF,27.0,engENG,Manchester Utd,Big5,21,934,3,0,2,0,,,,17.992,5,1.5,,7,,,,,,,10.4,11,masonmount,,
Marshall Munetsi,"MF,FW",MF,29.0,zwZIM,Wolves,Big5,13,875,1,1,2,0,,,,13.967999999999998,6,1.6,,5,,,,,,,9.7,9,marshallmunetsi,,
Salim Musah,FW,FW,20.0,deGER,Werder Bremen,Big5,7,129,1,0,0,0,,,,5.8660000000000005,3,0.9,,2,,,,,,,1.4,1,salimmusah,,
Jamal Musiala,"MF,FW",MF,23.0,deGER,Bayern Munich,Big5,14,614,3,4,1,0,,,,27.879999999999995,9,4.8,,3,,,,,,,6.8,6,jamalmusiala,Jamal Musiala,100000000.0
Juan Musso,GK,GK,32.0,arARG,Atlético Madrid,Big5,7,630,0,0,2,0,,,,0.0,0,,,0,,,19.0,76.0,3.0,,7.0,7,juanmusso,,
Phillipp Mwene,MF,MF,32.0,atAUT,Mainz 05,Big5,28,1979,1,2,4,0,,,,9.9,2,2.0,,13,,,,,,6.73,22.0,23,phillippmwene,,
Joakim Mæhle,"MF,DF",MF,28.0,dkDEN,Wolfsburg,Big5,15,1132,1,2,1,0,,,,12.978,3,0.8,,19,,,,,,,12.6,13,joakimmhle,,
David Møller Wolfe,"MF,DF",MF,24.0,noNOR,Wolves,Big5,20,892,0,2,1,0,,,,2.97,0,0.1,,6,,,,,,,9.9,9,davidmllerwolfe,,
Stanley N'Soki,"DF,MF",DF,27.0,frFRA,Union Berlin,Big5,13,816,1,2,2,0,,,,3.003,1,0.2,,18,,,,,,,9.1,10,stanleynsoki,,
Nikolas Nartey,MF,MF,26.0,dkDEN,Stuttgart,Big5,27,1170,3,3,2,0,,,,20.02,10,2.5,,10,,,,,,7.09,13.0,13,nikolasnartey,,
Bara Ndiaye,MF,MF,18.0,snSEN,Bayern Munich,Big5,4,143,0,0,0,0,,,,0.0,0,,,2,,,,,,,1.6,2,barandiaye,,
Paul Nebel,MF,MF,23.0,deGER,Mainz 05,Big5,29,1983,5,2,2,2,,,,29.92,7,5.3,,12,,,,,,6.96,22.0,23,paulnebel,,
Victor Nelsson,DF,DF,27.0,dkDEN,Hellas Verona,Big5,36,3135,0,0,4,0,,,,6.96,0,0.4,,73,,,,,,6.76,34.8,35,victornelsson,,
Luca Netz,"MF,DF",MF,22.0,deGER,Gladbach,Big5,15,940,0,2,1,0,,,,1.9760000000000002,0,0.0,,7,,,,,,,10.4,10,lucanetz,,
Manuel Neuer,GK,GK,40.0,deGER,Bayern Munich,Big5,21,1800,0,0,0,0,,,,0.0,0,,,0,,,31.0,63.3,7.0,6.78,20.0,21,manuelneuer,,
Florian Neuhaus,"MF,FW",MF,29.0,deGER,Gladbach,Big5,17,930,0,1,0,0,,,,21.939,6,1.1,,9,,,,,,,10.3,11,florianneuhaus,,
Youssoupha Niang,MF,MF,20.0,deGER,Köln,Big5,9,184,0,0,0,0,,,,4.9,1,0.3,,0,,,,,,,2.0,2,youssouphaniang,,
Cheikh Niasse,MF,MF,26.0,snSEN,Hellas Verona,Big5,19,970,0,1,1,0,,,,6.048000000000001,1,0.2,,15,,,,,,,10.8,11,cheikhniasse,,
Moritz Nicolas,GK,GK,28.0,deGER,Gladbach,Big5,33,2970,0,0,1,0,,,,0.0,0,,,0,,,133.0,73.5,12.0,7.24,33.0,33,moritznicolas,,
Julian Niehues,MF,MF,25.0,deGER,Heidenheim,Big5,24,1383,3,0,1,0,,,,18.018,5,1.3,,23,,,,,,6.71,15.4,17,julianniehues,,
Justin Njinmah,"FW,MF",FW,25.0,deGER,Werder Bremen,Big5,32,1857,5,0,2,0,,,,60.976000000000006,23,6.7,,6,,,,,,6.63,20.6,21,justinnjinmah,,
Felix Nmecha,MF,MF,25.0,deGER,Dortmund,Big5,28,2086,2,3,0,0,,,,31.088,7,3.6,,24,,,,,,7.22,23.2,24,felixnmecha,Felix Nmecha,50000000.0
Arnaud Nordin,"MF,FW",MF,27.0,frFRA,Mainz 05,Big5,13,469,0,0,0,0,,,,12.948000000000002,2,0.8,,3,,,,,,,5.2,5,arnaudnordin,,
Alexander Nübel,GK,GK,29.0,deGER,Stuttgart,Big5,33,2970,0,1,0,0,,,,0.0,0,,,1,,,102.0,71.8,11.0,7.33,33.0,33,alexandernubel,,
Álvaro Núñez,"DF,MF",DF,25.0,esESP,Elche,Big5,19,1647,0,2,2,0,,,,4.026,0,0.3,,15,,,,,,6.99,18.3,19,alvaronunez,,
Álvaro Núñez,"DF,MF",DF,25.0,esESP,Celta Vigo,Big5,6,328,0,0,0,0,,,,1.9800000000000002,1,0.3,,1,,,,,,6.99,3.6,5,alvaronunez,,
Unai Núñez,DF,DF,29.0,esESP,Hellas Verona,Big5,17,1265,0,0,6,0,,,,7.05,1,0.4,,23,,,,,,,14.1,15,unainunez,,
Unai Núñez,DF,DF,29.0,esESP,Valencia,Big5,10,680,0,0,2,0,,,,5.016,0,0.4,,7,,,,,,,7.6,8,unainunez,,
Jan Oblak,GK,GK,33.0,siSVN,Atlético Madrid,Big5,29,2610,0,0,0,0,,,,0.0,0,,,0,,,64.0,68.8,10.0,7.01,29.0,29,janoblak,,
Michael Olise,MF,MF,24.0,frFRA,Bayern Munich,Big5,31,2286,15,19,8,0,,,,101.092,50,11.5,,14,,,,,,8.09,25.4,23,michaelolise,Michael Olise,150000000.0
Louis Oppie,MF,MF,23.0,deGER,St Pauli,Big5,22,1530,1,0,0,0,,,,14.96,4,0.9,,11,,,,,,6.6,17.0,16,louisoppie,,
Gift Orban,FW,FW,23.0,ngNGA,Hellas Verona,Big5,28,2027,7,2,4,1,,,,84.825,28,10.5,,3,,,,,,6.59,22.5,23,giftorban,,
Patrick Osterhage,MF,MF,26.0,deGER,Freiburg,Big5,20,1189,1,0,4,0,,,,6.9959999999999996,2,1.0,,15,,,,,,6.54,13.2,13,patrickosterhage,,
Daniel Oyegoke,"MF,DF",MF,23.0,engENG,Hellas Verona,Big5,15,594,0,0,2,0,,,,2.9699999999999998,1,0.1,,7,,,,,,,6.6,8,danieloyegoke,,
Cenk Özkacar,DF,DF,25.0,trTUR,Köln,Big5,24,1701,0,0,2,0,,,,10.961999999999998,4,1.0,,22,,,,,,6.56,18.9,19,cenkozkacar,,
Exequiel Palacios,MF,MF,27.0,arARG,Leverkusen,Big5,17,1009,0,1,3,0,,,,7.951999999999999,2,0.6,,7,,,,,,7.19,11.2,11,exequielpalacios,,
Kevin Paredes,MF,MF,23.0,usUSA,Wolfsburg,Big5,6,164,0,0,1,0,,,,1.9800000000000002,1,0.1,,2,,,,,,,1.8,1,kevinparedes,,
Benjamin Pavard,DF,DF,30.0,frFRA,Inter,Big5,1,90,0,0,0,0,,,,1.0,1,0.0,,2,,,,,,,1.0,1,benjaminpavard,,
Aleksandar Pavlovic,MF,MF,22.0,deGER,Bayern Munich,Big5,24,1462,3,1,2,0,,,,10.043999999999999,5,1.6,,13,,,,,,7.13,16.2,16,aleksandarpavlovic,Aleksandar Pavlovic,90000000.0
Dženan Pejčinović,FW,FW,21.0,deGER,Wolfsburg,Big5,29,1371,7,0,1,0,,,,46.967999999999996,20,7.9,,3,,,,,,6.71,15.2,15,dzenanpejcinovic,,
Mathias Pereira Lage,"MF,FW",MF,29.0,ptPOR,St Pauli,Big5,28,2018,2,2,3,0,,,,43.007999999999996,15,4.3,,16,,,,,,6.69,22.4,25,mathiaspereiralage,,
Simone Perilli,GK,GK,31.0,itITA,Hellas Verona,Big5,3,270,0,0,0,0,,,,0.0,0,,,0,,,8.0,53.3,1.0,,3.0,3,simoneperilli,,
Amos Pieper,DF,DF,28.0,deGER,Werder Bremen,Big5,18,1457,0,0,4,0,,,,7.938,2,0.4,,25,,,,,,6.85,16.2,18,amospieper,,
Marvin Pieringer,FW,FW,26.0,deGER,Heidenheim,Big5,26,1605,4,1,2,0,,,,30.972,8,5.8,,11,,,,,,6.71,17.8,19,marvinpieringer,,
Ernest Poku,MF,MF,22.0,nlNED,Leverkusen,Big5,29,1482,5,5,0,0,,,,27.06,9,3.0,,8,,,,,,6.75,16.5,16,ernestpoku,,
Stefan Posch,DF,DF,29.0,atAUT,Mainz 05,Big5,15,1350,0,0,4,0,,,,10.95,3,0.5,,20,,,,,,,15.0,15,stefanposch,,
Kacper Potulski,DF,DF,18.0,plPOL,Mainz 05,Big5,14,975,1,0,3,0,,,,11.016000000000002,3,1.9,,19,,,,,,,10.8,8,kacperpotulski,,
Alexander Prass,MF,MF,24.0,atAUT,Hoffenheim,Big5,31,1272,3,2,3,0,,,,17.907,11,1.2,,6,,,,,,6.69,14.1,12,alexanderprass,,
Grischa Prömel,MF,MF,31.0,deGER,Hoffenheim,Big5,32,1732,7,2,5,0,,,,42.815999999999995,14,5.1,,15,,,,,,6.96,19.2,16,grischapromel,,
Marc Pubill,DF,DF,22.0,esESP,Atlético Madrid,Big5,17,1246,0,1,2,0,,,,8.97,3,0.9,,17,,,,,,7.17,13.8,13,marcpubill,,
Cameron Puertas,MF,MF,27.0,chSUI,Werder Bremen,Big5,27,1777,1,2,6,0,,,,36.839,8,1.8,,18,,,,,,6.88,19.7,21,cameronpuertas,,
Arkadiusz Pyrka,MF,MF,23.0,plPOL,St Pauli,Big5,30,2486,0,1,3,0,,,,19.044,3,1.1,,21,,,,,,6.85,27.6,29,arkadiuszpyrka,,
Jarell Quansah,DF,DF,23.0,engENG,Leverkusen,Big5,27,2209,3,0,9,0,,,,14.945,7,2.8,,24,,,,,,7.13,24.5,24,jarellquansah,Jarell Quansah,45000000.0
Leopold Querfeld,DF,DF,22.0,atAUT,Union Berlin,Big5,30,2700,3,0,7,0,,,,29.099999999999998,10,3.7,,35,,,,,,6.87,30.0,30,leopoldquerfeld,,
Matheo Raab,GK,GK,27.0,deGER,Union Berlin,Big5,1,90,0,0,0,0,,,,0.0,0,,,0,,,6.0,100.0,1.0,,1.0,1,matheoraab,,
Dani Raba,FW,FW,30.0,esESP,Valencia,Big5,13,270,0,1,0,0,,,,9.0,1,0.4,,4,,,,,,,3.0,3,daniraba,,
Ionuț Radu,GK,GK,28.0,roROU,Celta Vigo,Big5,36,3240,0,0,1,0,,,,0.0,0,,,1,,,101.0,70.7,9.0,6.86,36.0,36,ionutradu,,
Diant Ramaj,GK,GK,24.0,deGER,Heidenheim,Big5,31,2790,0,1,2,0,,,,0.0,0,,,0,,,100.0,61.7,1.0,6.39,31.0,31,diantramaj,,
Largie Ramazani,"MF,FW",MF,25.0,beBEL,Valencia,Big5,24,1148,6,1,4,0,,,,45.184,18,6.9,,14,,,,,,6.62,12.8,11,largieramazani,,
Mathias Rasmussen,MF,MF,28.0,noNOR,St Pauli,Big5,12,693,0,0,0,0,,,,6.006,2,0.8,,8,,,,,,,7.7,8,mathiasrasmussen,,
Giacomo Raspadori,FW,FW,26.0,itITA,Atlético Madrid,Big5,12,236,0,1,1,0,,,,6.942,3,0.7,,0,,,,,,,2.6,1,giacomoraspadori,,
Luca Reggiani,DF,DF,18.0,itITA,Dortmund,Big5,7,421,1,0,2,0,,,,3.008,1,0.4,,2,,,,,,,4.7,5,lucareggiani,,
Alberto Reina,MF,MF,28.0,esESP,Oviedo,Big5,34,2192,4,1,6,1,,,,20.008,11,3.5,,14,,,,,,6.64,24.4,28,albertoreina,,
Rocco Reitz,MF,MF,23.0,deGER,Gladbach,Big5,31,2627,0,4,8,1,,,,47.012,14,2.6,,49,,,,,,7.06,29.2,31,roccoreitz,,
Elvis Rexhbeçaj,MF,MF,28.0,xkKVX,Augsburg,Big5,26,1118,2,0,4,0,,,,11.036000000000001,5,0.5,,4,,,,,,6.43,12.4,10,elvisrexhbecaj,,
Rodrigo Ribeiro,FW,FW,21.0,ptPOR,Augsburg,Big5,13,600,2,0,1,0,,,,25.125,7,3.5,,3,,,,,,,6.7,6,rodrigoribeiro,,
Fabian Rieder,MF,MF,24.0,chSUI,Augsburg,Big5,31,2253,6,3,4,0,,,,38.0,13,4.2,,13,,,,,,7.0,25.0,27,fabianrieder,,
Lasse Rieß,GK,GK,24.0,deGER,Mainz 05,Big5,4,292,0,0,0,0,,,,0.0,0,,,0,,,15.0,57.7,0.0,,3.2,3,lasserie,,
Luis Rioja,MF,MF,32.0,esESP,Valencia,Big5,34,2371,2,6,1,0,,,,37.872,4,2.3,,16,,,,,,6.91,26.3,28,luisrioja,,
Mihailo Ristić,"MF,DF",MF,30.0,rsSRB,Celta Vigo,Big5,5,253,0,0,0,0,,,,1.008,0,0.0,,2,,,,,,,2.8,4,mihailoristic,,
Lars Ritzka,"MF,DF",MF,28.0,deGER,St Pauli,Big5,21,966,0,0,1,0,,,,3.9589999999999996,1,0.4,,13,,,,,,6.46,10.7,12,larsritzka,,
Damián Rodríguez,MF,MF,23.0,esESP,Celta Vigo,Big5,2,150,0,0,1,0,,,,3.06,0,0.1,,1,,,,,,,1.7,2,damianrodriguez,,
Guido Rodríguez,MF,MF,32.0,arARG,Valencia,Big5,13,1039,2,0,4,0,,,,11.96,3,1.0,,8,,,,,,,11.5,11,guidorodriguez,,
Javi Rodríguez,DF,DF,22.0,esESP,Celta Vigo,Big5,31,2378,0,1,5,0,,,,11.088,1,0.7,,26,,,,,,6.73,26.4,26,javirodriguez,,
Miguel Román,MF,MF,23.0,esESP,Celta Vigo,Big5,19,1311,1,0,3,0,,,,9.052,2,0.9,,12,,,,,,6.89,14.6,14,miguelroman,,
Max Rosenfelder,DF,DF,23.0,deGER,Freiburg,Big5,12,492,0,0,0,0,,,,0.99,0,0.0,,5,,,,,,,5.5,5,maxrosenfelder,,
Tom Rothe,"MF,DF",MF,21.0,deGER,Union Berlin,Big5,20,939,2,0,1,1,,,,18.928,5,1.1,,19,,,,,,6.52,10.4,9,tomrothe,,
Javi Rueda,MF,MF,24.0,esESP,Celta Vigo,Big5,24,1270,2,6,5,0,,,,10.998,3,1.3,,19,,,,,,6.92,14.1,14,javirueda,,
Matteo Ruggeri,DF,DF,23.0,itITA,Atlético Madrid,Big5,24,1639,0,3,4,0,,,,4.914,2,0.1,,19,,,,,,6.96,18.2,19,matteoruggeri,,
Georginio Rutter,"MF,FW",MF,24.0,frFRA,Brighton,Big5,30,1743,3,3,2,0,,,,38.99399999999999,13,3.0,,10,,,,,,6.6,19.4,20,georginiorutter,,
Julian Ryerson,MF,MF,28.0,noNOR,Dortmund,Big5,30,2179,0,14,8,0,,,,12.1,1,0.9,,12,,,,,,7.26,24.2,25,julianryerson,,
Frederik Rønnow,GK,GK,33.0,dkDEN,Union Berlin,Big5,30,2640,0,0,2,0,,,,0.0,0,,,1,,,75.0,61.6,5.0,6.5,29.3,30,frederikrnnow,,
José Sá,GK,GK,33.0,ptPOR,Wolves,Big5,21,1890,0,0,2,0,,,,0.0,0,,,0,,,54.0,62.1,4.0,6.76,21.0,21,josesa,,
Elias Saad,"MF,FW",MF,26.0,tnTUN,Augsburg,Big5,10,497,0,0,1,0,,,,5.995,3,0.5,,1,,,,,,,5.5,7,eliassaad,,
Marcel Sabitzer,MF,MF,32.0,atAUT,Dortmund,Big5,26,1817,1,2,3,0,,,,19.997999999999998,4,1.2,,20,,,,,,6.97,20.2,21,marcelsabitzer,,
Umar Sadiq,FW,FW,29.0,ngNGA,Valencia,Big5,17,852,4,2,3,0,,,,24.13,9,3.5,,1,,,,,,6.43,9.5,8,umarsadiq,,
Umar Sadiq,FW,FW,29.0,ngNGA,Real Sociedad,Big5,5,153,0,0,1,0,,,,3.995,0,3.5,,0,,,,,,6.43,1.7,2,umarsadiq,,
Manolis Saliakas,MF,MF,29.0,grGRE,St Pauli,Big5,17,1106,1,3,3,0,,,,15.990000000000002,3,0.6,,13,,,,,,7.05,12.3,12,manolissaliakas,,
Philipp Sander,"DF,MF",DF,28.0,deGER,Gladbach,Big5,29,2360,2,0,3,0,,,,24.889999999999997,8,1.6,,48,,,,,,6.98,26.2,28,philippsander,,
James Sands,MF,MF,25.0,usUSA,St Pauli,Big5,24,1934,1,0,4,0,,,,15.91,4,1.0,,41,,,,,,6.87,21.5,23,jamessands,,
Kaishu Sano,MF,MF,25.0,jpJPN,Mainz 05,Big5,33,2969,1,2,1,0,,,,23.099999999999998,5,1.4,,67,,,,,,7.3,33.0,33,kaishusano,Kaishu Sano,40000000.0
Baptiste Santamaria,MF,MF,31.0,frFRA,Valencia,Big5,19,754,1,1,2,0,,,,6.048,2,0.4,,8,,,,,,,8.4,7,baptistesantamaria,,
Renzo Saravia,DF,DF,32.0,arARG,Valencia,Big5,4,320,0,0,1,0,,,,1.0080000000000002,0,0.0,,6,,,,,,,3.6,3,renzosaravia,,
Amin Sarr,"FW,MF",FW,25.0,seSWE,Hellas Verona,Big5,32,1051,0,1,2,1,,,,17.081999999999997,5,1.3,,4,,,,,,6.17,11.7,9,aminsarr,,
András Schäfer,MF,MF,27.0,huHUN,Union Berlin,Big5,27,1331,1,0,2,1,,,,25.012,9,2.0,,20,,,,,,6.61,14.8,15,andrasschafer,,
Fynn Schenten,FW,FW,18.0,deGER,Köln,Big5,7,100,0,0,0,0,,,,0.9900000000000001,0,0.0,,0,,,,,,,1.1,1,fynnschenten,,
Derry Scherhant,MF,MF,23.0,deGER,Freiburg,Big5,30,1211,4,1,2,0,,,,33.075,12,2.6,,7,,,,,,6.57,13.5,11,derryscherhant,,
Patrik Schick,FW,FW,30.0,czCZE,Leverkusen,Big5,27,1898,16,3,2,0,,,,67.94200000000001,31,17.2,,3,,,,,,7.25,21.1,22,patrikschick,,
Stefan Schimmer,FW,FW,32.0,deGER,Heidenheim,Big5,26,794,5,1,1,0,,,,30.888,11,5.4,,4,,,,,,6.44,8.8,3,stefanschimmer,,
Keven Schlotterbeck,DF,DF,29.0,deGER,Augsburg,Big5,24,2031,0,1,7,1,,,,11.978000000000002,3,1.4,,33,,,,,,7.02,22.6,22,kevenschlotterbeck,,
Nico Schlotterbeck,DF,DF,26.0,deGER,Dortmund,Big5,27,2430,5,1,8,0,,,,32.129999999999995,9,3.7,,23,,,,,,7.59,27.0,27,nicoschlotterbeck,Nico Schlotterbeck,55000000.0
Romano Schmid,"MF,FW",MF,26.0,atAUT,Werder Bremen,Big5,33,2893,4,8,4,0,,,,54.891,21,7.8,,13,,,,,,7.25,32.1,33,romanoschmid,,
Isaac Schmidt,MF,MF,26.0,chSUI,Werder Bremen,Big5,18,630,1,0,2,0,,,,3.9899999999999998,2,1.0,,10,,,,,,6.65,7.0,5,isaacschmidt,,
Joël Schmied,DF,DF,27.0,chSUI,Köln,Big5,15,1033,0,0,4,0,,,,5.06,0,0.2,,10,,,,,,,11.5,12,joelschmied,,
Jan Schöppner,MF,MF,26.0,deGER,Heidenheim,Big5,30,2162,3,3,5,0,,,,24.0,7,2.2,,30,,,,,,6.63,24.0,28,janschoppner,,
Marvin Schwäbe,GK,GK,31.0,deGER,Köln,Big5,33,2970,0,0,2,0,,,,0.0,0,,,3,,,90.0,62.4,3.0,6.75,33.0,33,marvinschwabe,,
Léo Scienza,MF,MF,27.0,brBRA,Heidenheim,Big5,2,180,1,0,0,0,,,,4.0,1,0.1,,0,,,,,,,2.0,2,leoscienza,,
Sebastian Sebulonsen,"DF,MF",DF,26.0,noNOR,Köln,Big5,30,2408,0,0,5,0,,,,30.016000000000005,5,1.5,,17,,,,,,6.47,26.8,27,sebastiansebulonsen,,
Jenson Seelt,DF,DF,22.0,nlNED,Wolfsburg,Big5,9,681,0,0,0,0,,,,1.976,0,0.2,,5,,,,,,,7.6,8,jensonseelt,,
Suat Serdar,MF,MF,29.0,deGER,Hellas Verona,Big5,20,1108,2,0,3,0,,,,18.942,7,2.1,,10,,,,,,6.61,12.3,12,suatserdar,,
Benjamin Šeško,FW,FW,22.0,siSVN,Manchester Utd,Big5,30,1643,11,1,2,0,,,,61.122,34,9.2,,3,,,,,,6.8,18.3,17,benjaminsesko,Benjamin Sesko,75000000.0
Luke Shaw,DF,DF,30.0,engENG,Manchester Utd,Big5,36,3048,0,1,8,0,,,,8.136,2,0.7,,40,,,,,,6.95,33.9,36,lukeshaw,,
Kento Shiogai,MF,MF,21.0,jpJPN,Wolfsburg,Big5,11,315,1,0,2,0,,,,8.995,6,1.5,,3,,,,,,,3.5,2,kentoshiogai,,
Kwasi Sibo,MF,MF,27.0,ghGHA,Oviedo,Big5,26,1681,0,0,3,1,,,,8.975999999999999,2,0.4,,14,,,,,,6.42,18.7,21,kwasisibo,,
Armindo Sieb,FW,FW,23.0,deGER,Mainz 05,Big5,22,548,2,0,1,0,,,,18.055999999999997,6,2.2,,0,,,,,,6.14,6.1,3,armindosieb,,
Tim Siersleben,DF,DF,26.0,deGER,Heidenheim,Big5,15,1081,0,0,2,0,,,,5.04,3,0.5,,21,,,,,,,12.0,12,timsiersleben,,
Fábio Silva,"FW,MF",FW,23.0,ptPOR,Dortmund,Big5,27,809,2,6,3,0,,,,22.05,7,2.6,,2,,,,,,6.53,9.0,7,fabiosilva,,
Giuliano Simeone,MF,MF,23.0,arARG,Atlético Madrid,Big5,29,2009,4,6,1,0,,,,33.896,13,5.2,,19,,,,,,7.14,22.3,23,giulianosimeone,Giuliano Simeone,40000000.0
Jahmai Simpson-Pusey,DF,DF,20.0,engENG,Köln,Big5,10,773,0,0,2,1,,,,4.9879999999999995,3,0.4,,12,,,,,,,8.6,9,jahmaisimpsonpusey,,
Danel Sinani,"MF,FW",MF,29.0,luLUX,St Pauli,Big5,30,2069,5,3,4,0,,,,48.989999999999995,18,5.1,,5,,,,,,6.9,23.0,23,danelsinani,,
Tim Skarke,"MF,FW",MF,29.0,deGER,Union Berlin,Big5,21,603,1,1,0,0,,,,14.003,5,0.9,,1,,,,,,6.23,6.7,4,timskarke,,
Andreas Skov Olsen,MF,MF,26.0,dkDEN,Wolfsburg,Big5,8,362,1,0,1,0,,,,6.96,2,0.3,,1,,,,,,,4.0,4,andreasskovolsen,,
Robert Skov,"DF,MF",DF,29.0,dkDEN,Union Berlin,Big5,3,220,0,0,0,0,,,,0.9839999999999999,0,0.0,,2,,,,,,,2.4,3,robertskov,,
Tobias Slotsager,DF,DF,20.0,dkDEN,Hellas Verona,Big5,8,446,0,0,0,0,,,,3.05,1,0.1,,3,,,,,,,5.0,4,tobiasslotsager,,
Eric Smith,"DF,MF",DF,29.0,seSWE,St Pauli,Big5,27,2311,2,2,4,1,,,,12.078999999999999,5,0.6,,24,,,,,,6.83,25.7,26,ericsmith,,
Yann Sommer,GK,GK,37.0,chSUI,Inter,Big5,32,2880,0,0,0,0,,,,0.0,0,,,0,,,61.0,70.5,15.0,6.84,32.0,32,yannsommer,,
Hugo Sotelo,MF,MF,22.0,esESP,Celta Vigo,Big5,20,1338,0,2,3,0,,,,1.937,1,0.1,,13,,,,,,7.02,14.9,16,hugosotelo,,
Jens Stage,MF,MF,29.0,dkDEN,Werder Bremen,Big5,28,2370,10,2,5,0,,,,53.915,21,6.1,,18,,,,,,7.19,26.3,28,jensstage,,
Josip Stanišić,DF,DF,26.0,hrCRO,Bayern Munich,Big5,25,1812,2,3,1,0,,,,7.035,4,1.4,,18,,,,,,7.28,20.1,19,josipstanisic,Josip Stanisic,40000000.0
Carl Starfelt,DF,DF,30.0,seSWE,Celta Vigo,Big5,19,1491,0,0,3,1,,,,3.984,1,0.6,,16,,,,,,6.76,16.6,17,carlstarfelt,,
Niklas Stark,DF,DF,31.0,deGER,Werder Bremen,Big5,14,697,0,0,8,2,,,,3.003,1,0.4,,13,,,,,,,7.7,9,niklasstark,,
Pascal Stenzel,MF,MF,30.0,deGER,Stuttgart,Big5,2,106,0,0,2,0,,,,3.0599999999999996,1,0.3,,2,,,,,,,1.2,2,pascalstenzel,,
Leonidas Stergiou,DF,DF,24.0,chSUI,Heidenheim,Big5,5,206,0,0,0,0,,,,1.012,0,0.1,,1,,,,,,,2.3,1,leonidasstergiou,,
Angelo Stiller,MF,MF,25.0,deGER,Stuttgart,Big5,33,2653,2,5,1,0,,,,17.11,8,3.1,,25,,,,,,7.31,29.5,29,angelostiller,Angelo Stiller,45000000.0
Kevin Stöger,MF,MF,32.0,atAUT,Gladbach,Big5,28,1258,1,1,3,0,,,,21.98,7,2.5,,13,,,,,,6.67,14.0,14,kevinstoger,,
Petar Sucic,MF,MF,22.0,hrCRO,Inter,Big5,32,1602,2,2,5,0,,,,19.936000000000003,5,1.7,,8,,,,,,6.97,17.8,19,petarsucic,Petar Sučić,40000000.0
Yukinari Sugawara,"DF,MF",DF,25.0,jpJPN,Werder Bremen,Big5,31,2428,0,6,2,1,,,,29.970000000000002,11,1.8,,15,,,,,,6.8,27.0,29,yukinarisugawara,,
Niklas Süle,DF,DF,30.0,deGER,Dortmund,Big5,11,486,0,1,3,0,,,,1.998,1,0.0,,6,,,,,,,5.4,7,niklassule,,
Tomáš Suslov,FW,FW,23.0,skSVK,Hellas Verona,Big5,9,329,0,0,1,1,,,,11.137,3,0.6,,1,,,,,,,3.7,3,tomassuslov,,
Yuito Suzuki,MF,MF,24.0,jpJPN,Freiburg,Big5,25,1632,4,2,3,0,,,,38.010000000000005,14,3.9,,10,,,,,,6.76,18.1,18,yuitosuzuki,,
Mattias Svanberg,MF,MF,27.0,seSWE,Wolfsburg,Big5,23,795,3,1,6,1,,,,17.952,7,2.9,,9,,,,,,6.38,8.8,7,mattiassvanberg,,
Daniel Svensson,MF,MF,24.0,seSWE,Dortmund,Big5,32,2364,2,2,0,0,,,,12.098,4,1.8,,20,,,,,,7.0,26.3,26,danielsvensson,,
Williot Swedberg,"FW,MF",FW,22.0,seSWE,Celta Vigo,Big5,27,1133,4,5,2,0,,,,20.034,11,4.3,,3,,,,,,6.62,12.6,11,williotswedberg,,
Alexander Sørloth,FW,FW,30.0,noNOR,Atlético Madrid,Big5,33,1905,13,0,4,1,,,,66.144,34,10.2,,0,,,,,,6.79,21.2,20,alexandersrloth,,
Haris Tabakovic,FW,FW,31.0,baBIH,Gladbach,Big5,31,2309,12,3,4,0,,,,65.02099999999999,25,13.0,,0,,,,,,6.77,25.7,27,haristabakovic,,
Jonathan Tah,DF,DF,30.0,deGER,Bayern Munich,Big5,27,1928,2,1,7,0,,,,7.917999999999999,5,0.7,,25,,,,,,7.27,21.4,22,jonathantah,,
Kōta Takai,DF,DF,21.0,jpJPN,Gladbach,Big5,8,342,0,0,1,0,,,,3.002,2,0.2,,4,,,,,,,3.8,3,kotatakai,,
Axel Tapé,"MF,DF",MF,18.0,frFRA,Leverkusen,Big5,6,222,0,0,1,0,,,,3.05,1,0.2,,1,,,,,,,2.5,2,axeltape,,
Edmond Tapsoba,DF,DF,27.0,bfBFA,Leverkusen,Big5,28,2485,5,3,7,0,,,,27.876,10,2.5,,20,,,,,,7.39,27.6,28,edmondtapsoba,,
César Tárrega,DF,DF,24.0,esESP,Valencia,Big5,29,2328,0,0,6,0,,,,9.065,1,0.6,,21,,,,,,6.7,25.9,26,cesartarrega,,
Jackson Tchatchoua,"MF,DF",MF,24.0,cmCMR,Wolves,Big5,31,1845,0,1,3,0,,,,3.0749999999999997,1,0.3,,14,,,,,,6.5,20.5,19,jacksontchatchoua,,
Nathan Tella,MF,MF,26.0,ngNGA,Leverkusen,Big5,17,868,1,4,2,0,,,,23.904,8,2.8,,4,,,,,,,9.6,10,nathantella,,
Martin Terrier,"MF,FW",MF,29.0,frFRA,Leverkusen,Big5,18,675,4,1,1,0,,,,17.025,6,2.6,,1,,,,,,,7.5,7,martinterrier,,
Jan Thielmann,"MF,FW",MF,23.0,deGER,Köln,Big5,25,1529,3,1,4,0,,,,27.03,10,2.3,,13,,,,,,6.67,17.0,20,janthielmann,,
Marcus Thuram,FW,FW,28.0,frFRA,Inter,Big5,29,1900,13,6,2,0,,,,74.061,29,9.4,,1,,,,,,7.28,21.1,24,marcusthuram,Marcus Thuram,50000000.0
Phillip Tietz,FW,FW,28.0,deGER,Augsburg,Big5,10,198,1,0,2,0,,,,6.006,3,8.9,,0,,,,,,6.8,2.2,0,philliptietz,,
Phillip Tietz,FW,FW,28.0,deGER,Mainz 05,Big5,18,1527,4,1,2,0,,,,44.03,20,8.9,,7,,,,,,6.8,17.0,18,philliptietz,,
Malik Tillman,MF,MF,23.0,usUSA,Leverkusen,Big5,28,1613,6,1,2,0,,,,32.936,12,4.6,,18,,,,,,7.07,17.9,17,maliktillman,,
Umut Tohumcu,MF,MF,21.0,deGER,Hoffenheim,Big5,5,136,0,0,2,0,,,,1.98,0,0.1,,0,,,,,,,1.5,1,umuttohumcu,,
Tiago Tomás,"MF,FW",MF,23.0,ptPOR,Stuttgart,Big5,26,1015,5,3,4,0,,,,35.03,10,6.0,,5,,,,,,6.74,11.3,10,tiagotomas,,
Keke Topp,FW,FW,22.0,deGER,Werder Bremen,Big5,20,638,1,1,4,0,,,,25.063,3,2.0,,1,,,,,,,7.1,7,keketopp,,
Bazoumana Touré,"MF,FW",MF,20.0,ciCIV,Hoffenheim,Big5,29,2233,5,9,2,0,,,,45.88,13,4.2,,6,,,,,,7.2,24.8,28,bazoumanatoure,Bazoumana Touré,40000000.0
Omar Traoré,"DF,MF",DF,28.0,deGER,Heidenheim,Big5,25,1456,0,2,2,0,,,,10.043999999999999,2,0.4,,17,,,,,,6.32,16.2,16,omartraore,,
Philipp Treu,"DF,MF",DF,25.0,deGER,Freiburg,Big5,27,2096,1,2,2,0,,,,16.076999999999998,4,1.2,,6,,,,,,6.67,23.3,23,philipptreu,,
Christopher Trimmel,"MF,DF",MF,39.0,atAUT,Union Berlin,Big5,28,1797,0,3,7,0,,,,4.0,0,0.1,,8,,,,,,6.99,20.0,21,christophertrimmel,,
Stefanos Tzimas,FW,FW,20.0,grGRE,Brighton,Big5,9,139,1,1,0,0,,,,3.885,1,0.5,,0,,,,,,,1.5,1,stefanostzimas,,
Manuel Ugarte,MF,MF,25.0,uyURU,Manchester Utd,Big5,22,887,0,0,1,0,,,,13.068000000000001,1,0.7,,20,,,,,,,9.9,8,manuelugarte,,
Filip Ugrinic,MF,MF,27.0,chSUI,Valencia,Big5,24,1312,0,3,3,0,,,,17.958,2,1.0,,8,,,,,,6.85,14.6,15,filipugrinic,,
Lukas Ullrich,"DF,MF",DF,22.0,deGER,Gladbach,Big5,22,1215,0,0,2,0,,,,9.99,2,0.6,,20,,,,,,6.59,13.5,13,lukasullrich,,
Sven Ulreich,GK,GK,37.0,deGER,Bayern Munich,Big5,1,90,0,0,1,0,,,,0.0,0,,,0,,,6.0,85.7,0.0,,1.0,1,svenulreich,,
Deniz Undav,"FW,MF",FW,29.0,deGER,Stuttgart,Big5,28,2151,19,6,5,0,,,,123.08500000000001,46,16.4,,4,,,,,,7.46,23.9,24,denizundav,,
Dayot Upamecano,DF,DF,27.0,frFRA,Bayern Munich,Big5,23,1704,1,1,4,0,,,,7.937999999999999,2,1.0,,20,,,,,,7.3,18.9,20,dayotupamecano,Dayot Upamecano,70000000.0
Jonas Urbig,GK,GK,22.0,deGER,Bayern Munich,Big5,13,1080,0,0,0,0,,,,0.0,0,,,0,,,31.0,68.9,6.0,,12.0,11,jonasurbig,,
Josha Vagnoman,"DF,MF",DF,25.0,deGER,Stuttgart,Big5,26,1569,1,3,3,0,,,,18.966,11,2.9,,3,,,,,,6.74,17.4,18,joshavagnoman,,
Nicolás Valentini,DF,DF,25.0,arARG,Hellas Verona,Big5,19,1270,0,0,5,0,,,,12.972,6,0.9,,15,,,,,,6.62,14.1,13,nicolasvalentini,,
Obed Vargas,MF,MF,20.0,mxMEX,Atlético Madrid,Big5,10,590,0,1,2,0,,,,3.036,0,0.2,,8,,,,,,,6.6,6,obedvargas,,
Nikola Vasilj,GK,GK,30.0,baBIH,St Pauli,Big5,33,2970,0,0,0,0,,,,0.0,0,,,1,,,115.0,67.7,5.0,6.79,33.0,33,nikolavasilj,,
Denis Vavro,DF,DF,30.0,skSVK,Wolfsburg,Big5,16,1086,1,0,2,0,,,,11.979,5,0.9,,13,,,,,,,12.1,12,denisvavro,,
Jesus Vazquez,"DF,MF",DF,23.0,esESP,Valencia,Big5,21,777,0,0,2,0,,,,7.998,2,0.3,,2,,,,,,6.49,8.6,5,jesusvazquez,,
Lucas Vázquez,MF,MF,34.0,esESP,Leverkusen,Big5,11,474,1,2,2,0,,,,4.028,1,0.5,,2,,,,,,,5.3,6,lucasvazquez,,
Matías Vecino,MF,MF,34.0,uyURU,Celta Vigo,Big5,4,117,0,0,0,0,,,,2.0020000000000002,0,0.1,,2,,,,,,,1.3,2,matiasvecino,,
Joël Veltman,DF,DF,34.0,nlNED,Brighton,Big5,23,993,1,0,5,0,,,,2.97,1,1.1,,19,,,,,,6.81,11.0,8,joelveltman,,
Nikolas Veratschnig,"MF,DF",MF,23.0,atAUT,Mainz 05,Big5,21,660,0,1,3,0,,,,4.015000000000001,1,0.1,,10,,,,,,6.44,7.3,6,nikolasveratschnig,,
Bart Verbruggen,GK,GK,23.0,nlNED,Brighton,Big5,36,3240,0,0,3,0,,,,0.0,0,,,0,,,97.0,72.6,10.0,6.93,36.0,36,bartverbruggen,Bart Verbruggen,40000000.0
Nacho Vidal,DF,DF,31.0,esESP,Oviedo,Big5,26,2103,0,0,4,0,,,,13.104000000000001,3,2.2,,29,,,,,,6.77,23.4,25,nachovidal,,
Federico Viñas,"FW,MF",FW,27.0,uyURU,Oviedo,Big5,31,2271,9,1,6,3,,,,53.928000000000004,21,8.7,,12,,,,,,6.98,25.2,26,federicovinas,,
Stefan de Vrij,DF,DF,34.0,nlNED,Inter,Big5,9,500,0,0,1,0,,,,5.04,2,0.3,,4,,,,,,,5.6,6,stefandevrij,,
Hauke Wahl,DF,DF,32.0,deGER,St Pauli,Big5,29,2502,2,1,1,0,,,,10.008,4,0.6,,28,,,,,,6.69,27.8,28,haukewahl,,
Nelson Weiper,FW,FW,21.0,deGER,Mainz 05,Big5,23,551,0,0,1,0,,,,12.932,6,2.8,,3,,,,,,,6.1,3,nelsonweiper,,
Danny Welbeck,FW,FW,35.0,engENG,Brighton,Big5,35,2136,13,1,5,0,,,,54.035999999999994,27,12.4,,8,,,,,,6.79,23.7,24,dannywelbeck,,
Silvan Widmer,MF,MF,33.0,chSUI,Mainz 05,Big5,26,1743,2,1,5,0,,,,19.982,4,2.5,,16,,,,,,6.73,19.4,21,silvanwidmer,,
Mats Wieffer,DF,DF,26.0,nlNED,Brighton,Big5,25,1813,2,3,8,0,,,,17.889000000000003,6,1.9,,24,,,,,,7.02,20.1,22,matswieffer,,
Patrick Wimmer,MF,MF,24.0,atAUT,Wolfsburg,Big5,25,1621,4,3,4,0,,,,23.94,8,3.1,,23,,,,,,6.86,18.0,21,patrickwimmer,,
Jonas Wind,FW,FW,27.0,dkDEN,Wolfsburg,Big5,11,481,1,0,1,0,,,,8.904,6,1.2,,0,,,,,,,5.3,5,jonaswind,,
Marius Wolf,MF,MF,30.0,deGER,Augsburg,Big5,28,959,1,1,4,0,,,,14.017,5,1.1,,12,,,,,,6.5,10.7,11,mariuswolf,,
Nick Woltemade,MF,MF,24.0,deGER,Stuttgart,Big5,1,90,0,0,0,0,,,,0.0,0,,,0,,,,,,,1.0,1,nickwoltemade,Nick Woltemade,55000000.0
Leny Yoro,DF,DF,20.0,frFRA,Manchester Utd,Big5,31,1723,0,0,1,0,,,,8.977,3,1.4,,30,,,,,,6.67,19.1,18,lenyyoro,Leny Yoro,50000000.0
Dan-Axel Zagadou,DF,DF,26.0,frFRA,Stuttgart,Big5,3,209,0,0,0,0,,,,5.933999999999999,1,0.3,,5,,,,,,,2.3,3,danaxelzagadou,,
Bryan Zaragoza,"FW,MF",FW,24.0,esESP,Celta Vigo,Big5,19,1131,1,1,1,0,,,,26.081999999999997,12,2.0,,2,,,,,,,12.6,13,bryanzaragoza,,
Aaron Zehnter,"DF,MF",DF,21.0,deGER,Wolfsburg,Big5,20,1456,2,0,0,0,,,,11.016,5,1.3,,16,,,,,,6.81,16.2,17,aaronzehnter,,
Robin Zentner,GK,GK,31.0,deGER,Mainz 05,Big5,10,876,0,0,2,1,,,,0.0,0,,,0,,,31.0,68.9,0.0,,9.7,10,robinzentner,,
Cedric Zesiger,DF,DF,27.0,chSUI,Augsburg,Big5,26,1726,0,0,7,0,,,,10.943999999999999,3,0.8,,16,,,,,,6.56,19.2,19,cedriczesiger,,
Piotr Zieliński,MF,MF,31.0,plPOL,Inter,Big5,32,1927,6,3,3,0,,,,28.034,10,2.5,,7,,,,,,7.23,21.4,21,piotrzielinski,,
Joshua Zirkzee,"FW,MF",FW,24.0,nlNED,Manchester Utd,Big5,22,598,2,1,3,0,,,,21.846,7,3.0,,1,,,,,,,6.6,5,joshuazirkzee,,
Budu Zivzivadze,FW,FW,32.0,geGEO,Heidenheim,Big5,19,1052,6,0,2,1,,,,23.984999999999996,12,5.3,,1,,,,,,6.57,11.7,13,buduzivzivadze,,
Allan,MF,MF,35.0,brBRA,Botafogo (RJ),Brasileirao,10,463,0,0,3,0,,,,1.9889999999999999,0,0.1,,9,,,,,,6.48,5.1,6,allan,,
Júnior Alonso,DF,DF,33.0,pyPAR,Atlético Mineiro,Brasileirao,8,720,0,0,2,0,,,,4.96,1,0.2,,10,,,,,,6.83,8.0,8,junioralonso,,
João Ananias,DF,DF,19.0,brBRA,Santos,Brasileirao,1,90,0,0,0,0,,,,0.0,0,,,1,,,,,,,1.0,1,joaoananias,,
Anderson,GK,GK,28.0,brBRA,Chapecoense,Brasileirao,3,270,0,0,0,0,,,,0.99,0,0.1,,0,,,13.0,76.5,0.0,,3.0,3,anderson,,
Willian Arão,MF,MF,33.0,brBRA,Santos,Brasileirao,10,488,0,0,0,0,,,,0.0,0,0.0,,1,,,,,,6.66,5.4,5,willianarao,,
Giovanni Augusto,"MF,FW",MF,36.0,brBRA,Chapecoense,Brasileirao,9,336,0,0,1,0,,,,2.9600000000000004,0,0.1,,3,,,,,,6.41,3.7,6,giovanniaugusto,,
Ryan Augusto,DF,DF,18.0,brBRA,RB Bragantino,Brasileirao,5,234,0,0,0,0,,,,4.992,1,0.1,,0,,,,,,,2.6,2,ryanaugusto,,
Gabriel Barbosa,FW,FW,29.0,brBRA,Santos,Brasileirao,9,623,4,2,3,0,,,,22.908,4,4.7,,2,,,,,,7.26,6.9,7,gabrielbarbosa,,
Lucas Barbosa,"MF,FW",MF,25.0,brBRA,RB Bragantino,Brasileirao,14,1255,3,1,4,0,,,,36.835,16,4.7,,12,,,,,,7.28,13.9,14,lucasbarbosa,,
Alexander Barboza,DF,DF,31.0,arARG,Botafogo (RJ),Brasileirao,11,944,1,2,4,1,,,,11.969999999999999,6,0.6,,9,,,,,,7.1,10.5,11,alexanderbarboza,,
Álvaro Barreal,"MF,DF",MF,25.0,arARG,Santos,Brasileirao,13,833,2,0,3,0,,,,19.065,5,1.5,,4,,,,,,6.69,9.3,9,alvarobarreal,,
Jordan Barrera,MF,MF,20.0,coCOL,Botafogo (RJ),Brasileirao,10,348,0,0,0,0,,,,9.087,3,1.5,,3,,,,,,6.52,3.9,3,jordanbarrera,,
Kadir Barría,FW,FW,18.0,paPAN,Botafogo (RJ),Brasileirao,6,166,0,0,0,0,,,,5.8500000000000005,1,1.1,,1,,,,,,,1.8,1,kadirbarria,,
Bastos,DF,DF,35.0,aoANG,Botafogo (RJ),Brasileirao,6,520,0,0,1,0,,,,0.0,0,,,6,,,,,,,5.8,6,bastos,,
Bernard,"MF,FW",MF,33.0,brBRA,Atlético Mineiro,Brasileirao,12,509,1,0,0,0,,,,5.016,2,0.6,,4,,,,,,6.6,5.7,7,bernard,,
Yannick Bolasie,FW,FW,36.0,cdCOD,Chapecoense,Brasileirao,12,748,1,1,3,0,,,,16.019000000000002,3,3.5,,0,,,,,,6.36,8.3,10,yannickbolasie,,
Gabriel Bontempo,MF,MF,21.0,brBRA,Santos,Brasileirao,13,805,0,1,2,0,,,,8.989,1,1.1,,9,,,,,,7.04,8.9,10,gabrielbontempo,,
Gabriel Brazão,GK,GK,25.0,brBRA,Santos,Brasileirao,13,1170,0,0,3,0,,,,1.04,1,0.1,,0,,,33.0,66.0,3.0,6.75,13.0,13,gabrielbrazao,,
Arthur Cabral,FW,FW,28.0,brBRA,Botafogo (RJ),Brasileirao,12,941,4,1,2,0,,,,21.104999999999997,11,3.4,,0,,,,,,7.02,10.5,12,arthurcabral,,
Victor Caetano,DF,DF,28.0,brBRA,Chapecoense,Brasileirao,8,647,0,0,2,0,,,,1.0080000000000002,0,0.2,,8,,,,,,,7.2,8,victorcaetano,,
Camilo,MF,MF,27.0,brBRA,Chapecoense,Brasileirao,12,990,0,0,2,0,,,,11.0,1,0.3,,17,,,,,,7.01,11.0,12,camilo,,
Juninho Capixaba,DF,DF,28.0,brBRA,RB Bragantino,Brasileirao,13,1164,2,2,6,0,,,,16.899,3,1.1,,17,,,,,,7.38,12.9,13,juninhocapixaba,,
Rafael Carvalheira,MF,MF,26.0,brBRA,Chapecoense,Brasileirao,11,623,1,0,1,0,,,,8.004,2,0.7,,5,,,,,,6.45,6.9,8,rafaelcarvalheira,,
Mateo Cassierra,FW,FW,29.0,coCOL,Atlético Mineiro,Brasileirao,12,501,2,1,1,0,,,,11.088,4,2.5,,0,,,,,,6.59,5.6,5,mateocassierra,,
Mamady Cissé,MF,MF,19.0,gnGUI,Atlético Mineiro,Brasileirao,5,116,0,0,0,0,,,,3.0290000000000004,0,0.5,,1,,,,,,,1.3,0,mamadycisse,,
Walter Clar,"DF,MF",DF,31.0,pyPAR,Chapecoense,Brasileirao,10,765,3,1,0,0,,,,10.03,6,2.8,,7,,,,,,6.92,8.5,9,walterclar,,
Joaquín Correa,FW,FW,31.0,arARG,Botafogo (RJ),Brasileirao,5,168,0,1,2,0,,,,4.066,1,0.3,,0,,,,,,,1.9,1,joaquincorrea,,
Tomás Cuello,MF,MF,26.0,arARG,Atlético Mineiro,Brasileirao,14,953,2,1,0,0,,,,33.072,9,3.6,,15,,,,,,7.0,10.6,11,tomascuello,,
Lautaro Díaz,FW,FW,27.0,arARG,Santos,Brasileirao,7,234,1,0,0,0,,,,6.994,2,0.5,,0,,,,,,,2.6,2,lautarodiaz,,
Diogenes,GK,GK,25.0,brBRA,Santos,Brasileirao,2,180,0,0,1,0,,,,0.0,0,,,0,,,6.0,75.0,1.0,,2.0,2,diogenes,,
Alexis Duarte,DF,DF,26.0,pyPAR,Santos,Brasileirao,1,90,0,0,1,0,,,,0.0,0,,,1,,,,,,,1.0,1,alexisduarte,,
Dudu,MF,MF,20.0,brBRA,Athletico Paranaense,Brasileirao,11,598,1,1,0,0,,,,4.949999999999999,2,1.3,,6,,,,,,6.4,6.6,7,dudu,,
Dudu,MF,MF,34.0,brBRA,Atlético Mineiro,Brasileirao,12,313,2,0,0,0,,,,13.09,7,1.3,,1,,,,,,6.4,3.5,2,dudu,,
Edenílson,MF,MF,36.0,brBRA,Grêmio,Brasileirao,3,152,1,0,0,0,,,,4.029,1,1.9,,2,,,,,,6.84,1.7,2,edenilson,,
Edenílson,"MF,FW",MF,36.0,brBRA,Botafogo (RJ),Brasileirao,10,525,3,2,2,0,,,,9.918,5,1.9,,3,,,,,,6.84,5.8,6,edenilson,,
Ênio,"MF,FW",MF,25.0,brBRA,Chapecoense,Brasileirao,6,392,1,0,2,0,,,,13.112,4,0.6,,2,,,,,,6.95,4.4,4,enio,,
Gonzalo Escobar,DF,DF,29.0,arARG,Santos,Brasileirao,9,777,0,1,4,0,,,,5.933999999999999,0,0.3,,17,,,,,,6.99,8.6,9,gonzaloescobar,,
Éverson,GK,GK,35.0,brBRA,Atlético Mineiro,Brasileirao,15,1350,0,1,0,0,,,,0.0,0,,,0,,,45.0,69.2,3.0,6.94,15.0,15,everson,,
Everton,"FW,MF",FW,29.0,brBRA,Mirassol,Brasileirao,7,204,0,0,0,0,,,,6.095,1,0.6,,0,,,,,,,2.3,0,everton,,
Everton,"MF,DF",MF,31.0,brBRA,Chapecoense,Brasileirao,12,805,0,1,6,1,,,,8.989,2,0.6,,6,,,,,,,8.9,10,everton,,
Fabinho,MF,MF,24.0,brBRA,RB Bragantino,Brasileirao,5,223,0,0,2,1,,,,0.0,0,,,4,,,,,,,2.5,3,fabinho,,
Matheus Fernandes,MF,MF,27.0,brBRA,RB Bragantino,Brasileirao,11,657,0,1,2,0,,,,11.972,1,0.4,,10,,,,,,6.68,7.3,8,matheusfernandes,,
Nahuel Ferraresi,DF,DF,27.0,veVEN,Botafogo (RJ),Brasileirao,9,648,1,0,1,0,,,,3.024,1,0.3,,11,,,,,,6.89,7.2,7,nahuelferraresi,,
Alan Franco,"MF,DF",MF,27.0,ecECU,Atlético Mineiro,Brasileirao,13,1125,0,1,3,0,,,,5.0,2,0.6,,19,,,,,,6.68,12.5,13,alanfranco,,
Adonis Frías,DF,DF,28.0,arARG,Santos,Brasileirao,6,495,1,0,1,0,,,,1.98,2,0.3,,7,,,,,,,5.5,6,adonisfrias,,
Gabriel,DF,DF,25.0,brBRA,Bahia,Brasileirao,6,429,0,0,1,0,,,,1.008,0,0.6,,6,,,,,,6.72,4.8,5,gabriel,Gabriel,75000000.0
Gabriel,MF,MF,32.0,brBRA,Mirassol,Brasileirao,7,254,0,1,1,0,,,,11.899999999999999,4,0.6,,5,,,,,,6.72,2.8,2,gabriel,Gabriel,75000000.0
Gabriel,GK,GK,33.0,brBRA,Vitória,Brasileirao,3,270,0,0,0,0,,,,0.0,0,0.6,,0,,,3.0,30.0,1.0,6.72,3.0,3,gabriel,Gabriel,75000000.0
Gabriel,MF,MF,33.0,brBRA,RB Bragantino,Brasileirao,13,926,2,0,5,0,,,,16.068,6,0.6,,8,,,,,,6.72,10.3,13,gabriel,Gabriel,75000000.0
Maurício Garcez,FW,FW,29.0,brBRA,Chapecoense,Brasileirao,6,374,0,0,0,0,,,,6.048,1,0.6,,0,,,,,,,4.2,3,mauriciogarcez,,
Igor Gomes,MF,MF,27.0,brBRA,Atlético Mineiro,Brasileirao,5,231,0,0,1,0,,,,1.014,0,0.0,,3,,,,,,,2.6,2,igorgomes,,
Gustavinho,MF,MF,22.0,brBRA,RB Bragantino,Brasileirao,11,516,1,1,1,0,,,,5.985,5,0.6,,4,,,,,,6.76,5.7,6,gustavinho,,
Gustavo Henrique,MF,MF,21.0,brBRA,Santos,Brasileirao,6,456,0,0,3,0,,,,1.02,0,0.1,,9,,,,,,,5.1,6,gustavohenrique,,
Pedro Henrique,DF,DF,30.0,brBRA,RB Bragantino,Brasileirao,10,715,0,0,2,0,,,,1.975,0,0.5,,10,,,,,,6.78,7.9,7,pedrohenrique,,
José Herrera,"MF,FW",MF,23.0,arARG,RB Bragantino,Brasileirao,11,492,1,0,3,0,,,,14.08,6,1.0,,2,,,,,,6.61,5.5,7,joseherrera,,
Victor Hugo,"MF,FW",MF,22.0,brBRA,Atlético Mineiro,Brasileirao,13,1076,3,1,0,0,,,,16.080000000000002,9,1.4,,7,,,,,,7.04,12.0,13,victorhugo,,
Vitor Hugo,DF,DF,34.0,brBRA,Atlético Mineiro,Brasileirao,5,381,0,0,1,0,,,,2.9819999999999998,0,0.3,,5,,,,,,,4.2,4,vitorhugo,,
Hulk,"FW,MF",FW,39.0,brBRA,Atlético Mineiro,Brasileirao,12,906,1,3,1,0,,,,25.048,7,1.8,,0,,,,,,6.63,10.1,11,hulk,,
José Hurtado,DF,DF,24.0,ecECU,RB Bragantino,Brasileirao,12,922,1,0,2,0,,,,13.974,2,0.7,,11,,,,,,6.97,10.2,11,josehurtado,,
Italo,"MF,FW",MF,23.0,brBRA,Chapecoense,Brasileirao,13,663,0,0,0,0,,,,10.064000000000002,0,1.5,,5,,,,,,6.35,7.4,8,italo,,
Zé Ivaldo,DF,DF,29.0,brBRA,Santos,Brasileirao,5,358,0,0,1,0,,,,2.0,2,0.2,,11,,,,,,,4.0,4,zeivaldo,,
Gabriel Justino,DF,DF,20.0,brBRA,Botafogo (RJ),Brasileirao,3,131,0,0,0,0,,,,0.0,0,,,0,,,,,,,1.5,1,gabrieljustino,,
Léo,GK,GK,35.0,brBRA,Bahia,Brasileirao,7,630,0,0,0,0,,,,0.0,0,,,0,,,34.0,79.1,1.0,,7.0,7,leo,,
Léo,GK,GK,35.0,brBRA,Chapecoense,Brasileirao,7,630,0,0,1,0,,,,0.0,0,,,0,,,32.0,76.2,1.0,,7.0,7,leo,,
Bruno Leonardo,DF,DF,29.0,brBRA,Chapecoense,Brasileirao,11,969,0,0,3,0,,,,2.052,0,0.1,,11,,,,,,6.28,10.8,11,brunoleonardo,,
Vinicius Lira,DF,DF,18.0,brBRA,Santos,Brasileirao,5,353,0,0,1,0,,,,2.964,1,0.1,,4,,,,,,,3.9,4,viniciuslira,,
Renan Lodi,"DF,MF",DF,28.0,brBRA,Atlético Mineiro,Brasileirao,14,1254,0,2,2,1,,,,17.931,6,1.0,,8,,,,,,7.01,13.9,14,renanlodi,,
Lyanco,DF,DF,29.0,brBRA,Atlético Mineiro,Brasileirao,5,352,0,0,4,1,,,,3.9779999999999998,0,0.1,,5,,,,,,,3.9,4,lyanco,,
Marcinho,"FW,MF",FW,30.0,brBRA,Chapecoense,Brasileirao,13,636,1,1,0,0,,,,15.052,3,0.7,,3,,,,,,6.56,7.1,8,marcinho,,
Gustavo Marques,DF,DF,24.0,brBRA,RB Bragantino,Brasileirao,13,1085,0,0,1,0,,,,11.011,4,1.2,,13,,,,,,7.13,12.1,12,gustavomarques,,
Matheus Martins,"MF,FW",MF,22.0,brBRA,Botafogo (RJ),Brasileirao,14,805,4,0,1,0,,,,23.852000000000004,13,2.0,,4,,,,,,6.79,8.9,9,matheusmartins,,
Maycon,MF,MF,28.0,brBRA,Atlético Mineiro,Brasileirao,8,672,1,0,0,0,,,,7.05,1,1.9,,9,,,,,,6.93,7.5,8,maycon,,
Mayke,DF,DF,33.0,brBRA,Santos,Brasileirao,2,180,0,0,1,0,,,,1.0,1,0.0,,1,,,,,,,2.0,2,mayke,,
Cristian Medina,MF,MF,23.0,arARG,Botafogo (RJ),Brasileirao,9,701,1,0,2,1,,,,8.034,1,1.6,,13,,,,,,6.7,7.8,9,cristianmedina,,
Gabriel Menino,MF,MF,25.0,brBRA,Santos,Brasileirao,8,428,1,0,2,0,,,,11.088,3,0.5,,6,,,,,,,4.8,4,gabrielmenino,,
Higor Meritão,MF,MF,31.0,brBRA,Chapecoense,Brasileirao,10,594,1,0,1,0,,,,10.032,4,1.3,,4,,,,,,6.66,6.6,5,higormeritao,,
Alan Minda,MF,MF,23.0,ecECU,Atlético Mineiro,Brasileirao,7,251,1,0,0,0,,,,7.027999999999999,4,1.2,,2,,,,,,,2.8,2,alanminda,,
Moises,MF,MF,29.0,brBRA,Santos,Brasileirao,11,328,2,1,0,0,,,,8.892000000000001,6,1.5,,2,,,,,,6.56,3.6,3,moises,,
Álvaro Montoro,"MF,FW",MF,19.0,arARG,Botafogo (RJ),Brasileirao,12,705,0,3,1,0,,,,9.984,3,1.2,,5,,,,,,6.91,7.8,8,alvaromontoro,,
Henry Mosquera,"MF,FW",MF,24.0,coCOL,RB Bragantino,Brasileirao,12,922,0,2,1,0,,,,27.845999999999997,7,2.6,,2,,,,,,7.38,10.2,11,henrymosquera,,
Natanael,"DF,MF",DF,24.0,brBRA,Atlético Mineiro,Brasileirao,8,601,0,1,0,1,,,,6.03,2,0.3,,8,,,,,,6.83,6.7,8,natanael,,
Neto,GK,GK,36.0,brBRA,Botafogo (RJ),Brasileirao,7,630,0,0,0,0,,,,0.0,0,,,0,,,29.0,72.5,1.0,6.44,7.0,7,neto,,
Newton,DF,DF,26.0,brBRA,Botafogo (RJ),Brasileirao,6,392,0,0,1,0,,,,3.036,1,0.0,,4,,,,,,,4.4,4,newton,,
Neymar,"MF,FW",MF,34.0,brBRA,Santos,Brasileirao,7,619,4,2,4,0,,,,18.078000000000003,6,2.7,,0,,,,,,,6.9,7,neymar,,
Christian Oliva,MF,MF,29.0,uyURU,Santos,Brasileirao,10,693,0,1,0,0,,,,7.007000000000001,0,0.3,,14,,,,,,6.79,7.7,8,christianoliva,,
Bruno Pacheco,"DF,MF",DF,34.0,brBRA,Chapecoense,Brasileirao,6,450,0,1,1,0,,,,0.0,0,0.1,,2,,,,,,6.89,5.0,5,brunopacheco,,
Kauã Pascini,DF,DF,18.0,brBRA,Atlético Mineiro,Brasileirao,3,109,0,0,0,0,,,,0.0,0,,,0,,,,,,,1.2,1,kauapascini,,
Paulinho,MF,MF,29.0,brBRA,Internacional,Brasileirao,12,691,0,0,4,0,,,,9.009,3,0.7,,6,,,,,,,7.7,8,paulinho,,
Joao Paulo,DF,DF,28.0,brBRA,Chapecoense,Brasileirao,3,236,0,0,1,0,,,,0.0,0,0.2,,3,,,,,,,2.6,2,joaopaulo,,
Tomás Pérez,MF,MF,20.0,arARG,Atlético Mineiro,Brasileirao,9,518,0,0,2,0,,,,3.016,1,0.2,,12,,,,,,6.76,5.8,6,tomasperez,,
Neto Pessoa,FW,FW,31.0,brBRA,Chapecoense,Brasileirao,6,116,1,0,1,0,,,,5.044,2,1.4,,0,,,,,,,1.3,0,netopessoa,,
Isidro Pitta,FW,FW,26.0,pyPAR,RB Bragantino,Brasileirao,14,906,5,1,2,0,,,,27.068,9,5.4,,2,,,,,,6.81,10.1,10,isidropitta,,
Mateo Ponte,"DF,MF",DF,22.0,uyURU,Botafogo (RJ),Brasileirao,6,425,0,1,2,0,,,,1.974,0,0.6,,6,,,,,,,4.7,4,mateoponte,,
Ángelo Preciado,"MF,DF",MF,28.0,ecECU,Atlético Mineiro,Brasileirao,7,375,0,0,1,0,,,,4.032,0,0.1,,6,,,,,,,4.2,4,angelopreciado,,
Zé Rafael,MF,MF,32.0,brBRA,Santos,Brasileirao,5,165,1,1,1,0,,,,4.914,1,0.7,,0,,,,,,,1.8,2,zerafael,,
Eric Ramires,MF,MF,25.0,brBRA,RB Bragantino,Brasileirao,8,155,0,0,1,0,,,,0.9859999999999999,0,0.4,,2,,,,,,,1.7,0,ericramires,,
Reinier,FW,FW,24.0,brBRA,Atlético Mineiro,Brasileirao,13,543,1,1,1,0,,,,14.940000000000001,7,2.5,,1,,,,,,6.75,6.0,6,reinier,,
Santiago Rodríguez,"MF,FW",MF,26.0,uyURU,Botafogo (RJ),Brasileirao,7,372,0,0,1,0,,,,0.0,0,0.1,,1,,,,,,6.49,4.1,6,santiagorodriguez,,
Benjamín Rollheiser,"MF,FW",MF,26.0,arARG,Santos,Brasileirao,12,342,3,0,1,0,,,,12.008,7,2.3,,2,,,,,,6.97,3.8,3,benjaminrollheiser,,
Iván Román,DF,DF,19.0,clCHI,Atlético Mineiro,Brasileirao,5,350,1,0,2,0,,,,3.003,1,0.9,,6,,,,,,,3.9,5,ivanroman,,
Rony,"MF,FW",MF,31.0,brBRA,Santos,Brasileirao,12,775,0,0,3,0,,,,9.03,1,0.6,,6,,,,,,6.68,8.6,9,rony,,
Caio Roque,DF,DF,24.0,brBRA,Botafogo (RJ),Brasileirao,3,115,0,0,0,0,,,,1.014,0,0.0,,2,,,,,,,1.3,0,caioroque,,
Agustín Sant'Anna,DF,DF,28.0,uyURU,RB Bragantino,Brasileirao,4,124,0,1,0,0,,,,2.03,1,0.2,,1,,,,,,,1.4,1,agustinsantanna,,
Danilo Santos,MF,MF,25.0,brBRA,Botafogo (RJ),Brasileirao,12,1070,7,2,1,0,,,,28.084,12,1.9,,5,,,,,,7.47,11.9,12,danilosantos,,
Eduardo Santos,DF,DF,28.0,brBRA,RB Bragantino,Brasileirao,3,112,0,0,0,0,,,,0.96,0,0.0,,0,,,,,,,1.2,1,eduardosantos,,
Júnior Santos,"FW,MF",FW,31.0,brBRA,Botafogo (RJ),Brasileirao,9,409,1,0,2,0,,,,7.92,4,1.1,,1,,,,,,6.42,4.5,6,juniorsantos,,
Rafael Santos,GK,GK,37.0,brBRA,Chapecoense,Brasileirao,4,360,0,0,0,0,,,,0.0,0,,,0,,,20.0,66.7,0.0,,4.0,4,rafaelsantos,,
Eduardo Sasha,"FW,MF",FW,34.0,brBRA,RB Bragantino,Brasileirao,11,687,0,0,0,0,,,,13.908,5,3.4,,3,,,,,,6.37,7.6,8,eduardosasha,,
Gustavo Scarpa,"MF,FW",MF,32.0,brBRA,Atlético Mineiro,Brasileirao,10,323,1,0,0,0,,,,14.04,3,0.6,,1,,,,,,6.41,3.6,3,gustavoscarpa,,
João Schmidt,MF,MF,32.0,brBRA,Santos,Brasileirao,10,622,0,0,2,0,,,,6.003,0,0.4,,7,,,,,,,6.9,7,joaoschmidt,,
Ignacio Sosa,MF,MF,22.0,uyURU,RB Bragantino,Brasileirao,12,401,0,0,4,0,,,,5.040000000000001,1,0.3,,3,,,,,,6.55,4.5,4,ignaciososa,,
Alex Telles,"DF,MF",DF,33.0,brBRA,Botafogo (RJ),Brasileirao,13,976,2,2,1,0,,,,4.968000000000001,2,1.8,,7,,,,,,6.75,10.8,13,alextelles,,
Miguel Terceros,"FW,MF",FW,22.0,boBOL,Santos,Brasileirao,6,246,0,0,1,0,,,,4.941000000000001,0,0.5,,2,,,,,,,2.7,3,miguelterceros,,
Thaciano,"MF,FW",MF,31.0,brBRA,Santos,Brasileirao,11,534,2,0,1,0,,,,12.921000000000001,3,1.6,,2,,,,,,,5.9,6,thaciano,,
Rafael Thyere,DF,DF,32.0,brBRA,Chapecoense,Brasileirao,2,104,0,0,0,0,,,,0.0,0,,,1,,,,,,,1.2,2,rafaelthyere,,
Lucas Veríssimo,DF,DF,30.0,brBRA,Santos,Brasileirao,8,720,0,0,1,0,,,,2.96,1,1.0,,19,,,,,,6.63,8.0,8,lucasverissimo,,
Lucas Villalba,MF,MF,25.0,uyURU,Botafogo (RJ),Brasileirao,6,197,1,0,1,0,,,,2.0020000000000002,1,0.0,,0,,,,,,,2.2,0,lucasvillalba,,
Marcos Vinicius,"DF,MF",DF,29.0,brBRA,Chapecoense,Brasileirao,7,409,0,1,2,0,,,,2.97,0,0.4,,4,,,,,,6.32,4.5,4,marcosvinicius,,
Vitinho,"DF,MF",DF,26.0,brBRA,Botafogo (RJ),Brasileirao,13,1043,0,2,3,0,,,,4.06,0,0.4,,13,,,,,,6.73,11.6,12,vitinho,,
João Vitor,MF,MF,28.0,brBRA,Chapecoense,Brasileirao,10,588,0,0,1,0,,,,18.915,3,0.7,,1,,,,,,6.62,6.5,7,joaovitor,,
Tiago Volpi,GK,GK,35.0,brBRA,RB Bragantino,Brasileirao,8,720,0,0,0,0,,,,0.0,0,1.6,,0,,,20.0,66.7,2.0,7.22,8.0,8,tiagovolpi,,
Himad Abdelli,MF,MF,26.0,dzALG,Angers,Big5,13,943,2,0,1,0,,,,11.025,5,,,13,,,,,,,10.5,11,himadabdelli,,
Abdel Abqar,DF,DF,27.0,maMAR,Getafe,Big5,21,1328,0,2,10,1,,,,6.9559999999999995,1,,,20,,,,,,,14.8,16,abdelabqar,,
Francis Abu,MF,MF,25.0,ghGHA,Toulouse,Big5,8,526,0,0,2,0,,,,5.974,0,,,8,,,,,,,5.8,7,francisabu,,
Joshua Acheampong,DF,DF,20.0,engENG,Chelsea,Big5,15,587,1,0,1,0,,,,2.99,2,,,11,,,,,,,6.5,7,joshuaacheampong,,
Junior Adamu,FW,FW,24.0,atAUT,Freiburg,Big5,9,446,1,1,1,0,,,,8.05,3,,,5,,,,,,,5.0,7,junioradamu,,
Dapo Afolayan,MF,MF,28.0,engENG,St Pauli,Big5,7,150,0,0,1,0,,,,4.08,2,,,0,,,,,,,1.7,1,dapoafolayan,,
Tosin Aiyegun,"FW,MF",FW,27.0,bjBEN,Lorient,Big5,26,1049,5,0,1,0,,,,30.068999999999996,12,,,1,,,,,,,11.7,11,tosinaiyegun,,
Ilias Akhomach,MF,MF,22.0,maMAR,Villarreal,Big5,9,188,0,0,0,0,,,,6.027,2,,,0,,,,,,,2.1,2,iliasakhomach,,
Jean-Daniel Akpa-Akpro,MF,MF,33.0,ciCIV,Hellas Verona,Big5,20,1384,1,0,9,0,,,,13.09,4,,,19,,,,,,,15.4,16,jeandanielakpaakpro,,
Al-Musrati,MF,MF,30.0,lyLBY,Hellas Verona,Big5,17,811,0,1,6,1,,,,8.01,1,,,10,,,,,,,9.0,8,almusrati,,
Carlos Alcaraz,MF,MF,23.0,arARG,Everton,Big5,19,682,0,1,4,0,,,,19.075999999999997,5,,,2,,,,,,,7.6,6,carlosalcaraz,,
Alexandre Alemão,FW,FW,28.0,brBRA,Rayo Vallecano,Big5,23,1002,3,0,3,0,,,,21.977999999999998,10,,,1,,,,,,,11.1,10,alexandrealemao,,
Alfon,MF,MF,27.0,esESP,Villarreal,Big5,9,288,1,0,0,0,,,,5.984000000000001,3,,,2,,,,,,,3.2,3,alfon,,
Alfon,MF,MF,27.0,esESP,Sevilla,Big5,10,312,1,0,0,0,,,,11.094999999999999,7,,,1,,,,,,,3.5,4,alfon,,
Mohamed Ali Cho,"FW,MF",FW,22.0,frFRA,Nice,Big5,23,1622,4,3,1,0,,,,29.88,14,,,4,,,,,,,18.0,20,mohamedalicho,,
Alisson,GK,GK,33.0,brBRA,Liverpool,Big5,25,2250,0,0,1,0,,,,0.0,0,,,0,,,56.0,66.7,8.0,,25.0,25,alisson,,
Domingos André Ribeiro Almeida,MF,MF,25.0,ptPOR,Valencia,Big5,20,1008,0,1,0,0,,,,8.959999999999999,3,,,8,,,,,,,11.2,11,domingosandreribeiroalmeida,,
Ayoube Amaimouni Echghouyab,"MF,FW",MF,21.0,maMAR,Eintracht Frankfurt,Big5,17,586,2,3,1,0,,,,11.96,7,,,2,,,,,,,6.5,6,ayoubeamaimouniechghouyab,,
Mohamed Amine Sbai,"MF,FW",MF,25.0,frFRA,Angers,Big5,24,1728,2,1,3,1,,,,32.064,15,,,4,,,,,,,19.2,22,mohamedaminesbai,,
Michael Amir Murillo,"DF,MF",DF,30.0,paPAN,Marseille,Big5,16,989,2,1,4,0,,,,9.02,2,,,6,,,,,,,11.0,11,michaelamirmurillo,,
Nícolas Andrade,GK,GK,38.0,brBRA,Pisa,Big5,6,540,0,0,0,0,,,,0.0,0,,,0,,,12.0,46.2,0.0,,6.0,6,nicolasandrade,,
Miguel Ángel Rubio,DF,DF,28.0,esESP,Espanyol,Big5,12,206,1,0,0,0,,,,2.001,1,,,1,,,,,,,2.3,1,miguelangelrubio,,
Faustino Anjorin,MF,MF,24.0,engENG,Torino,Big5,15,289,0,0,1,0,,,,4.0,1,,,7,,,,,,,3.2,1,faustinoanjorin,,
Antoniu,MF,MF,23.0,esESP,Espanyol,Big5,11,229,0,0,1,0,,,,3.9250000000000003,0,,,2,,,,,,,2.5,2,antoniu,,
Youssef El-Arabi,FW,FW,39.0,maMAR,Nantes,Big5,25,941,3,0,0,0,,,,15.014999999999999,9,,,4,,,,,,,10.5,11,youssefelarabi,,
Dehmaine Assoumani,MF,MF,21.0,frFRA,Nantes,Big5,27,1276,1,0,5,0,,,,29.109999999999996,7,,,16,,,,,,,14.2,14,dehmaineassoumani,,
Otavio Ataide,DF,DF,24.0,brBRA,Paris FC,Big5,22,1818,1,0,6,1,,,,11.918,3,,,26,,,,,,,20.2,20,otavioataide,,
Tommaso Baldanzi,"FW,MF",FW,23.0,itITA,Roma,Big5,10,386,1,0,2,0,,,,11.008,4,,,3,,,,,,,4.3,3,tommasobaldanzi,,
Fodé Ballo-Touré,"DF,MF",DF,29.0,snSEN,Metz,Big5,13,836,0,0,2,0,,,,5.022000000000001,1,,,5,,,,,,,9.3,11,fodeballotoure,,
Kike Barja,MF,MF,29.0,esESP,Osasuna,Big5,25,410,2,2,3,0,,,,8.096,4,,,3,,,,,,,4.6,2,kikebarja,,
Altay Bayındır,GK,GK,28.0,trTUR,Manchester Utd,Big5,6,540,0,0,0,0,,,,0.0,0,,,0,,,13.0,54.2,0.0,,6.0,6,altaybayndr,,
Vakoun Bayo,FW,FW,29.0,ciCIV,Udinese,Big5,14,433,0,2,0,0,,,,12.96,2,,,0,,,,,,,4.8,4,vakounbayo,,
Hannes Behrens,"DF,MF",DF,21.0,deGER,Heidenheim,Big5,15,1228,1,2,0,0,,,,8.976,4,,,16,,,,,,,13.6,14,hannesbehrens,,
Armel Bella Kotchap,DF,DF,24.0,deGER,Hellas Verona,Big5,18,1314,0,0,3,0,,,,3.066,0,,,29,,,,,,,14.6,14,armelbellakotchap,,
Fran Beltrán,MF,MF,27.0,esESP,Celta Vigo,Big5,10,528,0,0,0,0,,,,6.018000000000001,1,,,8,,,,,,,5.9,7,franbeltran,,
Carlos Benavídez,DF,DF,28.0,uyURU,Alavés,Big5,11,262,0,0,2,1,,,,2.987,2,,,3,,,,,,,2.9,3,carlosbenavidez,,
Oscar Bobb,"MF,FW",MF,22.0,noNOR,Manchester City,Big5,9,468,0,1,1,0,,,,4.0040000000000004,0,,,3,,,,,,,5.2,5,oscarbobb,,
Morgan Bokelé Mputu,MF,MF,22.0,cmCMR,Metz,Big5,10,227,0,0,0,0,,,,2.9749999999999996,1,,,1,,,,,,,2.5,1,morganbokelemputu,,
Victor Boniface,FW,FW,25.0,ngNGA,Werder Bremen,Big5,11,333,0,2,1,0,,,,15.984000000000002,6,,,0,,,,,,,3.7,2,victorboniface,,
Rahim Bonkano,DF,DF,24.0,neNIG,Oviedo,Big5,25,1547,0,0,2,0,,,,2.924,0,,,26,,,,,,,17.2,16,rahimbonkano,,
Enzo Boyomo,DF,DF,24.0,cmCMR,Osasuna,Big5,28,2362,1,1,6,0,,,,7.859999999999999,3,,,14,,,,,,,26.2,27,enzoboyomo,,
Marco Brescianini,MF,MF,26.0,itITA,Atalanta,Big5,9,182,1,0,1,0,,,,2.96,2,,,2,,,,,,,2.0,0,marcobrescianini,,
Brugui,"MF,FW",MF,29.0,esESP,Levante,Big5,18,985,1,1,1,0,,,,25.942,9,,,4,,,,,,,10.9,10,brugui,,
Emi Buendía,MF,MF,29.0,arARG,Aston Villa,Big5,34,1581,6,2,6,0,,,,46.11200000000001,12,,,9,,,,,,,17.6,19,emibuendia,,
Dan Burn,DF,DF,34.0,engENG,Newcastle United,Big5,27,2100,1,2,11,1,,,,10.019,3,,,19,,,,,,,23.3,24,danburn,,
Marnon Busch,"DF,MF",DF,31.0,deGER,Heidenheim,Big5,28,1870,1,5,4,0,,,,12.064,3,,,33,,,,,,,20.8,19,marnonbusch,,
Igor Carioca,DF,DF,29.0,brBRA,Lorient,Big5,17,1213,1,0,1,0,,,,7.965,1,,,13,,,,,,,13.5,13,igorcarioca,,
Carmona,"DF,MF",DF,24.0,esESP,Sevilla,Big5,33,2406,1,3,13,0,,,,20.025,3,,,40,,,,,,,26.7,27,carmona,,
Dani Carvajal,DF,DF,34.0,esESP,Real Madrid,Big5,14,777,0,0,0,0,,,,4.9879999999999995,1,,,4,,,,,,,8.6,8,danicarvajal,,
Cristian Cásseres Jr.,MF,MF,26.0,veVEN,Toulouse,Big5,30,2495,2,3,6,0,,,,26.037999999999997,6,,,37,,,,,,,27.7,28,cristiancasseresjr,,
Castrin,DF,DF,23.0,esESP,Sevilla,Big5,18,1187,1,0,4,0,,,,10.032,2,,,20,,,,,,,13.2,12,castrin,,
Jonny Castro,DF,DF,32.0,esESP,Alavés,Big5,34,2994,0,0,7,0,,,,8.991,3,,,40,,,,,,,33.3,34,jonnycastro,,
Catena,DF,DF,31.0,esESP,Osasuna,Big5,33,2891,3,2,11,1,,,,18.939,4,,,32,,,,,,,32.1,33,catena,,
Julian Chabot,DF,DF,28.0,deGER,Stuttgart,Big5,26,2204,0,0,3,0,,,,18.13,7,,,40,,,,,,,24.5,25,julianchabot,,
Walid Cheddira,FW,FW,28.0,maMAR,Sassuolo,Big5,16,221,1,0,1,0,,,,8.149999999999999,2,,,0,,,,,,,2.5,1,walidcheddira,,
Chema,MF,MF,21.0,esESP,Stuttgart,Big5,24,1220,2,0,4,0,,,,12.104,4,,,27,,,,,,,13.6,13,chema,,
Copete,DF,DF,26.0,esESP,Valencia,Big5,21,1759,0,0,5,0,,,,13.065000000000001,0,,,25,,,,,,,19.5,19,copete,,
Samu Costa,MF,MF,25.0,ptPOR,Mallorca,Big5,32,2546,7,2,10,0,,,,37.073,15,,,25,,,,,,,28.3,29,samucosta,,
Abdoul Coulibaly,DF,DF,18.0,deGER,Werder Bremen,Big5,26,2030,1,0,5,1,,,,6.102000000000001,1,,,23,,,,,,,22.6,23,abdoulcoulibaly,,
Ben Cremaschi,MF,MF,21.0,usUSA,Parma,Big5,8,132,0,0,0,0,,,,1.02,0,,,0,,,,,,,1.5,2,bencremaschi,,
Juan Cruz Armada,DF,DF,33.0,esESP,Osasuna,Big5,15,649,0,0,2,0,,,,1.0080000000000002,0,,,4,,,,,,,7.2,7,juancruzarmada,,
Cucho,FW,FW,27.0,coCOL,Real Betis,Big5,31,2490,11,3,5,0,,,,85.03899999999999,25,,,11,,,,,,,27.7,29,cucho,,
Pablo Cuñat,GK,GK,24.0,esESP,Levante,Big5,2,180,0,0,0,0,,,,0.0,0,,,0,,,11.0,68.8,0.0,,2.0,2,pablocunat,,
Ameen Al-Dakhil,DF,DF,24.0,beBEL,Stuttgart,Big5,8,380,0,0,1,0,,,,1.008,0,,,5,,,,,,,4.2,3,ameenaldakhil,,
Muhammed Damar,"MF,FW",MF,22.0,deGER,Hoffenheim,Big5,15,277,0,0,0,0,,,,12.09,8,,,1,,,,,,,3.1,2,muhammeddamar,,
Damián,MF,MF,22.0,esESP,Getafe,Big5,1,90,0,0,0,0,,,,0.0,0,,,1,,,,,,,1.0,1,damian,,
Juan David Cabal,MF,MF,25.0,coCOL,Juventus,Big5,12,296,2,0,1,0,,,,5.016,2,,,4,,,,,,,3.3,2,juandavidcabal,,
Habib Diallo,FW,FW,30.0,snSEN,Metz,Big5,25,1909,4,1,0,0,,,,37.948,12,,,2,,,,,,,21.2,21,habibdiallo,,
Junior Diaz,DF,DF,22.0,ciCIV,Brest,Big5,20,1562,0,0,4,0,,,,6.96,1,,,25,,,,,,,17.4,17,juniordiaz,,
El Hadji Malick Diouf,"DF,MF",DF,21.0,snSEN,West Ham United,Big5,30,2527,0,5,5,0,,,,17.141000000000002,3,,,29,,,,,,,28.1,28,elhadjimalickdiouf,,
Harouna Djibrin,MF,MF,19.0,cmCMR,Angers,Big5,15,336,2,1,2,0,,,,6.9190000000000005,3,,,5,,,,,,,3.7,1,harounadjibrin,,
Benjamín Domínguez,MF,MF,22.0,arARG,Bologna,Big5,14,544,0,3,1,0,,,,11.94,2,,,2,,,,,,,6.0,6,benjamindominguez,,
Adam Dźwigała,DF,DF,30.0,plPOL,St Pauli,Big5,18,1212,1,1,5,0,,,,4.05,2,,,23,,,,,,,13.5,13,adamdzwigaa,,
Enzo Ebosse,DF,DF,27.0,cmCMR,Hellas Verona,Big5,4,214,0,0,1,0,,,,1.008,0,,,0,,,,,,,2.4,3,enzoebosse,,
Noah Edjouma,FW,FW,20.0,frFRA,Toulouse,Big5,12,256,0,0,0,0,,,,7.867999999999999,3,,,3,,,,,,,2.8,2,noahedjouma,,
Mikael Ellertsson,MF,MF,24.0,isISL,Genoa,Big5,34,2587,1,1,1,1,,,,25.83,6,,,14,,,,,,,28.7,29,mikaelellertsson,,
Elif Elmas,MF,MF,26.0,mkMKD,Napoli,Big5,31,1635,1,2,2,0,,,,23.114,8,,,6,,,,,,,18.2,18,elifelmas,,
Alfonso Espino,"DF,MF",DF,34.0,uyURU,Rayo Vallecano,Big5,27,1296,2,0,2,0,,,,18.0,8,,,15,,,,,,,14.4,13,alfonsoespino,,
Francesco Esposito,FW,FW,20.0,itITA,Inter,Big5,33,1454,6,3,1,0,,,,55.08,22,,,5,,,,,,,16.2,14,francescoesposito,,
Karl Etta Eyong,FW,FW,22.0,cmCMR,Villarreal,Big5,3,256,1,2,0,0,,,,6.888,3,,,0,,,,,,,2.8,3,karlettaeyong,,
Karl Etta Eyong,FW,FW,22.0,cmCMR,Levante,Big5,28,1410,6,2,3,0,,,,41.134,21,,,5,,,,,,,15.7,15,karlettaeyong,,
Abde Ezzalzouli,"MF,FW",MF,24.0,maMAR,Real Betis,Big5,27,2090,9,8,3,0,,,,70.992,24,,,15,,,,,,,23.2,24,abdeezzalzouli,Abde Ezzalzouli,40000000.0
Giovanni Fabbian,MF,MF,23.0,itITA,Bologna,Big5,14,705,2,0,0,0,,,,13.962,4,,,5,,,,,,,7.8,8,giovannifabbian,,
Kiko Femenía,"DF,MF",DF,35.0,esESP,Getafe,Big5,28,2008,1,1,6,0,,,,8.028,3,,,36,,,,,,,22.3,25,kikofemenia,,
Ezequiél Fernández,MF,MF,23.0,arARG,Leverkusen,Big5,20,984,0,1,4,1,,,,11.009,1,,,14,,,,,,,10.9,12,ezequielfernandez,,
Romano Floriani,MF,MF,23.0,itITA,Cremonese,Big5,26,1092,0,1,2,0,,,,4.960999999999999,1,,,6,,,,,,,12.1,12,romanofloriani,,
Przemysław Frankowski,"MF,DF",MF,31.0,plPOL,Rennes,Big5,19,1210,1,2,5,0,,,,8.978000000000002,3,,,9,,,,,,,13.4,15,przemysawfrankowski,,
Joel Fujita,MF,MF,24.0,jpJPN,St Pauli,Big5,31,2575,1,3,5,0,,,,30.03,7,,,32,,,,,,,28.6,30,joelfujita,,
Javi Galán,DF,DF,31.0,esESP,Atlético Madrid,Big5,5,134,0,0,0,0,,,,0.0,0,,,1,,,,,,,1.5,1,javigalan,,
Tyrique George,FW,FW,20.0,engENG,Chelsea,Big5,4,145,0,0,2,0,,,,2.9760000000000004,2,,,0,,,,,,,1.6,0,tyriquegeorge,,
Dimitris Giannoulis,MF,MF,30.0,grGRE,Augsburg,Big5,27,1888,2,5,8,0,,,,10.08,6,,,21,,,,,,,21.0,25,dimitrisgiannoulis,,
Giovane,"FW,MF",FW,22.0,brBRA,Hellas Verona,Big5,21,1533,3,4,2,0,,,,46.919999999999995,25,,,5,,,,,,,17.0,19,giovane,,
Giovane,"MF,FW",MF,22.0,brBRA,Napoli,Big5,12,338,0,1,0,0,,,,9.12,2,,,1,,,,,,,3.8,2,giovane,,
Joe Gomez,DF,DF,28.0,engENG,Liverpool,Big5,19,540,0,2,3,0,,,,3.0,1,,,8,,,,,,,6.0,6,joegomez,,
Rafael Gonçalves,"MF,DF",MF,21.0,ptPOR,Strasbourg,Big5,12,588,0,1,0,0,,,,5.005,3,,,4,,,,,,,6.5,6,rafaelgoncalves,,
Nicolás González,MF,MF,24.0,esESP,Manchester City,Big5,24,1479,1,0,6,0,,,,12.956,2,,,23,,,,,,,16.4,16,nicolasgonzalez,,
Álex Grimaldo,MF,MF,30.0,esESP,Leverkusen,Big5,28,2431,8,7,5,0,,,,58.05,20,,,18,,,,,,,27.0,28,alexgrimaldo,,
Albert Grønbaek,MF,MF,24.0,dkDEN,Hamburger SV,Big5,6,402,1,2,0,0,,,,6.03,4,,,11,,,,,,,4.5,5,albertgrnbaek,,
Albert Grønbaek,MF,MF,24.0,dkDEN,Genoa,Big5,4,103,0,0,1,0,,,,0.9570000000000001,1,,,0,,,,,,,1.1,1,albertgrnbaek,,
Marc Guéhi,DF,DF,25.0,engENG,Crystal Palace,Big5,20,1800,2,2,4,0,,,,15.0,4,,,24,,,,,,,20.0,20,marcguehi,Marc Guéhi,70000000.0
Evann Guessand,MF,MF,24.0,ciCIV,Aston Villa,Big5,13,588,0,1,0,0,,,,7.93,5,,,3,,,,,,,6.5,6,evannguessand,,
Albert Guðmundsson,"FW,MF",FW,28.0,isISL,Fiorentina,Big5,31,2148,5,4,3,1,,,,41.108,15,,,2,,,,,,,23.9,26,albertgumundsson,,
Hákon Haraldsson,MF,MF,23.0,isISL,Lille,Big5,31,2379,8,2,5,0,,,,48.839999999999996,17,,,12,,,,,,,26.4,28,hakonharaldsson,,
Hwang Hee-chan,"FW,MF",FW,30.0,krKOR,Wolves,Big5,24,1278,2,1,4,0,,,,17.04,6,,,8,,,,,,,14.2,16,hwangheechan,,
Yangel Herrera,MF,MF,28.0,veVEN,Girona,Big5,2,110,0,0,0,0,,,,0.9839999999999999,0,,,1,,,,,,,1.2,2,yangelherrera,,
Malthe Hojholt,MF,MF,25.0,dkDEN,Pisa,Big5,15,715,0,0,2,0,,,,3.95,2,,,7,,,,,,,7.9,8,malthehojholt,,
Emil Holm,DF,DF,26.0,seSWE,Bologna,Big5,11,655,1,4,3,1,,,,8.030000000000001,1,,,7,,,,,,,7.3,8,emilholm,,
Kwon Hyeokkyu,MF,MF,25.0,krKOR,Nantes,Big5,12,753,0,0,2,0,,,,3.024,0,,,6,,,,,,,8.4,9,kwonhyeokkyu,,
Hong Hyunseok,MF,MF,26.0,krKOR,Nantes,Big5,6,284,0,0,0,0,,,,4.064,2,,,2,,,,,,,3.2,3,honghyunseok,,
Pierre Højbjerg,MF,MF,30.0,dkDEN,Marseille,Big5,31,2631,3,4,3,0,,,,42.924,13,,,25,,,,,,,29.2,29,pierrehjbjerg,,
Iglesias,DF,DF,27.0,esESP,Getafe,Big5,35,3005,1,2,4,0,,,,25.049999999999997,5,,,28,,,,,,,33.4,34,iglesias,,
Igor,DF,DF,28.0,brBRA,West Ham United,Big5,4,105,0,0,0,0,,,,0.0,0,,,1,,,,,,,1.2,1,igor,,
Lee Jae-sung,"MF,FW",MF,33.0,krKOR,Mainz 05,Big5,27,2162,4,2,4,0,,,,30.0,9,,,23,,,,,,,24.0,26,leejaesung,,
Karl Jakob Hein,GK,GK,24.0,eeEST,Werder Bremen,Big5,2,180,0,0,0,0,,,,0.0,0,,,0,,,11.0,78.6,1.0,,2.0,2,karljakobhein,,
Castrop Jens,MF,MF,22.0,krKOR,Gladbach,Big5,26,1584,3,1,2,2,,,,29.92,12,,,17,,,,,,,17.6,20,castropjens,,
Oliver Jensen,MF,MF,24.0,dkDEN,Parma,Big5,32,1800,1,1,2,0,,,,14.0,3,,,17,,,,,,,20.0,19,oliverjensen,,
Jofre,MF,MF,24.0,esESP,Espanyol,Big5,25,859,1,0,1,0,,,,19.95,5,,,6,,,,,,,9.5,8,jofre,,
Þórir Jóhann Helgason,MF,MF,25.0,isISL,Lecce,Big5,8,147,0,0,0,0,,,,2.9440000000000004,2,,,3,,,,,,,1.6,1,orirjohannhelgason,,
Ísak Jóhannesson,MF,MF,23.0,isISL,Köln,Big5,30,1787,1,2,6,0,,,,12.934999999999999,4,,,8,,,,,,,19.9,21,isakjohannesson,,
John,GK,GK,30.0,brBRA,Nottingham Forest,Big5,5,437,0,0,1,0,,,,0.0,0,,,0,,,6.0,46.2,1.0,,4.9,5,john,,
Dennis Johnsen,"MF,FW",MF,28.0,noNOR,Cremonese,Big5,11,390,1,1,0,0,,,,4.944999999999999,2,,,0,,,,,,,4.3,5,dennisjohnsen,,
Brennan Johnson,"MF,FW",MF,24.0,wlsWAL,Tottenham Hotspur,Big5,16,610,2,0,2,0,,,,6.052,2,,,2,,,,,,,6.8,6,brennanjohnson,,
Abdulai Juma Bah,DF,DF,20.0,slSLE,Nice,Big5,26,1958,0,0,7,0,,,,6.976,2,,,30,,,,,,,21.8,22,abdulaijumabah,,
Eli Junior Kroupi,"MF,FW",MF,19.0,frFRA,Bournemouth,Big5,31,1525,12,0,5,0,,,,43.94,20,,,8,,,,,,,16.9,19,elijuniorkroupi,,
Luiz Lúcio Reis Júnior,GK,GK,25.0,brBRA,Villarreal,Big5,28,2520,0,0,3,0,,,,0.0,0,,,1,,,72.0,74.0,8.0,,28.0,28,luizlucioreisjunior,,
Hamed Junior Traorè,MF,MF,26.0,ciCIV,Marseille,Big5,13,619,2,1,1,0,,,,13.041,6,,,5,,,,,,,6.9,7,hamedjuniortraore,,
Filip Jørgensen,GK,GK,24.0,dkDEN,Chelsea,Big5,5,379,0,0,0,0,,,,0.0,0,,,1,,,8.0,61.5,0.0,,4.2,3,filipjrgensen,,
Arnaud Kalimuendo,FW,FW,24.0,frFRA,Nottingham Forest,Big5,9,96,0,0,0,0,,,,4.125,1,,,0,,,,,,,1.1,0,arnaudkalimuendo,,
Arnaud Kalimuendo,"FW,MF",FW,24.0,frFRA,Eintracht Frankfurt,Big5,18,1372,6,1,4,0,,,,29.944,16,,,3,,,,,,,15.2,16,arnaudkalimuendo,,
Justin-Noël Kalumba,"FW,MF",FW,21.0,frFRA,Angers,Big5,4,224,0,0,0,0,,,,1.0,0,,,1,,,,,,,2.5,3,justinnoelkalumba,,
Lee Kang-in,"MF,FW",MF,25.0,krKOR,Paris Saint-Germain,Big5,26,1486,3,4,3,0,,,,36.96,15,,,1,,,,,,,16.5,18,leekangin,,
Silas Katompa,FW,FW,27.0,cdCOD,Mainz 05,Big5,8,334,1,0,1,0,,,,7.992000000000001,7,,,0,,,,,,,3.7,4,silaskatompa,,
Thomas Keller,DF,DF,26.0,deGER,Heidenheim,Big5,4,188,0,0,1,0,,,,2.016,0,,,0,,,,,,,2.1,3,thomaskeller,,
Kialonda,DF,DF,28.0,aoANG,Lecce,Big5,22,1828,0,0,6,1,,,,8.932,1,,,19,,,,,,,20.3,21,kialonda,,
Kiké,FW,FW,36.0,esESP,Espanyol,Big5,35,1647,7,1,3,0,,,,58.011,26,,,4,,,,,,,18.3,16,kike,,
Semih Kılıçsoy,FW,FW,20.0,trTUR,Cagliari,Big5,22,975,4,0,1,0,,,,16.956000000000003,8,,,1,,,,,,,10.8,11,semihklcsoy,,
Enzo Koffi Vinette,DF,DF,20.0,frFRA,Le Havre,Big5,13,340,0,0,1,0,,,,4.028,2,,,9,,,,,,,3.8,3,enzokoffivinette,,
Manu Koné,MF,MF,24.0,frFRA,Roma,Big5,28,2437,2,3,2,0,,,,21.138,5,,,20,,,,,,,27.1,28,manukone,Manu Koné,50000000.0
Rémy Labeau Lascary,"MF,FW",MF,23.0,gpGLP,Brest,Big5,26,1173,5,1,2,0,,,,29.9,14,,,4,,,,,,,13.0,12,remylabeaulascary,,
Pierre Lees-Melou,MF,MF,32.0,frFRA,Brest,Big5,2,180,0,0,0,0,,,,4.0,0,,,0,,,,,,,2.0,2,pierreleesmelou,,
Youssef Lekhedim,"DF,MF",DF,20.0,esESP,Alavés,Big5,24,1290,0,1,6,0,,,,11.011000000000001,3,,,12,,,,,,,14.3,13,yousseflekhedim,,
Esteban Lepaul,FW,FW,26.0,frFRA,Angers,Big5,2,174,1,0,0,0,,,,2.945,1,,,0,,,,,,,1.9,2,estebanlepaul,,
Victor Lindelöf,"DF,MF",DF,31.0,seSWE,Aston Villa,Big5,15,831,0,1,0,0,,,,2.944,0,,,6,,,,,,,9.2,9,victorlindelof,,
Javier Llabrés,MF,MF,23.0,esESP,Mallorca,Big5,16,187,0,0,0,0,,,,5.061000000000001,2,,,0,,,,,,,2.1,1,javierllabres,,
Danny Loader,"MF,FW",MF,25.0,cmCMR,Auxerre,Big5,29,2446,3,3,8,0,,,,62.01599999999999,17,,,9,,,,,,,27.2,28,dannyloader,,
Lucas,"MF,DF",MF,25.0,brBRA,Burnley,Big5,18,1229,0,0,0,1,,,,11.097,1,,,15,,,,,,,13.7,13,lucas,,
Florentino Luís,MF,MF,26.0,ptPOR,Burnley,Big5,29,1938,0,2,6,0,,,,10.965,1,,,35,,,,,,,21.5,23,florentinoluis,,
José Luis Gayà,DF,DF,30.0,esESP,Valencia,Big5,31,2386,1,2,6,1,,,,12.985,3,,,22,,,,,,,26.5,30,joseluisgaya,,
Douglas Luiz,MF,MF,28.0,brBRA,Nottingham Forest,Big5,8,315,0,0,2,0,,,,5.005,1,,,7,,,,,,,3.5,5,douglasluiz,,
Kristoffer Lund,"DF,MF",DF,24.0,usUSA,Köln,Big5,32,2186,0,2,2,0,,,,19.926,3,,,28,,,,,,,24.3,25,kristofferlund,,
Sebastiano Luperto,DF,DF,29.0,itITA,Cagliari,Big5,19,1706,1,0,3,0,,,,7.03,3,,,19,,,,,,,19.0,19,sebastianoluperto,,
Babis Lykogiannis,DF,DF,32.0,grGRE,Bologna,Big5,10,627,0,1,3,0,,,,7.0,2,,,6,,,,,,,7.0,7,babislykogiannis,,
Mathias Løvik,MF,MF,22.0,noNOR,Parma,Big5,9,471,0,0,0,0,,,,2.964,0,,,7,,,,,,,5.2,5,mathiaslvik,,
Deiver Machado,MF,MF,32.0,coCOL,Lens,Big5,5,273,0,0,1,0,,,,5.9399999999999995,1,,,3,,,,,,,3.0,4,deivermachado,,
Gabriel Magalhães,DF,DF,28.0,brBRA,Arsenal,Big5,30,2616,3,4,4,0,,,,25.899,7,,,22,,,,,,,29.1,29,gabrielmagalhaes,,
Radosław Majecki,GK,GK,26.0,plPOL,Brest,Big5,10,864,0,0,0,1,,,,0.0,0,,,0,,,26.0,60.5,3.0,,9.6,10,radosawmajecki,,
Daniel Maldini,MF,MF,24.0,itITA,Atalanta,Big5,9,264,0,0,1,0,,,,7.917,2,,,0,,,,,,,2.9,3,danielmaldini,,
Youssef Maleh,MF,MF,27.0,maMAR,Lecce,Big5,9,460,0,0,2,0,,,,6.987,1,,,7,,,,,,,5.1,5,youssefmaleh,,
Ruslan Malinovskyi,MF,MF,33.0,uaUKR,Genoa,Big5,33,2145,6,3,10,0,,,,50.932,15,,,16,,,,,,,23.8,27,ruslanmalinovskyi,,
Pape Mamadou Sy,GK,GK,29.0,snSEN,Metz,Big5,8,706,0,0,0,0,,,,0.0,0,,,0,,,29.0,60.4,2.0,,7.8,8,papemamadousy,,
Reinildo Mandava,DF,DF,32.0,mzMOZ,Sunderland,Big5,23,1786,0,1,7,1,,,,3.9600000000000004,0,,,29,,,,,,,19.8,21,reinildomandava,,
Brad Mantsounga,DF,DF,18.0,cgCGO,Nice,Big5,1,90,0,0,0,0,,,,0.0,0,,,0,,,,,,,1.0,1,bradmantsounga,,
José María Giménez,DF,DF,31.0,uyURU,Atlético Madrid,Big5,16,1178,0,1,3,0,,,,12.969,3,,,15,,,,,,,13.1,13,josemariagimenez,,
Mariano,FW,FW,32.0,doDOM,Alavés,Big5,10,288,0,0,1,0,,,,5.984000000000001,3,,,0,,,,,,,3.2,3,mariano,,
Luca Marianucci,DF,DF,21.0,itITA,Napoli,Big5,2,119,0,1,0,0,,,,0.9880000000000001,0,,,1,,,,,,,1.3,1,lucamarianucci,,
João Mário Lopes,"DF,MF",DF,26.0,ptPOR,Bologna,Big5,9,645,1,0,1,0,,,,3.024,2,,,9,,,,,,,7.2,9,joaomariolopes,,
João Mário Lopes,MF,MF,26.0,ptPOR,Juventus,Big5,10,258,0,0,1,0,,,,3.045,0,,,3,,,,,,,2.9,2,joaomariolopes,,
Daniel Martinez,DF,DF,22.0,esESP,Atlético Madrid,Big5,1,90,0,0,0,0,,,,0.0,0,,,1,,,,,,,1.0,1,danielmartinez,,
Joaquín Martínez Gauna,"MF,DF",MF,22.0,esESP,Sevilla,Big5,19,1255,2,3,1,0,,,,15.012000000000002,7,,,6,,,,,,,13.9,12,joaquinmartinezgauna,,
Pape Matar Sarr,MF,MF,23.0,snSEN,Tottenham Hotspur,Big5,24,1357,2,3,2,0,,,,16.006,6,,,13,,,,,,,15.1,13,papematarsarr,,
Rudy Matondo,MF,MF,18.0,frFRA,Auxerre,Big5,16,614,0,0,3,0,,,,4.012,0,,,7,,,,,,,6.8,6,rudymatondo,,
Jean Mattéo Bahoya,"MF,FW",MF,21.0,frFRA,Eintracht Frankfurt,Big5,26,1315,3,4,2,0,,,,28.032,8,,,12,,,,,,,14.6,14,jeanmatteobahoya,,
Michel Mboula,"DF,MF",DF,23.0,gaGAB,Metz,Big5,13,740,0,0,2,0,,,,1.9679999999999997,1,,,15,,,,,,,8.2,10,michelmboula,,
Moustapha Mbow,DF,DF,26.0,snSEN,Paris FC,Big5,31,2717,0,1,5,0,,,,9.966000000000001,3,,,38,,,,,,,30.2,30,moustaphambow,,
Kader Meïté,FW,FW,18.0,frFRA,Rennes,Big5,17,535,3,2,0,0,,,,21.830000000000002,7,,,1,,,,,,,5.9,6,kadermeite,,
Kim Min-jae,DF,DF,29.0,krKOR,Bayern Munich,Big5,25,1602,1,1,1,0,,,,4.984000000000001,3,,,38,,,,,,,17.8,19,kimminjae,,
Lionel Mpasi,GK,GK,31.0,cdCOD,Le Havre,Big5,4,315,0,0,1,0,,,,0.0,0,,,0,,,15.0,88.2,1.0,,3.5,3,lionelmpasi,,
Ngal'Ayel Mukau,MF,MF,21.0,cdCOD,Lille,Big5,29,1489,1,0,3,0,,,,19.965,5,,,13,,,,,,,16.5,18,ngalayelmukau,,
Javier Muñoz,"MF,FW",MF,31.0,esESP,Getafe,Big5,17,551,0,0,0,0,,,,12.932,6,,,6,,,,,,,6.1,4,javiermunoz,,
Yunus Musah,MF,MF,23.0,usUSA,Milan,Big5,1,90,0,0,0,0,,,,0.0,0,,,0,,,,,,,1.0,1,yunusmusah,,
Junior Mwanga,MF,MF,23.0,frFRA,Nantes,Big5,15,1260,1,1,2,1,,,,8.96,3,,,8,,,,,,,14.0,15,juniormwanga,,
Obite N'Dicka,DF,DF,26.0,ciCIV,Roma,Big5,30,2644,3,0,5,0,,,,22.932,6,,,43,,,,,,,29.4,30,obitendicka,,
Konan N'dri,MF,MF,25.0,ciCIV,Lecce,Big5,25,512,2,0,3,0,,,,18.012,5,,,2,,,,,,,5.7,1,konanndri,,
Roberto Navarro,MF,MF,24.0,esESP,Athletic Club,Big5,30,1172,6,1,1,0,,,,20.02,10,,,7,,,,,,,13.0,9,robertonavarro,,
Quentin Ndjantou Mbitcha,MF,MF,18.0,frFRA,Paris Saint-Germain,Big5,10,360,1,1,1,0,,,,9.0,3,,,2,,,,,,,4.0,3,quentinndjantoumbitcha,,
Mikayil Ngor Faye,"MF,DF",MF,21.0,snSEN,Cremonese,Big5,8,254,0,0,1,0,,,,1.9879999999999998,0,,,5,,,,,,,2.8,2,mikayilngorfaye,,
Abdoulaye Niakhate Ndiaye,DF,DF,24.0,snSEN,Parma,Big5,10,750,0,0,5,1,,,,5.976,0,,,11,,,,,,,8.3,9,abdoulayeniakhatendiaye,,
Hans Nicolussi Caviglia,MF,MF,25.0,itITA,Fiorentina,Big5,11,585,0,1,4,0,,,,4.03,1,,,3,,,,,,,6.5,7,hansnicolussicaviglia,,
Oliver Nielsen,DF,DF,22.0,dkDEN,Lazio,Big5,24,1401,0,0,3,0,,,,6.084,2,,,13,,,,,,,15.6,12,olivernielsen,,
Eddie Nketiah,MF,MF,26.0,engENG,Crystal Palace,Big5,12,424,2,0,2,0,,,,14.946000000000002,6,,,2,,,,,,,4.7,2,eddienketiah,,
Ørjan Nyland,GK,GK,35.0,noNOR,Sevilla,Big5,4,360,0,0,1,0,,,,0.0,0,,,0,,,9.0,60.0,1.0,,4.0,4,rjannyland,,
M'Bala Nzola,FW,FW,29.0,aoANG,Pisa,Big5,16,1052,3,0,1,1,,,,28.08,7,,,1,,,,,,,11.7,11,mbalanzola,,
Matt O'Riley,MF,MF,25.0,dkDEN,Marseille,Big5,15,741,1,2,2,0,,,,6.969999999999999,3,,,6,,,,,,,8.2,6,mattoriley,,
Matt O'Riley,MF,MF,25.0,dkDEN,Brighton,Big5,6,204,1,0,0,0,,,,4.048,2,,,0,,,,,,,2.3,2,mattoriley,,
Noam Obougou Jacquet,FW,FW,20.0,frFRA,Le Havre,Big5,5,104,1,0,0,0,,,,4.152,3,,,1,,,,,,,1.2,0,noamobougoujacquet,,
Rafel Obrador,MF,MF,22.0,esESP,Torino,Big5,14,964,0,2,1,0,,,,5.992,1,,,11,,,,,,,10.7,12,rafelobrador,,
Ifechukwu Ogbus,DF,DF,20.0,chSUI,Freiburg,Big5,17,1158,0,0,1,0,,,,5.031000000000001,2,,,12,,,,,,,12.9,14,ifechukwuogbus,,
Olasagasti,MF,MF,25.0,esESP,Levante,Big5,31,1568,1,4,2,1,,,,24.881999999999998,8,,,13,,,,,,,17.4,16,olasagasti,,
Max Oyedele,"MF,DF",MF,21.0,plPOL,Strasbourg,Big5,8,446,1,0,3,0,,,,2.0,1,,,5,,,,,,,5.0,6,maxoyedele,,
Nico O’Reilly,"DF,MF",DF,21.0,engENG,Manchester City,Big5,33,2556,5,3,5,0,,,,38.908,14,,,20,,,,,,,28.4,28,nicooreilly,Nico O'Reilly,70000000.0
Isaac Palazón Camacho,"MF,FW",MF,31.0,esESP,Rayo Vallecano,Big5,31,2248,3,3,10,1,,,,52.0,15,,,3,,,,,,,25.0,27,isaacpalazoncamacho,,
Emerson Palmieri,"DF,MF",DF,31.0,itITA,Marseille,Big5,27,2024,0,3,3,0,,,,13.95,2,,,32,,,,,,,22.5,22,emersonpalmieri,,
Daniel Parejo,MF,MF,37.0,esESP,Villarreal,Big5,30,1308,0,0,3,0,,,,2.0300000000000002,0,,,14,,,,,,,14.5,15,danielparejo,,
Nicolás Paz,MF,MF,21.0,arARG,Como,Big5,35,2878,12,6,5,0,,,,120.96,48,,,27,,,,,,,32.0,33,nicolaspaz,,
Mads Pedersen,MF,MF,29.0,dkDEN,Augsburg,Big5,6,180,0,0,0,0,,,,2.0,0,,,1,,,,,,,2.0,1,madspedersen,,
Marcus Pedersen,"MF,DF",MF,25.0,noNOR,Torino,Big5,27,1990,1,2,3,0,,,,15.028000000000002,3,,,10,,,,,,,22.1,21,marcuspedersen,,
Zé Pedro Figueiredo,DF,DF,28.0,ptPOR,Cagliari,Big5,22,1637,0,1,5,0,,,,4.914,0,,,20,,,,,,,18.2,19,zepedrofigueiredo,,
Faris Pemi Moumbagna,FW,FW,25.0,cmCMR,Cremonese,Big5,5,93,0,0,0,0,,,,1.94,0,,,0,,,,,,,1.0,0,farispemimoumbagna,,
Peque,"MF,FW",MF,23.0,esESP,Sevilla,Big5,25,919,2,1,7,0,,,,13.974,6,,,1,,,,,,,10.2,11,peque,,
Everton Pereira,MF,MF,19.0,frFRA,Nice,Big5,3,135,0,0,0,0,,,,1.995,0,,,3,,,,,,,1.5,2,evertonpereira,,
Francisco Perez,"MF,FW",MF,23.0,esESP,Rayo Vallecano,Big5,27,1160,2,1,4,0,,,,15.996,8,,,2,,,,,,,12.9,11,franciscoperez,,
Đorđe Petrović,GK,GK,26.0,rsSRB,Bournemouth,Big5,36,3240,0,0,3,0,,,,0.0,0,,,0,,,103.0,69.1,11.0,,36.0,36,orepetrovic,,
Thiago Pinar,MF,MF,18.0,esESP,Real Madrid,Big5,8,433,0,0,1,0,,,,2.976,1,,,4,,,,,,,4.8,6,thiagopinar,,
Matteo Prati,MF,MF,22.0,itITA,Cagliari,Big5,20,1268,1,0,4,0,,,,19.035,1,,,15,,,,,,,14.1,15,matteoprati,,
Grant Ranos,FW,FW,22.0,amARM,Gladbach,Big5,8,119,1,0,1,0,,,,3.939,2,,,1,,,,,,,1.3,0,grantranos,,
Lilian Raolisoa,"MF,DF",MF,25.0,frFRA,Angers,Big5,31,1876,2,4,3,0,,,,16.016000000000002,5,,,13,,,,,,,20.8,20,lilianraolisoa,,
Raúl,FW,FW,25.0,esESP,Osasuna,Big5,34,918,7,1,2,1,,,,33.048,21,,,7,,,,,,,10.2,5,raul,,
Abde Rebbach,"MF,DF",MF,27.0,dzALG,Alavés,Big5,28,1361,1,3,7,0,,,,32.918,11,,,16,,,,,,,15.1,13,abderebbach,,
Gio Reyna,MF,MF,23.0,usUSA,Gladbach,Big5,18,496,1,0,1,0,,,,6.985,2,,,4,,,,,,,5.5,4,gioreyna,,
Zaid Romero,DF,DF,26.0,arARG,Getafe,Big5,13,1169,1,0,5,1,,,,8.969999999999999,1,,,28,,,,,,,13.0,13,zaidromero,,
Salomón Rondón,FW,FW,36.0,veVEN,Oviedo,Big5,16,1032,2,0,2,0,,,,24.034999999999997,5,,,1,,,,,,,11.5,13,salomonrondon,,
Rubén,"DF,MF",DF,25.0,esESP,Espanyol,Big5,19,719,0,1,2,0,,,,8.0,1,,,9,,,,,,,8.0,7,ruben,,
Daniele Rugani,DF,DF,31.0,itITA,Juventus,Big5,6,250,0,0,0,0,,,,0.0,0,,,5,,,,,,,2.8,3,danielerugani,,
Fabián Ruiz Peña,MF,MF,30.0,esESP,Paris Saint-Germain,Big5,19,1041,1,3,2,0,,,,18.096,4,,,13,,,,,,,11.6,12,fabianruizpena,,
Alexander Røssing-Lelesiit,"FW,MF",FW,19.0,noNOR,Hamburger SV,Big5,11,321,0,1,3,1,,,,2.0160000000000005,2,,,1,,,,,,,3.6,5,alexanderrssinglelesiit,,
Matvei Safonov,GK,GK,27.0,ruRUS,Paris Saint-Germain,Big5,14,1260,0,0,0,0,,,,0.0,0,,,0,,,33.0,72.7,8.0,,14.0,14,matveisafonov,,
Mama Samba Baldé,"FW,MF",FW,30.0,gwGNB,Brest,Big5,18,716,2,2,0,0,,,,31.2,5,,,5,,,,,,,8.0,8,mamasambabalde,,
Manu Sánchez,DF,DF,25.0,esESP,Levante,Big5,31,2634,1,2,8,0,,,,12.892000000000001,4,,,34,,,,,,,29.3,29,manusanchez,,
Kauã Santos,GK,GK,23.0,brBRA,Eintracht Frankfurt,Big5,13,1084,0,0,0,0,,,,0.0,0,,,0,,,37.0,54.4,2.0,,12.0,13,kauasantos,,
Sávio,MF,MF,22.0,brBRA,Manchester City,Big5,22,708,1,1,2,0,,,,17.064000000000004,11,,,5,,,,,,,7.9,6,savio,,
Joe Scally,"MF,DF",MF,23.0,usUSA,Gladbach,Big5,31,2518,2,3,8,0,,,,15.959999999999999,10,,,18,,,,,,,28.0,28,joescally,,
Antoine Semenyo,MF,MF,26.0,ghGHA,Bournemouth,Big5,20,1798,10,3,6,0,,,,49.0,27,,,6,,,,,,,20.0,20,antoinesemenyo,Antoine Semenyo,80000000.0
Nicolás Serrano,MF,MF,23.0,esESP,Athletic Club,Big5,15,357,1,0,0,0,,,,15.12,3,,,2,,,,,,,4.0,4,nicolasserrano,,
Mathys Silestrie,GK,GK,20.0,frFRA,Rennes,Big5,1,90,0,0,0,0,,,,0.0,0,,,0,,,0.0,0.0,0.0,,1.0,1,mathyssilestrie,,
Caio Henrique Oliveira Silva,"DF,MF",DF,28.0,brBRA,Monaco,Big5,22,1536,0,2,2,0,,,,2.052,0,,,12,,,,,,,17.1,17,caiohenriqueoliveirasilva,,
Leo Skiri Østigård,DF,DF,26.0,noNOR,Genoa,Big5,30,2622,5,1,7,0,,,,22.116,12,,,30,,,,,,,29.1,30,leoskiristigard,,
Łukasz Skorupski,GK,GK,35.0,plPOL,Bologna,Big5,17,1412,0,0,1,1,,,,0.0,0,,,0,,,30.0,69.8,7.0,,15.7,17,ukaszskorupski,,
Simon Sohm,MF,MF,25.0,chSUI,Fiorentina,Big5,16,708,0,1,2,0,,,,5.056,0,,,6,,,,,,,7.9,9,simonsohm,,
Vinicius Souza,MF,MF,26.0,brBRA,Wolfsburg,Big5,23,1674,0,0,4,0,,,,7.0680000000000005,2,,,23,,,,,,,18.6,21,viniciussouza,,
Orri Steinn Óskarsson,FW,FW,21.0,isISL,Real Sociedad,Big5,18,681,7,0,5,0,,,,20.064,14,,,1,,,,,,,7.6,6,orristeinnoskarsson,,
Jørgen Strand Larsen,FW,FW,26.0,noNOR,Wolves,Big5,22,1404,1,1,2,0,,,,21.060000000000002,7,,,3,,,,,,,15.6,14,jrgenstrandlarsen,Jørgen Strand Larsen,40000000.0
Musa Al-Taamari,"MF,FW",MF,28.0,joJOR,Rennes,Big5,32,2146,6,6,4,0,,,,58.78600000000001,22,,,11,,,,,,,23.8,24,musaaltaamari,,
Morten Thorsby,MF,MF,30.0,noNOR,Genoa,Big5,13,731,2,1,2,0,,,,9.963,4,,,3,,,,,,,8.1,8,mortenthorsby,,
Khéphren Thuram,MF,MF,25.0,frFRA,Juventus,Big5,33,2351,3,2,2,0,,,,48.02400000000001,15,,,12,,,,,,,26.1,29,khephrenthuram,,
Cheikh Tidiane Sabaly,"MF,FW",MF,27.0,snSEN,Metz,Big5,14,967,0,2,2,0,,,,7.917999999999999,4,,,3,,,,,,,10.7,12,cheikhtidianesabaly,,
Adama Traoré,MF,MF,30.0,esESP,Fulham,Big5,15,274,0,0,0,0,,,,4.92,1,,,0,,,,,,,3.0,1,adamatraore,,
Kostas Tsimikas,MF,MF,30.0,grGRE,Roma,Big5,18,644,0,0,1,0,,,,7.056,0,,,8,,,,,,,7.2,6,kostastsimikas,,
Heorhii Tsitaishvili,"MF,DF",MF,25.0,geGEO,Metz,Big5,33,2449,3,2,3,0,,,,31.007999999999996,8,,,14,,,,,,,27.2,28,heorhiitsitaishvili,,
Viktor Tsyhankov,MF,MF,28.0,uaUKR,Girona,Big5,29,2371,6,5,3,0,,,,41.028000000000006,17,,,20,,,,,,,26.3,28,viktortsyhankov,,
Hákon Valdimarsson,GK,GK,24.0,isISL,Brentford,Big5,1,90,0,0,0,0,,,,0.0,0,,,0,,,1.0,25.0,0.0,,1.0,1,hakonvaldimarsson,,
José Luis García Vayá,"MF,DF",MF,27.0,esESP,Valencia,Big5,28,2058,2,0,4,0,,,,23.128999999999998,3,,,19,,,,,,,22.9,24,joseluisgarciavaya,,
Unai Vencedor Paris,MF,MF,25.0,esESP,Levante,Big5,16,812,0,0,3,1,,,,0.0,0,,,4,,,,,,,9.0,11,unaivencedorparis,,
Luca Waldschmidt,"FW,MF",FW,29.0,deGER,Köln,Big5,24,677,5,4,1,0,,,,25.95,13,,,4,,,,,,,7.5,7,lucawaldschmidt,,
James Ward-Prowse,MF,MF,31.0,engENG,West Ham United,Big5,5,413,0,0,0,0,,,,2.024,0,,,6,,,,,,,4.6,5,jameswardprowse,,
Max Weiß,GK,GK,21.0,deGER,Burnley,Big5,1,90,0,0,0,0,,,,0.0,0,,,0,,,5.0,71.4,0.0,,1.0,1,maxwei,,
Estêvão Willian,MF,MF,19.0,brBRA,Chelsea,Big5,22,848,2,2,4,0,,,,27.918000000000003,8,,,4,,,,,,,9.4,12,estevaowillian,,
Joe Willock,MF,MF,26.0,engENG,Newcastle United,Big5,22,855,0,1,3,0,,,,13.965,5,,,5,,,,,,,9.5,9,joewillock,,
Jeong Woo-yeong,"MF,FW",MF,26.0,krKOR,Union Berlin,Big5,27,1171,3,1,0,0,,,,20.93,7,,,8,,,,,,,13.0,13,jeongwooyeong,,
Kenan Yıldız,"MF,FW",MF,21.0,trTUR,Juventus,Big5,35,2736,10,6,2,0,,,,93.024,38,,,7,,,,,,,30.4,32,kenanyldz,Kenan Yıldız,75000000.0
Ali Yousuf,DF,DF,24.0,lyLBY,Nantes,Big5,13,969,0,0,4,0,,,,6.048000000000001,1,,,18,,,,,,,10.8,10,aliyousuf,,
Illia Zabarnyi,DF,DF,23.0,uaUKR,Paris Saint-Germain,Big5,27,2297,1,0,6,0,,,,4.08,3,,,18,,,,,,,25.5,25,illiazabarnyi,,
Andre-Frank Zambo Anguissa,MF,MF,30.0,cmCMR,Napoli,Big5,18,1258,4,1,1,0,,,,23.099999999999998,9,,,13,,,,,,,14.0,14,andrefrankzamboanguissa,,
Jan Ziółkowski,DF,DF,20.0,plPOL,Roma,Big5,16,483,0,0,2,0,,,,0.0,0,,,7,,,,,,,5.4,5,janziokowski,,
Milan Đurić,FW,FW,35.0,baBIH,Cremonese,Big5,10,383,0,1,1,0,,,,10.105,5,,,0,,,,,,,4.3,3,milanuric,,
Luciano Acosta,MF,MF,31.0,arARG,Fluminense,Brasileirao,11,758,3,3,3,0,,,,18.983999999999998,7,,,5,,,,,,,8.4,11,lucianoacosta,,
Artur,FW,FW,28.0,brBRA,Botafogo (RJ),Brasileirao,4,192,1,0,0,0,,,,4.914,4,,,0,,,,,,,2.1,1,artur,,
José Luis Rodríguez Bebanz,"DF,MF",DF,29.0,uyURU,Vasco da Gama,Brasileirao,10,692,2,4,2,0,,,,20.02,7,,,7,,,,,,,7.7,6,joseluisrodriguezbebanz,,
Marllon Borges,DF,DF,34.0,brBRA,Remo,Brasileirao,15,1350,1,0,2,0,,,,4.050000000000001,1,,,19,,,,,,,15.0,15,marllonborges,,
Breno,MF,MF,21.0,brBRA,Corinthians,Brasileirao,13,887,2,0,1,0,,,,5.049,2,,,3,,,,,,,9.9,12,breno,,
Breno,"MF,FW",MF,30.0,brBRA,Coritiba,Brasileirao,12,704,5,1,3,0,,,,11.934,7,,,1,,,,,,,7.8,9,breno,,
Kaiki Bruno,DF,DF,23.0,brBRA,Cruzeiro,Brasileirao,13,1146,0,2,1,1,,,,10.033,3,,,17,,,,,,,12.7,13,kaikibruno,,
Juan Camilo Portilla,MF,MF,27.0,coCOL,Athletico Paranaense,Brasileirao,15,794,0,0,3,0,,,,5.984000000000001,1,,,10,,,,,,,8.8,11,juancamiloportilla,,
Jean Carlos Vicente,MF,MF,34.0,brBRA,Chapecoense,Brasileirao,14,607,2,2,2,0,,,,15.879000000000001,6,,,5,,,,,,,6.7,4,jeancarlosvicente,,
Caue,DF,DF,19.0,brBRA,RB Bragantino,Brasileirao,3,179,0,0,1,0,,,,2.02,0,,,6,,,,,,,2.0,2,caue,,
Murilo Cerqueira,DF,DF,29.0,brBRA,Palmeiras,Brasileirao,12,1036,1,1,2,1,,,,7.015,2,,,9,,,,,,,11.5,12,murilocerqueira,,
Francisco da Costa,FW,FW,31.0,brBRA,Cruzeiro,Brasileirao,6,189,0,1,0,0,,,,4.998,2,,,0,,,,,,,2.1,1,franciscodacosta,,
Leonardo Derik,"MF,DF",MF,20.0,brBRA,Athletico Paranaense,Brasileirao,9,478,0,0,0,0,,,,2.968,1,,,7,,,,,,,5.3,3,leonardoderik,,
Eduardo Doma,DF,DF,27.0,brBRA,Chapecoense,Brasileirao,13,1169,1,0,3,1,,,,11.049999999999999,3,,,14,,,,,,,13.0,13,eduardodoma,,
Dória,DF,DF,31.0,brBRA,São Paulo,Brasileirao,3,138,0,0,0,0,,,,0.0,0,,,3,,,,,,,1.5,1,doria,,
Thiago dos Santos,MF,MF,36.0,brBRA,Coritiba,Brasileirao,8,224,0,0,3,0,,,,0.0,0,,,2,,,,,,,2.5,2,thiagodossantos,,
Emerson,DF,DF,27.0,brBRA,Flamengo,Brasileirao,6,395,0,1,0,0,,,,1.0120000000000002,0,,,5,,,,,,,4.4,5,emerson,,
Leandro Emmanuel Martínez,MF,MF,31.0,arARG,Vitória,Brasileirao,11,867,0,0,4,0,,,,4.992,0,,,10,,,,,,,9.6,10,leandroemmanuelmartinez,,
Evertton,MF,MF,23.0,brBRA,Flamengo,Brasileirao,11,711,0,1,3,1,,,,13.983,0,,,7,,,,,,,7.9,9,evertton,,
Juan Felipe Aguirre,DF,DF,29.0,coCOL,Athletico Paranaense,Brasileirao,11,890,1,0,1,0,,,,6.039,4,,,11,,,,,,,9.9,10,juanfelipeaguirre,,
Juan Freytes,DF,DF,26.0,arARG,Fluminense,Brasileirao,13,1170,0,0,2,0,,,,11.049999999999999,2,,,9,,,,,,,13.0,13,juanfreytes,,
Nuno Gonçalo Moreira,"MF,FW",MF,26.0,ptPOR,Vasco da Gama,Brasileirao,13,665,1,1,1,0,,,,13.024000000000001,3,,,5,,,,,,,7.4,9,nunogoncalomoreira,,
Jajá,"MF,FW",MF,27.0,brBRA,Remo,Brasileirao,12,762,2,1,1,0,,,,21.08,9,,,3,,,,,,,8.5,8,jaja,,
Caíque de Jesus Gonçalves,"MF,DF",MF,30.0,brBRA,Vitória,Brasileirao,12,957,0,0,1,0,,,,2.014,1,,,10,,,,,,,10.6,12,caiquedejesusgoncalves,,
Jonathan,DF,DF,21.0,brBRA,Cruzeiro,Brasileirao,7,528,0,0,0,0,,,,2.0060000000000002,0,,,14,,,,,,,5.9,6,jonathan,,
Kauê,GK,GK,22.0,brBRA,Corinthians,Brasileirao,2,180,0,0,1,0,,,,0.0,0,,,0,,,14.0,82.4,1.0,,2.0,2,kaue,,
Renato Kayser,FW,FW,30.0,brBRA,Vitória,Brasileirao,10,603,3,1,3,0,,,,14.003,6,,,4,,,,,,,6.7,10,renatokayser,,
Luighi,FW,FW,20.0,brBRA,Palmeiras,Brasileirao,6,109,0,0,2,0,,,,1.9799999999999998,0,,,0,,,,,,,1.2,0,luighi,,
Wallisson Luiz,MF,MF,28.0,brBRA,Coritiba,Brasileirao,9,397,0,0,3,0,,,,2.9920000000000004,0,,,13,,,,,,,4.4,4,wallissonluiz,,
Marcelinho,MF,MF,21.0,brBRA,RB Bragantino,Brasileirao,3,173,0,1,0,0,,,,3.952,1,,,0,,,,,,,1.9,1,marcelinho,,
Igor Marques,"DF,MF",DF,27.0,brBRA,Mirassol,Brasileirao,14,1109,3,0,1,0,,,,15.006,5,,,20,,,,,,,12.3,13,igormarques,,
Andre Martins,MF,MF,24.0,brBRA,Grêmio,Brasileirao,4,96,0,0,2,0,,,,5.159000000000001,2,,,0,,,,,,,1.1,0,andremartins,,
Gustavo Martins Santos,DF,DF,23.0,brBRA,Grêmio,Brasileirao,11,894,0,2,3,0,,,,9.009,1,,,13,,,,,,,9.9,9,gustavomartinssantos,,
Matheusinho,"FW,MF",FW,28.0,brBRA,Vitória,Brasileirao,13,779,2,1,3,0,,,,16.095,8,,,6,,,,,,,8.7,11,matheusinho,,
Matheusinho,"FW,MF",FW,28.0,brBRA,Vitória,Brasileirao,13,779,2,1,3,0,,,,11.571,0,,,6,,,,,,,8.7,11,matheusinho,,
Matheusinho,"FW,MF",FW,28.0,brBRA,Vitória,Brasileirao,13,779,2,1,3,0,,,,16.095,8,,,2,,,,,,,8.7,11,matheusinho,,
Matheusinho,"FW,MF",FW,28.0,brBRA,Vitória,Brasileirao,13,779,2,1,3,0,,,,11.571,0,,,2,,,,,,,8.7,11,matheusinho,,
Matheusinho,"FW,MF",FW,28.0,brBRA,Vitória,Brasileirao,13,779,2,1,3,0,,,,16.095,8,,,6,,,,,,,8.7,11,matheusinho,,
Matheusinho,"FW,MF",FW,28.0,brBRA,Vitória,Brasileirao,13,779,2,1,3,0,,,,11.571,0,,,6,,,,,,,8.7,11,matheusinho,,
Matheusinho,"FW,MF",FW,28.0,brBRA,Vitória,Brasileirao,13,779,2,1,3,0,,,,16.095,8,,,2,,,,,,,8.7,11,matheusinho,,
Matheusinho,"FW,MF",FW,28.0,brBRA,Vitória,Brasileirao,13,779,2,1,3,0,,,,11.571,0,,,2,,,,,,,8.7,11,matheusinho,,
Matheusinho,DF,DF,27.0,brBRA,Vitória,Brasileirao,2,135,0,0,0,0,,,,2.7750000000000004,8,,,6,,,,,,,1.5,1,matheusinho,,
Matheusinho,DF,DF,27.0,brBRA,Vitória,Brasileirao,2,135,0,0,0,0,,,,1.995,0,,,6,,,,,,,1.5,1,matheusinho,,
Matheusinho,DF,DF,27.0,brBRA,Vitória,Brasileirao,2,135,0,0,0,0,,,,2.7750000000000004,8,,,2,,,,,,,1.5,1,matheusinho,,
Matheusinho,DF,DF,27.0,brBRA,Vitória,Brasileirao,2,135,0,0,0,0,,,,1.995,0,,,2,,,,,,,1.5,1,matheusinho,,
Matheusinho,DF,DF,27.0,brBRA,Vitória,Brasileirao,2,135,0,0,0,0,,,,2.7750000000000004,8,,,6,,,,,,,1.5,1,matheusinho,,
Matheusinho,DF,DF,27.0,brBRA,Vitória,Brasileirao,2,135,0,0,0,0,,,,1.995,0,,,6,,,,,,,1.5,1,matheusinho,,
Matheusinho,DF,DF,27.0,brBRA,Vitória,Brasileirao,2,135,0,0,0,0,,,,2.7750000000000004,8,,,2,,,,,,,1.5,1,matheusinho,,
Matheusinho,DF,DF,27.0,brBRA,Vitória,Brasileirao,2,135,0,0,0,0,,,,1.995,0,,,2,,,,,,,1.5,1,matheusinho,,
Mauricio,MF,MF,24.0,pyPAR,Palmeiras,Brasileirao,13,848,1,1,1,0,,,,19.928,6,,,7,,,,,,,9.4,11,mauricio,,
Arthur Melo,MF,MF,29.0,brBRA,Grêmio,Brasileirao,8,672,0,0,1,0,,,,3.0,0,,,8,,,,,,,7.5,7,arthurmelo,,
Memphis,FW,FW,32.0,nlNED,Corinthians,Brasileirao,7,432,1,0,0,0,,,,6.0,2,,,0,,,,,,,4.8,6,memphis,,
Vinicius Mendonça,"MF,FW",MF,22.0,brBRA,RB Bragantino,Brasileirao,8,288,0,1,0,0,,,,1.984,1,,,0,,,,,,,3.2,3,viniciusmendonca,,
Stiven Mendoza,MF,MF,33.0,coCOL,Athletico Paranaense,Brasileirao,15,1203,4,0,0,0,,,,18.090000000000003,8,,,7,,,,,,,13.4,15,stivenmendoza,,
Bruno Nascimento,MF,MF,29.0,brBRA,Cruzeiro,Brasileirao,7,175,0,1,0,0,,,,1.9569999999999999,1,,,0,,,,,,,1.9,1,brunonascimento,,
José Vitor Silva Neves,MF,MF,26.0,brBRA,Vitória,Brasileirao,7,417,1,0,2,0,,,,6.946,3,,,3,,,,,,,4.6,4,josevitorsilvaneves,,
Cauly Oliveira Souza,"MF,FW",MF,30.0,brBRA,São Paulo,Brasileirao,11,500,1,0,0,0,,,,7.055999999999999,3,,,4,,,,,,,5.6,6,caulyoliveirasouza,,
Léo Pelé,DF,DF,30.0,brBRA,Athletico Paranaense,Brasileirao,2,101,0,0,0,0,,,,0.0,0,,,2,,,,,,,1.1,1,leopele,,
Luan Peres Petroni,DF,DF,31.0,brBRA,Santos,Brasileirao,13,1061,0,0,4,1,,,,2.95,0,,,9,,,,,,,11.8,12,luanperespetroni,,
Josué Pesqueira,MF,MF,35.0,ptPOR,Coritiba,Brasileirao,14,1025,0,5,1,1,,,,6.954,1,,,3,,,,,,,11.4,13,josuepesqueira,,
Rafael Pires,GK,GK,36.0,brBRA,São Paulo,Brasileirao,15,1350,0,0,0,0,,,,0.0,0,,,1,,,41.0,73.2,4.0,,15.0,15,rafaelpires,,
Santi Ramos Mingo,DF,DF,24.0,arARG,Bahia,Brasileirao,14,1260,0,0,3,0,,,,2.94,1,,,18,,,,,,,14.0,14,santiramosmingo,,
Renan,FW,FW,26.0,brBRA,Athletico Paranaense,Brasileirao,6,92,0,0,0,0,,,,2.93,0,,,0,,,,,,,1.0,1,renan,,
Charles Rigon Matos,MF,MF,29.0,brBRA,Corinthians,Brasileirao,4,193,0,0,0,0,,,,0.0,0,,,2,,,,,,,2.1,3,charlesrigonmatos,,
Pedro Rocha Neves,FW,FW,31.0,brBRA,Coritiba,Brasileirao,15,1208,4,0,1,0,,,,30.016000000000005,10,,,3,,,,,,,13.4,15,pedrorochaneves,,
Rodrigo,MF,MF,22.0,brBRA,RB Bragantino,Brasileirao,7,239,1,0,2,0,,,,3.0509999999999997,1,,,2,,,,,,,2.7,2,rodrigo,,
Ruan,DF,DF,26.0,brBRA,Atlético Mineiro,Brasileirao,13,1149,1,0,5,0,,,,3.968,2,,,12,,,,,,,12.8,13,ruan,,
José Sabino,DF,DF,29.0,brBRA,São Paulo,Brasileirao,13,1125,1,0,1,0,,,,5.0,2,,,11,,,,,,,12.5,13,josesabino,,
Ademir Santos,"FW,MF",FW,31.0,brBRA,Bahia,Brasileirao,14,420,0,0,0,0,,,,11.092,5,,,2,,,,,,,4.7,3,ademirsantos,,
Cleiton Schwengber,GK,GK,28.0,brBRA,RB Bragantino,Brasileirao,7,630,0,0,1,0,,,,0.0,0,,,0,,,17.0,70.8,2.0,,7.0,7,cleitonschwengber,,
João Pedro Sousa Silva,FW,FW,29.0,gwGNB,Remo,Brasileirao,6,298,1,0,2,0,,,,6.962999999999999,2,,,0,,,,,,,3.3,5,joaopedrosousasilva,,
Matheus Pereira da Silva,MF,MF,28.0,brBRA,Corinthians,Brasileirao,10,451,0,0,1,0,,,,8.0,1,,,3,,,,,,,5.0,5,matheuspereiradasilva,,
Everton Soares,MF,MF,30.0,brBRA,Flamengo,Brasileirao,7,318,1,1,2,0,,,,9.905000000000001,2,,,1,,,,,,,3.5,4,evertonsoares,,
Renê Sousa,FW,FW,22.0,brBRA,Vitória,Brasileirao,7,435,3,1,1,0,,,,13.92,7,,,3,,,,,,,4.8,3,renesousa,,
Igor Vinícius de Souza,DF,DF,29.0,brBRA,Santos,Brasileirao,11,990,0,1,3,0,,,,2.97,2,,,11,,,,,,,11.0,11,igorviniciusdesouza,,
Raul Steffens,GK,GK,28.0,brBRA,Botafogo (RJ),Brasileirao,7,630,0,0,1,0,,,,0.0,0,,,0,,,26.0,63.4,0.0,,7.0,7,raulsteffens,,
Everaldo Stum,FW,FW,34.0,brBRA,Bahia,Brasileirao,11,537,3,0,2,0,,,,15.059999999999999,6,,,4,,,,,,,6.0,4,everaldostum,,
Rubens Tadeu,MF,MF,23.0,brBRA,Chapecoense,Brasileirao,5,140,1,0,1,0,,,,4.112,1,,,1,,,,,,,1.6,0,rubenstadeu,,
Guilherme Tinga,DF,DF,32.0,brBRA,Coritiba,Brasileirao,11,862,0,2,0,0,,,,4.032,2,,,14,,,,,,,9.6,10,guilhermetinga,,
Félix Torres Caicedo,DF,DF,29.0,ecECU,Internacional,Brasileirao,12,950,1,0,3,0,,,,9.01,2,,,21,,,,,,,10.6,10,felixtorrescaicedo,,
Alix Vinicius,DF,DF,26.0,brBRA,RB Bragantino,Brasileirao,12,966,0,0,6,1,,,,2.996,1,,,19,,,,,,,10.7,11,alixvinicius,,
Wagner,DF,DF,26.0,brBRA,Grêmio,Brasileirao,6,496,0,0,2,1,,,,1.98,0,,,6,,,,,,,5.5,6,wagner,,
José Welison,MF,MF,31.0,brBRA,Remo,Brasileirao,12,623,0,0,3,0,,,,8.97,0,,,12,,,,,,,6.9,6,josewelison,,
Willian,MF,MF,32.0,brBRA,Coritiba,Brasileirao,8,431,0,0,0,0,,,,4.992,0,,,10,,,,,,,4.8,5,willian,,
Yuri,MF,MF,32.0,brBRA,Mirassol,Brasileirao,6,323,0,0,0,1,,,,1.0080000000000002,1,,,6,,,,,,,3.6,4,yuri,,
