nome,clube,liga,posicao,minutos,valor_mercado,cluster,nome_cluster,target,pred_titular,prob_titular,gols,assistencias,xG,passes_prog,pct_passes,desarmes,interceptacoes,bloqueios,cortes,chutes,chutes_gol,defesas_gk,pct_defesas,clean_sheets,idade,amarelos,vermelhos,jogos,posicao_enc,liga_enc,avaliacao_fotmob
Brenden Aaronson,Leeds United,Big5,MF,2301,,1,Atacantes,1,1,1.0,4,5,4.6,0.0,0.0,0.0,17,0.0,0.0,43.008,16,0.0,0.0,0.0,25.0,2,0,35,3,0,6.69
Zach Abbott,Nottingham Forest,Big5,DF,164,,0,Perfil 0,0,0,0.0,0,0,0.0,0.0,0.0,0.0,2,0.0,0.0,0.0,0,0.0,0.0,0.0,20.0,0,0,3,0,0,6.86
Himad Abdelli,Marseille,Big5,MF,138,,0,Perfil 0,0,0,0.02,0,0,2.1,0.0,0.0,0.0,2,0.0,0.0,3.915,1,0.0,0.0,0.0,26.0,1,0,8,3,0,6.96
Ali Abdi,Nice,Big5,MF,1097,,0,Perfil 0,1,1,0.8,3,0,2.4,0.0,0.0,0.0,10,0.0,0.0,10.98,3,0.0,0.0,0.0,32.0,4,1,21,3,0,6.68
Salis Abdul Samed,Nice,Big5,MF,911,,0,Perfil 0,0,0,0.16,0,0,0.0,0.0,0.0,0.0,11,0.0,0.0,1.01,0,0.0,0.0,0.0,26.0,3,0,18,3,0,6.27
Saud Abdulhamid,Lens,Big5,MF,1307,,0,Perfil 0,1,1,0.82,2,4,0.8,0.0,0.0,0.0,9,0.0,0.0,7.9750000000000005,3,0.0,0.0,0.0,26.0,3,1,24,3,0,6.9
Laurent Abergel,Lorient,Big5,MF,2253,,0,Perfil 0,1,1,1.0,1,0,0.8,0.0,0.0,0.0,28,0.0,0.0,22.0,5,0.0,0.0,0.0,33.0,6,0,27,3,0,6.91
Matthis Abline,Nantes,Big5,FW,2494,,1,Atacantes,1,1,0.99,6,4,8.0,0.0,0.0,0.0,9,0.0,0.0,83.931,22,0.0,0.0,0.0,23.0,6,0,32,1,0,6.79
Abner,Lyon,Big5,DF,2060,,0,Perfil 0,1,1,0.97,3,2,1.6,0.0,0.0,0.0,8,0.0,0.0,16.945999999999998,7,0.0,0.0,0.0,25.0,4,1,25,0,0,6.94
Zakaria Aboukhlal,Torino,Big5,MF,511,,0,Perfil 0,0,0,0.03,0,0,0.3,0.0,0.0,0.0,1,0.0,0.0,7.011,2,0.0,0.0,0.0,26.0,4,0,15,3,0,6.86
Tammy Abraham,Aston Villa,Big5,FW,286,,0,Perfil 0,0,0,0.0,2,0,2.0,0.0,0.0,0.0,0,0.0,0.0,9.056000000000001,3,0.0,0.0,0.0,28.0,0,0,12,1,0,6.74
Giorgi Abuashvili,Metz,Big5,MF,624,,0,Perfil 0,0,0,0.08,2,0,1.0,0.0,0.0,0.0,4,0.0,0.0,16.905,7,0.0,0.0,0.0,23.0,1,0,22,3,0,6.34
Mathieu Acapandié,Nantes,Big5,MF,261,,0,Perfil 0,0,0,0.0,0,0,0.0,0.0,0.0,0.0,3,0.0,0.0,0.0,0,0.0,0.0,0.0,21.0,0,0,6,3,0,6.86
Akor Adams,Sevilla,Big5,FW,1947,,1,Atacantes,1,1,1.0,10,3,10.0,0.0,0.0,0.0,1,0.0,0.0,57.888000000000005,29,0.0,0.0,0.0,26.0,3,0,30,1,0,6.68
Che Adams,Torino,Big5,FW,1826,,1,Atacantes,1,1,0.96,5,2,5.7,0.0,0.0,0.0,1,0.0,0.0,48.111000000000004,14,0.0,0.0,0.0,29.0,0,0,31,1,0,6.69
Tyler Adams,Bournemouth,Big5,MF,1593,,0,Perfil 0,1,1,0.97,2,2,0.6,0.0,0.0,0.0,27,0.0,0.0,9.027,6,0.0,0.0,0.0,27.0,7,0,23,3,0,6.94
Tosin Adarabioyo,Chelsea,Big5,DF,795,,0,Perfil 0,0,0,0.11,0,0,0.1,0.0,0.0,0.0,9,0.0,0.0,2.0240000000000005,0,0.0,0.0,0.0,28.0,2,0,16,0,0,6.86
Jayden Addai,Como,Big5,MF,686,,0,Perfil 0,0,0,0.0,3,0,1.5,0.0,0.0,0.0,2,0.0,0.0,12.995999999999999,6,0.0,0.0,0.0,20.0,4,0,12,3,0,6.86
Simon Adingra,Sunderland,Big5,MF,653,,0,Perfil 0,0,0,0.01,1,0,0.3,0.0,0.0,0.0,2,0.0,0.0,6.058999999999999,2,0.0,0.0,0.0,24.0,2,0,14,3,0,6.86
Simon Adingra,Monaco,Big5,MF,780,,0,Perfil 0,0,0,0.02,3,1,2.5,0.0,0.0,0.0,6,0.0,0.0,20.096999999999998,5,0.0,0.0,0.0,24.0,0,0,13,3,0,6.86
Nathaniel Adjei,Lorient,Big5,DF,763,,0,Perfil 0,0,0,0.05,0,0,0.4,0.0,0.0,0.0,6,0.0,0.0,3.9949999999999997,2,0.0,0.0,0.0,23.0,0,0,14,0,0,6.86
Amine Adli,Bournemouth,Big5,MF,1075,,0,Perfil 0,1,1,0.98,3,1,2.6,0.0,0.0,0.0,5,0.0,0.0,19.873,9,0.0,0.0,0.0,26.0,2,0,30,3,0,6.69
Vasilije Adžić,Juventus,Big5,MF,171,,0,Perfil 0,0,0,0.0,1,0,0.2,0.0,0.0,0.0,3,0.0,0.0,6.004,4,0.0,0.0,0.0,20.0,0,0,10,3,0,6.86
Michel Aebischer,Pisa,Big5,MF,2742,,0,Perfil 0,1,1,1.0,1,1,0.6,0.0,0.0,0.0,33,0.0,0.0,18.91,5,0.0,0.0,0.0,29.0,8,0,33,3,0,6.9
David Affengruber,Elche,Big5,DF,2769,,0,Perfil 0,1,1,1.0,1,1,0.9,0.0,0.0,0.0,47,0.0,0.0,14.168000000000001,4,0.0,0.0,0.0,25.0,6,1,34,0,0,7.04
Lucien Agoume,Sevilla,Big5,MF,2564,,0,Perfil 0,1,1,1.0,1,3,0.9,0.0,0.0,0.0,48,0.0,0.0,15.105,2,0.0,0.0,0.0,24.0,11,0,32,3,0,6.93
Marc Aguado,Elche,Big5,MF,2327,,0,Perfil 0,1,1,0.97,1,2,0.2,0.0,0.0,0.0,40,0.0,0.0,3.1079999999999997,2,0.0,0.0,0.0,26.0,2,0,33,3,0,6.88
Nayef Aguerd,Marseille,Big5,DF,1396,,0,Perfil 0,1,1,0.95,1,0,0.6,0.0,0.0,0.0,21,0.0,0.0,9.92,2,0.0,0.0,0.0,30.0,4,0,16,0,0,6.86
Nayef Aguerd,West Ham United,Big5,DF,180,,0,Perfil 0,0,0,0.0,0,0,0.1,0.0,0.0,0.0,1,0.0,0.0,2.0,0,0.0,0.0,0.0,30.0,0,0,2,0,0,6.86
Ruben Aguilar,Lens,Big5,MF,1675,,0,Perfil 0,1,1,1.0,2,2,0.9,0.0,0.0,0.0,24,0.0,0.0,13.02,3,0.0,0.0,0.0,33.0,5,1,25,3,0,7.13
Naouirou Ahamada,Auxerre,Big5,MF,592,,0,Perfil 0,0,0,0.0,0,1,0.4,0.0,0.0,0.0,4,0.0,0.0,5.016,1,0.0,0.0,0.0,24.0,0,0,14,3,0,6.86
Honest Ahanor,Atalanta,Big5,DF,1197,,0,Perfil 0,1,1,0.93,0,0,1.9,0.0,0.0,0.0,21,0.0,0.0,11.97,3,0.0,0.0,0.0,18.0,1,1,20,0,0,6.83
Ola Aina,Nottingham Forest,Big5,DF,1588,,0,Perfil 0,1,1,0.99,0,0,0.4,0.0,0.0,0.0,26,0.0,0.0,11.968000000000002,1,0.0,0.0,0.0,29.0,3,0,18,0,0,6.86
Abdelhamid Ait Boudlal,Rennes,Big5,DF,1313,,0,Perfil 0,1,1,0.98,2,1,1.7,0.0,0.0,0.0,17,0.0,0.0,10.95,4,0.0,0.0,0.0,20.0,3,1,19,0,0,6.79
Rayan Aït-Nouri,Manchester City,Big5,DF,960,40000000.0,0,Perfil 0,0,0,0.19,0,2,0.6,0.0,0.0,0.0,13,0.0,0.0,10.057999999999998,2,0.0,0.0,0.0,24.0,2,0,16,0,0,6.86
Kristoffer Ajer,Brentford,Big5,DF,1729,,0,Perfil 0,1,1,0.99,0,1,0.8,0.0,0.0,0.0,13,0.0,0.0,9.984,3,0.0,0.0,0.0,28.0,4,0,26,0,0,6.61
Ludovic Ajorque,Brest,Big5,FW,2730,,1,Atacantes,1,1,1.0,8,9,9.3,0.0,0.0,0.0,11,0.0,0.0,53.025,17,0.0,0.0,0.0,32.0,9,1,31,1,0,7.14
Nathan Aké,Manchester City,Big5,DF,619,,0,Perfil 0,0,0,0.06,0,0,0.7,0.0,0.0,0.0,5,0.0,0.0,6.003,1,0.0,0.0,0.0,31.0,1,0,17,0,0,6.86
Ilias Akhomach,Rayo Vallecano,Big5,MF,709,,0,Perfil 0,0,0,0.02,0,1,1.9,0.0,0.0,0.0,2,0.0,0.0,18.012,6,0.0,0.0,0.0,22.0,2,0,11,3,0,6.49
Ebenezer Akinsanmiro,Pisa,Big5,MF,1340,,0,Perfil 0,1,1,0.93,0,1,0.9,0.0,0.0,0.0,24,0.0,0.0,12.963000000000001,3,0.0,0.0,0.0,21.0,2,0,22,3,0,6.75
Maghnes Akliouche,Monaco,Big5,MF,2334,50000000.0,1,Atacantes,1,1,1.0,6,6,7.2,0.0,0.0,0.0,17,0.0,0.0,47.915,19,0.0,0.0,0.0,24.0,3,0,30,3,0,7.26
Clément Akpa,Auxerre,Big5,DF,1944,,0,Perfil 0,1,1,0.99,0,0,0.2,0.0,0.0,0.0,23,0.0,0.0,6.048000000000001,0,0.0,0.0,0.0,24.0,4,1,26,0,0,6.55
David Alaba,Real Madrid,Big5,DF,265,,0,Perfil 0,0,0,0.03,0,0,0.2,0.0,0.0,0.0,0,0.0,0.0,2.9579999999999997,1,0.0,0.0,0.0,33.0,1,0,9,0,0,6.86
Raúl Albiol,Pisa,Big5,DF,500,,0,Perfil 0,0,0,0.02,0,1,0.1,0.0,0.0,0.0,7,0.0,0.0,1.008,0,0.0,0.0,0.0,40.0,1,0,8,0,0,6.86
Omar Alderete,Sunderland,Big5,DF,2776,,0,Perfil 0,1,1,1.0,1,1,1.6,0.0,0.0,0.0,36,0.0,0.0,24.024,9,0.0,0.0,0.0,29.0,6,0,32,0,0,6.92
Carles Aleñá,Alavés,Big5,MF,1989,,0,Perfil 0,1,1,0.99,0,4,2.7,0.0,0.0,0.0,12,0.0,0.0,28.951000000000004,5,0.0,0.0,0.0,28.0,5,0,34,3,0,6.59
Trent Alexander-Arnold,Real Madrid,Big5,DF,1086,60000000.0,0,Perfil 0,1,1,0.95,0,4,0.3,0.0,0.0,0.0,13,0.0,0.0,7.986,1,0.0,0.0,0.0,27.0,4,0,19,0,0,6.86
Jim Allevinah,Angers,Big5,MF,133,,0,Perfil 0,0,0,0.0,1,0,1.0,0.0,0.0,0.0,0,0.0,0.0,5.07,1,0.0,0.0,0.0,31.0,0,0,6,3,0,6.86
Max Alleyne,Manchester City,Big5,DF,135,,0,Perfil 0,0,0,0.0,0,0,0.3,0.0,0.0,0.0,3,0.0,0.0,1.995,1,0.0,0.0,0.0,20.0,0,0,2,0,0,6.86
Pontus Almqvist,Parma,Big5,MF,438,,0,Perfil 0,0,0,0.0,0,0,0.4,0.0,0.0,0.0,6,0.0,0.0,3.0380000000000003,2,0.0,0.0,0.0,26.0,0,0,12,3,0,6.86
Sergi Altimira,Real Betis,Big5,MF,1186,,0,Perfil 0,1,1,1.0,1,2,0.3,0.0,0.0,0.0,20,0.0,0.0,6.9959999999999996,3,0.0,0.0,0.0,24.0,3,0,24,3,0,6.87
Carlos Álvarez,Levante,Big5,MF,1890,,0,Perfil 0,1,1,0.99,3,1,2.7,0.0,0.0,0.0,13,0.0,0.0,30.029999999999998,11,0.0,0.0,0.0,22.0,3,0,30,3,0,6.71
Yeray Álvarez,Athletic Club,Big5,DF,378,,0,Perfil 0,0,0,0.01,0,0,0.1,0.0,0.0,0.0,8,0.0,0.0,0.0,0,0.0,0.0,0.0,31.0,0,0,5,0,0,6.86
Aurele Amenda,Eintracht Frankfurt,Big5,DF,1588,,0,Perfil 0,1,1,1.0,0,0,0.8,0.0,0.0,0.0,29,0.0,0.0,10.032,2,0.0,0.0,0.0,22.0,4,0,23,0,0,6.69
Kelvin Amian,Nantes,Big5,DF,1961,,0,Perfil 0,1,1,0.81,0,1,0.4,0.0,0.0,0.0,8,0.0,0.0,10.028,2,0.0,0.0,0.0,28.0,3,0,23,0,0,6.37
Samuel Amo-Ameyaw,Strasbourg,Big5,MF,1047,,0,Perfil 0,1,1,0.81,2,2,0.9,0.0,0.0,0.0,3,0.0,0.0,16.936,5,0.0,0.0,0.0,19.0,2,0,25,3,0,6.64
Amorim,Genoa,Big5,MF,395,,0,Perfil 0,0,0,0.0,0,0,0.2,0.0,0.0,0.0,7,0.0,0.0,2.0240000000000005,0,0.0,0.0,0.0,20.0,1,0,9,3,0,6.86
Mathis Amougou,Strasbourg,Big5,MF,409,,0,Perfil 0,0,0,0.0,0,0,0.2,0.0,0.0,0.0,2,0.0,0.0,2.97,2,0.0,0.0,0.0,20.0,1,0,12,3,0,6.86
Ethan Ampadu,Leeds United,Big5,MF,2939,,0,Perfil 0,1,1,1.0,1,1,2.5,0.0,0.0,0.0,50,0.0,0.0,26.160000000000004,6,0.0,0.0,0.0,25.0,9,0,33,3,0,7.21
Sofyan Amrabat,Real Betis,Big5,MF,1216,,0,Perfil 0,1,1,0.74,0,0,0.3,0.0,0.0,0.0,11,0.0,0.0,7.0200000000000005,1,0.0,0.0,0.0,29.0,4,0,16,3,0,6.86
Joachim Andersen,Fulham,Big5,DF,2875,,0,Perfil 0,1,1,1.0,0,1,1.5,0.0,0.0,0.0,34,0.0,0.0,15.95,4,0.0,0.0,0.0,29.0,7,1,33,0,0,6.94
Elliot Anderson,Nottingham Forest,Big5,MF,3177,75000000.0,1,Atacantes,1,1,1.0,4,2,2.9,0.0,0.0,0.0,38,0.0,0.0,43.065999999999995,10,0.0,0.0,0.0,23.0,7,0,36,3,0,7.51
Benjamin André,Lille,Big5,MF,2242,,0,Perfil 0,1,1,1.0,2,2,3.2,0.0,0.0,0.0,31,0.0,0.0,24.9,6,0.0,0.0,0.0,35.0,8,0,26,3,0,7.4
Manuel Ángel,Real Madrid,Big5,MF,96,,0,Perfil 0,0,0,0.0,0,0,0.0,0.0,0.0,0.0,0,0.0,0.0,2.0570000000000004,1,0.0,0.0,0.0,22.0,0,0,4,3,0,6.86
Angeliño,Roma,Big5,MF,416,,0,Perfil 0,0,0,0.0,0,0,0.2,0.0,0.0,0.0,3,0.0,0.0,4.968,2,0.0,0.0,0.0,29.0,2,0,7,3,0,6.86
Samuele Angori,Pisa,Big5,MF,2419,,0,Perfil 0,1,1,0.96,0,2,1.8,0.0,0.0,0.0,23,0.0,0.0,12.911999999999999,2,0.0,0.0,0.0,22.0,2,0,33,3,0,6.7
Nilson Angulo,Sunderland,Big5,MF,268,,0,Perfil 0,0,0,0.0,0,0,0.8,0.0,0.0,0.0,2,0.0,0.0,3.0300000000000002,2,0.0,0.0,0.0,22.0,0,0,6,3,0,6.86
Jaidon Anthony,Burnley,Big5,MF,2548,,1,Atacantes,1,1,1.0,8,2,5.1,0.0,0.0,0.0,16,0.0,0.0,52.072,22,0.0,0.0,0.0,26.0,4,0,35,3,0,6.86
Kyllian Antonio,Lens,Big5,DF,152,,0,Perfil 0,0,0,0.0,0,0,0.1,0.0,0.0,0.0,5,0.0,0.0,1.003,0,0.0,0.0,0.0,18.0,1,0,3,0,0,6.86
Antony,Real Betis,Big5,MF,2273,40000000.0,1,Atacantes,1,1,1.0,8,6,8.8,0.0,0.0,0.0,21,0.0,0.0,83.23700000000001,33,0.0,0.0,0.0,26.0,5,1,30,3,0,7.43
Mauro Arambarri,Getafe,Big5,MF,3069,,1,Atacantes,1,1,1.0,6,2,7.2,0.0,0.0,0.0,21,0.0,0.0,56.947,19,0.0,0.0,0.0,30.0,5,0,35,3,0,6.92
Jon Aramburu,Real Sociedad,Big5,DF,2604,,0,Perfil 0,1,1,1.0,1,0,1.9,0.0,0.0,0.0,43,0.0,0.0,19.941,5,0.0,0.0,0.0,23.0,10,0,32,0,0,6.91
Ronald Araújo,Barcelona,Big5,DF,998,,0,Perfil 0,0,0,0.27,3,0,1.4,0.0,0.0,0.0,10,0.0,0.0,10.988999999999999,5,0.0,0.0,0.0,27.0,2,0,22,0,0,6.9
Carlens Arcus,Angers,Big5,DF,2014,,0,Perfil 0,1,1,1.0,0,3,0.3,0.0,0.0,0.0,29,0.0,0.0,8.959999999999999,1,0.0,0.0,0.0,29.0,7,0,25,0,0,6.82
Alphonse Areola,West Ham United,Big5,GK,1800,,2,Goleiros,1,1,0.97,0,1,0.0,0.0,0.0,0.0,1,0.0,0.0,0.0,0,76.0,70.4,0.0,33.0,0,0,20,2,0,6.57
Jesús Areso,Athletic Club,Big5,DF,1506,,0,Perfil 0,1,1,0.98,0,1,0.1,0.0,0.0,0.0,20,0.0,0.0,3.006,0,0.0,0.0,0.0,26.0,3,0,26,0,0,6.79
Paul Argney,Le Havre,Big5,GK,90,,0,Perfil 0,0,0,0.0,0,0,0.0,0.0,0.0,0.0,0,0.0,0.0,0.0,0,2.0,66.7,0.0,19.0,0,0,1,2,0,6.93
Iñigo Arguibide,Osasuna,Big5,DF,187,,0,Perfil 0,0,0,0.0,0,0,0.0,0.0,0.0,0.0,1,0.0,0.0,0.0,0,0.0,0.0,0.0,21.0,0,1,6,0,0,6.86
Juan Arizala,Udinese,Big5,MF,132,,0,Perfil 0,0,0,0.0,0,0,0.0,0.0,0.0,0.0,1,0.0,0.0,1.02,1,0.0,0.0,0.0,20.0,0,0,9,3,0,6.86
Harrison Armstrong,Everton,Big5,MF,500,,0,Perfil 0,0,0,0.0,0,0,0.8,0.0,0.0,0.0,4,0.0,0.0,5.04,2,0.0,0.0,0.0,19.0,0,0,12,3,0,6.86
Kervin Arriaga,Levante,Big5,MF,1397,,0,Perfil 0,1,1,0.99,2,3,1.0,0.0,0.0,0.0,14,0.0,0.0,13.02,5,0.0,0.0,0.0,28.0,7,1,25,3,0,6.79
Takuma Asano,Mallorca,Big5,MF,582,,0,Perfil 0,0,0,0.02,1,0,2.0,0.0,0.0,0.0,1,0.0,0.0,12.09,2,0.0,0.0,0.0,31.0,2,0,18,3,0,6.86
Raúl Asencio,Real Madrid,Big5,DF,1528,,0,Perfil 0,1,1,0.95,2,0,1.2,0.0,0.0,0.0,8,0.0,0.0,13.94,4,0.0,0.0,0.0,23.0,4,0,21,0,0,6.88
Kristjan Asllani,Torino,Big5,MF,1129,,0,Perfil 0,1,1,0.85,0,0,1.4,0.0,0.0,0.0,12,0.0,0.0,19.875,4,0.0,0.0,0.0,24.0,3,0,15,3,0,6.86
Joel Asoro,Metz,Big5,FW,227,,0,Perfil 0,0,0,0.0,0,0,0.7,0.0,0.0,0.0,0,0.0,0.0,3.975,1,0.0,0.0,0.0,27.0,0,0,8,1,0,6.74
Yaser Asprilla,Girona,Big5,FW,611,,0,Perfil 0,0,0,0.01,0,0,0.6,0.0,0.0,0.0,5,0.0,0.0,15.027999999999999,5,0.0,0.0,0.0,22.0,0,0,15,1,0,6.74
Zachary Athekame,Milan,Big5,MF,713,,0,Perfil 0,0,0,0.21,1,2,0.4,0.0,0.0,0.0,4,0.0,0.0,10.981,3,0.0,0.0,0.0,21.0,3,0,25,3,0,6.64
Arthur Atta,Udinese,Big5,MF,2377,,1,Atacantes,1,1,1.0,5,3,4.0,0.0,0.0,0.0,22,0.0,0.0,53.06399999999999,19,0.0,0.0,0.0,23.0,3,0,30,3,0,6.99
Pierre-Emerick Aubameyang,Marseille,Big5,FW,1949,,1,Atacantes,1,1,1.0,9,5,13.2,0.0,0.0,0.0,7,0.0,0.0,52.08,28,0.0,0.0,0.0,36.0,1,0,29,1,0,6.99
Emil Audero,Cremonese,Big5,GK,2880,,2,Goleiros,1,1,1.0,0,0,0.0,0.0,0.0,0.0,0,0.0,0.0,0.0,0,119.0,73.1,10.0,29.0,0,0,32,2,0,6.86
Ezequiel Ávila,Real Betis,Big5,FW,363,,0,Perfil 0,0,0,0.01,1,0,1.6,0.0,0.0,0.0,4,0.0,0.0,7.92,2,0.0,0.0,0.0,32.0,3,0,14,1,0,6.74
Arthur Avom,Lorient,Big5,MF,2094,,0,Perfil 0,1,1,1.0,2,1,1.1,0.0,0.0,0.0,28,0.0,0.0,20.970000000000002,6,0.0,0.0,0.0,21.0,3,0,30,3,0,6.97
Chidozie Awaziem,Nantes,Big5,DF,2231,,0,Perfil 0,1,1,1.0,1,2,0.6,0.0,0.0,0.0,20,0.0,0.0,10.912,4,0.0,0.0,0.0,29.0,7,0,26,0,0,6.8
Taiwo Awoniyi,Nottingham Forest,Big5,FW,444,,0,Perfil 0,0,0,0.05,4,1,3.6,0.0,0.0,0.0,1,0.0,0.0,12.936000000000002,8,0.0,0.0,0.0,28.0,1,0,15,1,0,6.74
Neil El Aynaoui,Roma,Big5,MF,864,,0,Perfil 0,0,0,0.39,1,2,1.1,0.0,0.0,0.0,18,0.0,0.0,5.952,4,0.0,0.0,0.0,24.0,5,0,23,3,0,6.73
César Azpilicueta,Sevilla,Big5,DF,1123,,0,Perfil 0,1,1,0.83,0,1,0.0,0.0,0.0,0.0,22,0.0,0.0,1.0,0,0.0,0.0,0.0,36.0,4,0,16,0,0,6.86
Oussama El Azzouzi,Auxerre,Big5,MF,807,,0,Perfil 0,0,0,0.05,1,0,0.5,0.0,0.0,0.0,16,0.0,0.0,5.040000000000001,1,0.0,0.0,0.0,24.0,1,1,11,3,0,6.86
Benoît Badiashile,Chelsea,Big5,DF,471,,0,Perfil 0,0,0,0.01,0,0,0.0,0.0,0.0,0.0,9,0.0,0.0,0.0,0,0.0,0.0,0.0,25.0,2,0,8,0,0,6.86
Samson Baidoo,Lens,Big5,DF,1827,,0,Perfil 0,1,1,1.0,2,1,1.6,0.0,0.0,0.0,25,0.0,0.0,16.037000000000003,4,0.0,0.0,0.0,22.0,2,0,23,0,0,7.22
Leon Bailey,Aston Villa,Big5,MF,369,,0,Perfil 0,0,0,0.0,0,1,0.5,0.0,0.0,0.0,1,0.0,0.0,5.986,1,0.0,0.0,0.0,28.0,1,0,12,3,0,6.86
Leon Bailey,Roma,Big5,FW,186,,0,Perfil 0,0,0,0.0,0,0,0.2,0.0,0.0,0.0,0,0.0,0.0,3.045,1,0.0,0.0,0.0,28.0,0,0,7,1,0,6.74
Cédric Bakambu,Real Betis,Big5,FW,524,,0,Perfil 0,0,0,0.06,3,1,3.4,0.0,0.0,0.0,1,0.0,0.0,20.938,9,0.0,0.0,0.0,35.0,1,0,17,1,0,6.74
Johan Bakayoko,RB Leipzig,Big5,FW,766,,0,Perfil 0,0,0,0.06,2,0,2.1,0.0,0.0,0.0,2,0.0,0.0,23.97,9,0.0,0.0,0.0,23.0,1,0,19,1,0,6.65
Darryl Bakola,Sassuolo,Big5,MF,109,,0,Perfil 0,0,0,0.0,0,1,0.1,0.0,0.0,0.0,1,0.0,0.0,2.976,1,0.0,0.0,0.0,18.0,0,0,5,3,0,6.86
Ridle Baku,RB Leipzig,Big5,DF,2476,,0,Perfil 0,1,1,1.0,2,3,2.6,0.0,0.0,0.0,30,0.0,0.0,28.875,6,0.0,0.0,0.0,28.0,4,0,31,0,0,7.08
Dilane Bakwa,Strasbourg,Big5,FW,107,,0,Perfil 0,0,0,0.07,1,2,0.1,0.0,0.0,0.0,1,0.0,0.0,2.016,1,0.0,0.0,0.0,23.0,0,0,3,1,0,6.74
Dilane Bakwa,Nottingham Forest,Big5,MF,532,,0,Perfil 0,0,0,0.0,0,2,0.5,0.0,0.0,0.0,0,0.0,0.0,8.968,3,0.0,0.0,0.0,23.0,1,0,13,3,0,6.86
Luís Balbo,Fiorentina,Big5,DF,180,,0,Perfil 0,0,0,0.0,0,0,0.0,0.0,0.0,0.0,1,0.0,0.0,0.0,0,0.0,0.0,0.0,20.0,0,0,4,0,0,6.86
Tommaso Baldanzi,Genoa,Big5,MF,336,,0,Perfil 0,0,0,0.0,0,2,2.0,0.0,0.0,0.0,2,0.0,0.0,7.918000000000001,3,0.0,0.0,0.0,23.0,0,0,7,3,0,6.86
Alejandro Balde,Barcelona,Big5,DF,1734,50000000.0,0,Perfil 0,1,1,0.91,0,2,0.6,0.0,0.0,0.0,6,0.0,0.0,8.106,1,0.0,0.0,0.0,22.0,2,0,26,0,0,7.08
Fabio Baldé,Hamburger SV,Big5,FW,434,,0,Perfil 0,0,0,0.0,1,1,0.9,0.0,0.0,0.0,1,0.0,0.0,6.96,4,0.0,0.0,0.0,20.0,1,0,15,1,0,6.74
Leonardo Balerdi,Marseille,Big5,DF,1911,,0,Perfil 0,1,1,1.0,0,1,2.3,0.0,0.0,0.0,25,0.0,0.0,18.868,5,0.0,0.0,0.0,27.0,5,0,25,0,0,7.0
Daniel Ballard,Sunderland,Big5,DF,2149,,0,Perfil 0,1,1,1.0,2,0,2.5,0.0,0.0,0.0,20,0.0,0.0,26.051000000000002,9,0.0,0.0,0.0,26.0,4,1,29,0,0,6.85
Iván Balliu,Rayo Vallecano,Big5,DF,423,,0,Perfil 0,0,0,0.01,0,0,0.4,0.0,0.0,0.0,5,0.0,0.0,2.021,0,0.0,0.0,0.0,34.0,2,0,12,0,0,6.86
Folarin Balogun,Monaco,Big5,FW,2155,40000000.0,1,Atacantes,1,1,1.0,13,4,13.4,0.0,0.0,0.0,4,0.0,0.0,71.939,31,0.0,0.0,0.0,24.0,4,1,29,1,0,7.03
Abdoulaye Bamba,Angers,Big5,DF,191,,0,Perfil 0,0,0,0.01,0,0,0.0,0.0,0.0,0.0,3,0.0,0.0,0.987,1,0.0,0.0,0.0,36.0,0,0,5,0,0,6.86
Aladji Bamba,Monaco,Big5,MF,746,,0,Perfil 0,0,0,0.03,0,1,0.1,0.0,0.0,0.0,8,0.0,0.0,0.996,1,0.0,0.0,0.0,19.0,2,0,17,3,0,6.86
Mohamed Bamba,Lorient,Big5,FW,682,,0,Perfil 0,0,0,0.06,1,2,2.4,0.0,0.0,0.0,2,0.0,0.0,13.072,6,0.0,0.0,0.0,24.0,3,0,18,1,0,6.35
Lameck Banda,Lecce,Big5,MF,1626,,1,Atacantes,1,1,0.97,4,3,2.8,0.0,0.0,0.0,7,0.0,0.0,33.123000000000005,10,0.0,0.0,0.0,25.0,6,1,30,3,0,6.6
Ezechiel Banzuzi,RB Leipzig,Big5,MF,597,,0,Perfil 0,0,0,0.26,0,1,1.4,0.0,0.0,0.0,6,0.0,0.0,14.915999999999999,4,0.0,0.0,0.0,21.0,3,0,24,3,0,6.57
Tommaso Barbieri,Cremonese,Big5,MF,1640,,0,Perfil 0,1,1,0.96,0,1,0.8,0.0,0.0,0.0,14,0.0,0.0,14.014,2,0.0,0.0,0.0,23.0,7,0,27,3,0,6.56
Valentín Barco,Strasbourg,Big5,MF,2110,40000000.0,1,Atacantes,1,1,0.99,2,4,3.3,0.0,0.0,0.0,13,0.0,0.0,26.909999999999997,10,0.0,0.0,0.0,21.0,5,1,26,3,0,7.16
Bradley Barcola,Paris Saint-Germain,Big5,FW,1686,70000000.0,1,Atacantes,1,1,1.0,10,1,10.8,0.0,0.0,0.0,12,0.0,0.0,63.95399999999999,28,0.0,0.0,0.0,23.0,2,0,28,1,0,7.36
Melvin Bard,Nice,Big5,DF,2394,,0,Perfil 0,1,1,1.0,2,1,1.1,0.0,0.0,0.0,41,0.0,0.0,14.896000000000003,5,0.0,0.0,0.0,25.0,4,0,29,0,0,6.84
Roony Bardghji,Barcelona,Big5,MF,620,,0,Perfil 0,0,0,0.09,1,1,1.4,0.0,0.0,0.0,2,0.0,0.0,21.044999999999998,12,0.0,0.0,0.0,20.0,0,0,20,3,0,6.86
Ross Barkley,Aston Villa,Big5,MF,727,,0,Perfil 0,0,0,0.08,3,0,1.5,0.0,0.0,0.0,2,0.0,0.0,17.01,8,0.0,0.0,0.0,32.0,1,0,19,3,0,6.68
Harvey Barnes,Newcastle United,Big5,FW,1847,,1,Atacantes,1,1,1.0,7,0,7.1,0.0,0.0,0.0,3,0.0,0.0,53.915,20,0.0,0.0,0.0,28.0,1,0,35,1,0,6.63
Ander Barrenetxea,Real Sociedad,Big5,MF,1730,,1,Atacantes,1,1,1.0,3,5,2.6,0.0,0.0,0.0,16,0.0,0.0,33.984,10,0.0,0.0,0.0,24.0,4,0,29,3,0,7.01
Thierno Barry,Everton,Big5,FW,1813,,1,Atacantes,1,1,0.95,8,0,8.1,0.0,0.0,0.0,5,0.0,0.0,36.984,14,0.0,0.0,0.0,23.0,3,0,36,1,0,6.44
Davide Bartesaghi,Milan,Big5,MF,2261,,0,Perfil 0,1,1,1.0,2,0,1.1,0.0,0.0,0.0,13,0.0,0.0,20.080000000000002,6,0.0,0.0,0.0,20.0,3,0,29,3,0,6.93
Marc Bartra,Real Betis,Big5,DF,1978,,0,Perfil 0,1,1,0.98,1,0,0.8,0.0,0.0,0.0,29,0.0,0.0,16.06,5,0.0,0.0,0.0,35.0,3,0,25,0,0,6.92
Federico Baschirotto,Cremonese,Big5,DF,2540,,0,Perfil 0,1,1,0.99,2,0,1.1,0.0,0.0,0.0,24,0.0,0.0,12.126,5,0.0,0.0,0.0,29.0,2,0,29,0,0,6.58
Toma Bašić,Lazio,Big5,MF,1555,,0,Perfil 0,1,1,0.89,2,3,1.4,0.0,0.0,0.0,8,0.0,0.0,29.064,11,0.0,0.0,0.0,29.0,0,1,21,3,0,6.91
Calvin Bassey,Fulham,Big5,DF,2354,,0,Perfil 0,1,1,0.99,1,0,1.7,0.0,0.0,0.0,19,0.0,0.0,12.052,1,0.0,0.0,0.0,26.0,5,0,28,0,0,6.81
Augusto Batalla,Rayo Vallecano,Big5,GK,2880,,2,Goleiros,1,1,1.0,0,0,0.0,0.0,0.0,0.0,0,0.0,0.0,0.0,0,87.0,73.5,10.0,30.0,6,0,32,2,0,7.05
Michy Batshuayi,Eintracht Frankfurt,Big5,FW,139,,0,Perfil 0,0,0,0.0,1,0,1.1,0.0,0.0,0.0,0,0.0,0.0,4.86,1,0.0,0.0,0.0,32.0,0,0,6,1,0,6.74
Martin Baturina,Como,Big5,MF,1406,,0,Perfil 0,1,1,0.95,6,3,1.8,0.0,0.0,0.0,5,0.0,0.0,22.932,9,0.0,0.0,0.0,23.0,0,0,27,3,0,7.24
Christoph Baumgartner,RB Leipzig,Big5,MF,2690,,1,Atacantes,1,1,1.0,13,8,15.1,0.0,0.0,0.0,22,0.0,0.0,78.936,34,0.0,0.0,0.0,26.0,9,0,32,3,0,7.36
Sheraldo Becker,Osasuna,Big5,FW,158,,0,Perfil 0,0,0,0.0,0,0,0.1,0.0,0.0,0.0,3,0.0,0.0,3.078,0,0.0,0.0,0.0,31.0,0,0,9,1,0,6.74
Ismael Bekhoucha,Getafe,Big5,DF,122,,0,Perfil 0,0,0,0.0,0,1,0.0,0.0,0.0,0.0,2,0.0,0.0,1.036,0,0.0,0.0,0.0,21.0,2,0,4,0,0,6.86
Reda Belahyane,Lazio,Big5,MF,519,,0,Perfil 0,0,0,0.01,0,1,0.2,0.0,0.0,0.0,2,0.0,0.0,0.986,1,0.0,0.0,0.0,21.0,1,1,12,3,0,6.86
Haris Belkebla,Angers,Big5,MF,2785,,0,Perfil 0,1,1,0.99,0,0,0.3,0.0,0.0,0.0,29,0.0,0.0,4.944,0,0.0,0.0,0.0,32.0,7,0,32,3,0,6.76
Yassin Belkhdim,Angers,Big5,MF,2135,,1,Atacantes,1,1,1.0,2,2,2.3,0.0,0.0,0.0,32,0.0,0.0,32.943,14,0.0,0.0,0.0,24.0,5,0,27,3,0,6.94
Raoul Bellanova,Atalanta,Big5,MF,1332,,0,Perfil 0,1,1,0.76,0,1,0.5,0.0,0.0,0.0,9,0.0,0.0,13.024000000000001,5,0.0,0.0,0.0,25.0,2,0,23,3,0,6.76
Héctor Bellerín,Real Betis,Big5,DF,1642,,0,Perfil 0,1,1,0.99,2,3,0.4,0.0,0.0,0.0,13,0.0,0.0,6.006,5,0.0,0.0,0.0,31.0,2,0,25,0,0,6.96
Jude Bellingham,Real Madrid,Big5,MF,1730,130000000.0,1,Atacantes,1,1,1.0,4,4,7.3,0.0,0.0,0.0,13,0.0,0.0,48.0,23,0.0,0.0,0.0,22.0,2,0,25,3,0,7.53
Andrea Belotti,Cagliari,Big5,FW,212,,0,Perfil 0,0,0,0.0,2,0,1.9,0.0,0.0,0.0,4,0.0,0.0,6.119999999999999,4,0.0,0.0,0.0,32.0,0,0,7,1,0,6.74
Fran Beltrán,Girona,Big5,MF,910,,0,Perfil 0,0,0,0.05,1,0,0.7,0.0,0.0,0.0,8,0.0,0.0,7.979,3,0.0,0.0,0.0,27.0,3,0,14,3,0,6.77
Adrian Benedyczak,Parma,Big5,FW,490,,0,Perfil 0,0,0,0.0,1,1,1.4,0.0,0.0,0.0,1,0.0,0.0,7.938000000000001,3,0.0,0.0,0.0,25.0,1,0,14,1,0,6.74
Yassine Benhattab,Nantes,Big5,MF,477,,0,Perfil 0,0,0,0.0,0,0,0.1,0.0,0.0,0.0,0,0.0,0.0,3.9749999999999996,1,0.0,0.0,0.0,23.0,0,0,10,3,0,6.86
Walter Benítez,Crystal Palace,Big5,GK,90,,0,Perfil 0,0,0,0.0,0,0,0.0,0.0,0.0,0.0,0,0.0,0.0,0.0,0,3.0,100.0,1.0,33.0,0,0,1,2,0,6.93
Iker Benito,Osasuna,Big5,MF,159,,0,Perfil 0,0,0,0.0,1,0,0.6,0.0,0.0,0.0,2,0.0,0.0,2.034,1,0.0,0.0,0.0,23.0,1,0,6,3,0,6.86
Nabil Bentaleb,Lille,Big5,MF,1242,,0,Perfil 0,1,1,0.99,2,2,1.3,0.0,0.0,0.0,15,0.0,0.0,16.974,5,0.0,0.0,0.0,31.0,3,0,25,3,0,6.83
Rodrigo Bentancur,Tottenham Hotspur,Big5,MF,1712,,0,Perfil 0,1,1,1.0,1,1,0.7,0.0,0.0,0.0,33,0.0,0.0,12.920000000000002,3,0.0,0.0,0.0,28.0,7,0,24,3,0,7.11
Lucas Beraldo,Paris Saint-Germain,Big5,DF,1477,,0,Perfil 0,1,1,1.0,2,1,1.7,0.0,0.0,0.0,18,0.0,0.0,13.939999999999998,4,0.0,0.0,0.0,22.0,2,0,19,0,0,7.25
Domenico Berardi,Sassuolo,Big5,FW,1797,,1,Atacantes,1,1,1.0,8,4,5.8,0.0,0.0,0.0,23,0.0,0.0,37.0,19,0.0,0.0,0.0,31.0,2,1,24,1,0,7.13
Yuri Berchiche,Athletic Club,Big5,DF,2615,,0,Perfil 0,1,1,1.0,0,5,0.6,0.0,0.0,0.0,34,0.0,0.0,22.116,5,0.0,0.0,0.0,36.0,4,0,31,0,0,7.13
Álex Berenguer,Athletic Club,Big5,MF,2073,,1,Atacantes,1,1,1.0,2,3,4.5,0.0,0.0,0.0,13,0.0,0.0,43.010000000000005,20,0.0,0.0,0.0,30.0,4,0,30,3,0,6.68
Sander Berge,Fulham,Big5,MF,2770,,0,Perfil 0,1,1,1.0,0,1,1.5,0.0,0.0,0.0,25,0.0,0.0,12.012,3,0.0,0.0,0.0,28.0,5,0,33,3,0,6.71
Lucas Bergström,Mallorca,Big5,GK,450,,0,Perfil 0,0,0,0.0,0,0,0.0,0.0,0.0,0.0,0,0.0,0.0,0.0,0,15.0,68.2,2.0,23.0,1,0,5,2,0,6.93
Lucas Bergvall,Tottenham Hotspur,Big5,MF,965,,0,Perfil 0,0,0,0.14,1,3,1.4,0.0,0.0,0.0,3,0.0,0.0,11.984,5,0.0,0.0,0.0,20.0,2,0,23,3,0,6.86
Medon Berisha,Lecce,Big5,MF,871,,0,Perfil 0,0,0,0.04,2,3,1.2,0.0,0.0,0.0,5,0.0,0.0,24.055999999999997,5,0.0,0.0,0.0,22.0,0,0,13,3,0,6.86
Anthony Bermont,Lens,Big5,FW,104,,0,Perfil 0,0,0,0.0,0,0,0.2,0.0,0.0,0.0,3,0.0,0.0,4.152,2,0.0,0.0,0.0,21.0,0,0,10,1,0,6.74
Adrian Bernabe,Parma,Big5,MF,2470,,1,Atacantes,1,1,0.99,3,1,2.2,0.0,0.0,0.0,17,0.0,0.0,49.868,12,0.0,0.0,0.0,24.0,0,0,32,3,0,7.01
Marc Bernal,Barcelona,Big5,MF,634,,0,Perfil 0,0,0,0.14,2,1,1.0,0.0,0.0,0.0,10,0.0,0.0,6.93,2,0.0,0.0,0.0,18.0,3,0,20,3,0,6.86
Gabin Bernardeau,Nice,Big5,MF,95,,0,Perfil 0,0,0,0.0,0,0,0.1,0.0,0.0,0.0,0,0.0,0.0,3.124,1,0.0,0.0,0.0,20.0,0,0,4,3,0,6.86
Federico Bernardeschi,Bologna,Big5,MF,1062,,0,Perfil 0,1,1,0.91,3,2,3.0,0.0,0.0,0.0,5,0.0,0.0,33.984,10,0.0,0.0,0.0,32.0,3,0,27,3,0,6.85
Lorenzo Bernasconi,Atalanta,Big5,MF,1572,,0,Perfil 0,1,1,0.97,0,3,0.4,0.0,0.0,0.0,14,0.0,0.0,9.1,1,0.0,0.0,0.0,22.0,3,0,23,3,0,7.02
Nicolò Bertola,Udinese,Big5,DF,1686,,0,Perfil 0,1,1,1.0,0,1,0.6,0.0,0.0,0.0,22,0.0,0.0,11.968,4,0.0,0.0,0.0,23.0,3,0,26,0,0,6.78
Beto,Everton,Big5,FW,1489,,1,Atacantes,1,1,1.0,9,1,8.9,0.0,0.0,0.0,1,0.0,0.0,41.910000000000004,17,0.0,0.0,0.0,28.0,3,0,35,1,0,6.51
Sam Beukema,Napoli,Big5,DF,1591,,0,Perfil 0,1,1,0.98,2,0,1.7,0.0,0.0,0.0,14,0.0,0.0,7.08,3,0.0,0.0,0.0,27.0,2,0,23,0,0,6.96
Matteo Bianchetti,Cremonese,Big5,DF,2012,,0,Perfil 0,1,1,0.99,0,2,0.5,0.0,0.0,0.0,16,0.0,0.0,6.944,1,0.0,0.0,0.0,33.0,3,0,25,0,0,6.69
Mika Biereth,Monaco,Big5,FW,1059,,0,Perfil 0,1,1,0.9,2,2,3.3,0.0,0.0,0.0,0,0.0,0.0,18.998,7,0.0,0.0,0.0,23.0,0,0,31,1,0,6.3
Pedro Bigas,Elche,Big5,DF,1883,,0,Perfil 0,1,1,1.0,1,2,0.7,0.0,0.0,0.0,27,0.0,0.0,10.031999999999998,3,0.0,0.0,0.0,35.0,5,1,26,0,0,6.97
Justin Bijlow,Genoa,Big5,GK,1305,,2,Goleiros,1,1,0.99,0,0,0.0,0.0,0.0,0.0,0,0.0,0.0,0.0,0,41.0,74.5,5.0,28.0,0,0,15,2,0,6.93
Jaka Bijol,Leeds United,Big5,DF,1731,,0,Perfil 0,1,1,0.99,1,2,0.9,0.0,0.0,0.0,22,0.0,0.0,14.975999999999999,6,0.0,0.0,0.0,27.0,3,0,23,0,0,7.04
Cristiano Biraghi,Torino,Big5,MF,517,,0,Perfil 0,0,0,0.0,0,0,0.1,0.0,0.0,0.0,3,0.0,0.0,1.9949999999999999,0,0.0,0.0,0.0,33.0,0,0,14,3,0,6.86
Veljko Birmančević,Getafe,Big5,FW,136,,0,Perfil 0,0,0,0.0,0,0,0.1,0.0,0.0,0.0,2,0.0,0.0,1.98,1,0.0,0.0,0.0,28.0,0,0,5,1,0,6.74
Yves Bissouma,Tottenham Hotspur,Big5,MF,603,,0,Perfil 0,0,0,0.05,0,0,0.4,0.0,0.0,0.0,8,0.0,0.0,5.025,2,0.0,0.0,0.0,29.0,4,0,11,3,0,6.86
Emmanuel Biumla,Angers,Big5,DF,374,,0,Perfil 0,0,0,0.0,0,0,0.1,0.0,0.0,0.0,2,0.0,0.0,2.016,0,0.0,0.0,0.0,21.0,0,0,8,0,0,6.86
Marco Bizot,Aston Villa,Big5,GK,495,,0,Perfil 0,0,0,0.0,0,0,0.0,0.0,0.0,0.0,0,0.0,0.0,0.0,0,17.0,68.0,2.0,35.0,2,0,6,2,0,6.93
Antonio Blanco,Alavés,Big5,MF,2930,,1,Atacantes,1,1,1.0,2,3,1.4,0.0,0.0,0.0,50,0.0,0.0,38.141999999999996,12,0.0,0.0,0.0,25.0,9,0,34,3,0,7.06
Ludovic Blas,Rennes,Big5,MF,1468,,1,Atacantes,1,1,0.99,5,4,5.1,0.0,0.0,0.0,14,0.0,0.0,44.010000000000005,13,0.0,0.0,0.0,28.0,1,0,31,3,0,6.9
Daley Blind,Girona,Big5,DF,2606,,0,Perfil 0,1,1,0.99,0,0,0.3,0.0,0.0,0.0,38,0.0,0.0,4.930000000000001,1,0.0,0.0,0.0,36.0,1,0,31,0,0,6.86
Adam Boayar,Elche,Big5,MF,104,,0,Perfil 0,0,0,0.0,1,0,0.3,0.0,0.0,0.0,1,0.0,0.0,5.196,2,0.0,0.0,0.0,20.0,0,0,7,3,0,6.86
Oscar Bobb,Fulham,Big5,MF,422,,0,Perfil 0,0,0,0.03,0,0,1.5,0.0,0.0,0.0,4,0.0,0.0,8.037,3,0.0,0.0,0.0,22.0,0,0,12,3,0,6.69
Arnaud Bodart,Lille,Big5,GK,226,,0,Perfil 0,0,0,0.0,0,0,0.0,0.0,0.0,0.0,0,0.0,0.0,0.0,0,4.0,66.7,0.0,28.0,0,0,3,2,0,6.93
Jeremie Boga,Nice,Big5,MF,646,,0,Perfil 0,0,0,0.0,2,2,1.6,0.0,0.0,0.0,3,0.0,0.0,15.048,5,0.0,0.0,0.0,29.0,0,0,14,3,0,6.86
Jeremie Boga,Juventus,Big5,MF,557,,0,Perfil 0,0,0,0.01,4,0,2.9,0.0,0.0,0.0,2,0.0,0.0,20.026,10,0.0,0.0,0.0,29.0,1,0,13,3,0,6.86
Lamare Bogarde,Aston Villa,Big5,MF,981,,0,Perfil 0,0,0,0.25,0,0,0.0,0.0,0.0,0.0,3,0.0,0.0,0.0,0,0.0,0.0,0.0,22.0,5,0,27,3,0,6.86
Jayden Bogle,Leeds United,Big5,MF,2716,,0,Perfil 0,1,1,1.0,1,2,2.1,0.0,0.0,0.0,29,0.0,0.0,16.912000000000003,4,0.0,0.0,0.0,25.0,6,0,33,3,0,6.7
Adama Boiro,Athletic Club,Big5,DF,725,,0,Perfil 0,0,0,0.07,0,0,0.0,0.0,0.0,0.0,17,0.0,0.0,0.972,0,0.0,0.0,0.0,23.0,1,0,13,0,0,6.86
Daniel Boloca,Sassuolo,Big5,MF,135,,0,Perfil 0,0,0,0.0,0,0,0.2,0.0,0.0,0.0,2,0.0,0.0,1.995,0,0.0,0.0,0.0,27.0,0,0,2,3,0,6.86
Moïse Bombito,Nice,Big5,DF,145,,0,Perfil 0,0,0,0.0,0,0,0.0,0.0,0.0,0.0,2,0.0,0.0,0.0,0,0.0,0.0,0.0,26.0,1,0,2,0,0,6.86
Federico Bonazzoli,Cremonese,Big5,FW,2367,,1,Atacantes,1,1,0.99,9,1,9.7,0.0,0.0,0.0,10,0.0,0.0,72.06200000000001,30,0.0,0.0,0.0,28.0,3,0,33,1,0,6.84
Warren Bondo,Cremonese,Big5,MF,1762,,0,Perfil 0,1,1,0.85,0,0,0.3,0.0,0.0,0.0,9,0.0,0.0,8.036,2,0.0,0.0,0.0,22.0,5,0,27,3,0,6.44
Giovanni Bonfanti,Pisa,Big5,DF,494,,0,Perfil 0,0,0,0.01,0,0,0.4,0.0,0.0,0.0,7,0.0,0.0,5.995,1,0.0,0.0,0.0,23.0,1,0,9,0,0,6.86
Sebastiaan Bornauw,Leeds United,Big5,DF,339,,0,Perfil 0,0,0,0.0,0,0,0.2,0.0,0.0,0.0,6,0.0,0.0,0.0,0,0.0,0.0,0.0,27.0,1,0,10,0,0,6.86
Gennaro Borrelli,Cagliari,Big5,FW,1202,,0,Perfil 0,1,1,0.85,4,1,3.2,0.0,0.0,0.0,3,0.0,0.0,25.058000000000003,8,0.0,0.0,0.0,26.0,4,0,26,1,0,6.52
Sebastián Boselli,Getafe,Big5,DF,380,,0,Perfil 0,0,0,0.0,0,0,0.4,0.0,0.0,0.0,0,0.0,0.0,3.9899999999999998,1,0.0,0.0,0.0,22.0,4,0,11,0,0,6.86
Sven Botman,Newcastle United,Big5,DF,1655,,0,Perfil 0,1,1,0.99,1,1,1.7,0.0,0.0,0.0,21,0.0,0.0,13.983999999999998,4,0.0,0.0,0.0,26.0,2,0,23,0,0,7.0
Ayyoub Bouaddi,Lille,Big5,MF,2231,50000000.0,0,Perfil 0,1,1,0.99,0,1,1.7,0.0,0.0,0.0,25,0.0,0.0,16.12,5,0.0,0.0,0.0,18.0,7,1,29,3,0,7.06
Badredine Bouanani,Nice,Big5,MF,93,,0,Perfil 0,0,0,0.0,0,0,0.1,0.0,0.0,0.0,1,0.0,0.0,0.97,0,0.0,0.0,0.0,21.0,0,0,2,3,0,6.86
Kaïl Boudache,Nice,Big5,MF,486,,0,Perfil 0,0,0,0.0,1,0,2.6,0.0,0.0,0.0,6,0.0,0.0,11.016000000000002,2,0.0,0.0,0.0,19.0,1,0,12,3,0,6.86
Hicham Boudaoui,Nice,Big5,MF,1649,,0,Perfil 0,1,1,1.0,1,2,1.6,0.0,0.0,0.0,18,0.0,0.0,19.032,8,0.0,0.0,0.0,26.0,5,0,24,3,0,6.77
Sofiane Boufal,Le Havre,Big5,MF,935,,0,Perfil 0,0,0,0.18,1,3,1.5,0.0,0.0,0.0,3,0.0,0.0,16.016000000000002,3,0.0,0.0,0.0,32.0,2,0,16,3,0,7.0
Jarrod Bowen,West Ham United,Big5,MF,3223,,1,Atacantes,1,1,1.0,8,10,7.3,0.0,0.0,0.0,27,0.0,0.0,75.896,26,0.0,0.0,0.0,29.0,4,0,36,3,0,7.19
Lucas Boyé,Alavés,Big5,FW,1866,,1,Atacantes,1,1,0.99,11,1,9.5,0.0,0.0,0.0,7,0.0,0.0,58.995,20,0.0,0.0,0.0,30.0,4,1,27,1,0,6.73
Rosen Bozhinov,Pisa,Big5,DF,520,,0,Perfil 0,0,0,0.04,0,0,0.2,0.0,0.0,0.0,12,0.0,0.0,2.03,1,0.0,0.0,0.0,21.0,3,1,8,0,0,6.86
Conor Bradley,Liverpool,Big5,DF,929,,0,Perfil 0,0,0,0.21,0,1,0.2,0.0,0.0,0.0,12,0.0,0.0,5.974,0,0.0,0.0,0.0,22.0,5,0,15,0,0,6.86
Jarrad Branthwaite,Everton,Big5,DF,680,40000000.0,0,Perfil 0,0,0,0.01,1,0,0.4,0.0,0.0,0.0,11,0.0,0.0,6.004,2,0.0,0.0,0.0,23.0,1,0,10,0,0,6.86
Riccardo Braschi,Fiorentina,Big5,FW,105,,0,Perfil 0,0,0,0.0,0,0,0.1,0.0,0.0,0.0,0,0.0,0.0,3.0839999999999996,0,0.0,0.0,0.0,19.0,0,0,2,1,0,6.74
Lilian Brassier,Rennes,Big5,DF,2250,,0,Perfil 0,1,1,0.99,0,1,0.8,0.0,0.0,0.0,38,0.0,0.0,11.0,2,0.0,0.0,0.0,26.0,2,0,27,0,0,6.96
Iker Bravo,Udinese,Big5,FW,206,,0,Perfil 0,0,0,0.0,1,0,0.2,0.0,0.0,0.0,0,0.0,0.0,4.0249999999999995,1,0.0,0.0,0.0,21.0,1,0,8,1,0,6.74
Gleison Bremer,Juventus,Big5,DF,2081,,0,Perfil 0,1,1,1.0,4,3,2.8,0.0,0.0,0.0,28,0.0,0.0,19.866,8,0.0,0.0,0.0,29.0,4,0,25,0,0,7.31
Marco Brescianini,Fiorentina,Big5,MF,733,,0,Perfil 0,0,0,0.01,1,0,1.8,0.0,0.0,0.0,1,0.0,0.0,9.963,2,0.0,0.0,0.0,26.0,1,0,15,3,0,6.54
Abel Bretones,Osasuna,Big5,MF,1558,,0,Perfil 0,1,1,0.99,1,2,0.6,0.0,0.0,0.0,15,0.0,0.0,11.072000000000001,3,0.0,0.0,0.0,25.0,5,1,27,3,0,6.7
Sascha Britschgi,Parma,Big5,MF,2024,,0,Perfil 0,1,1,0.95,0,2,0.4,0.0,0.0,0.0,8,0.0,0.0,13.049999999999999,3,0.0,0.0,0.0,19.0,6,1,28,3,0,6.51
Brian Brobbey,Sunderland,Big5,FW,1791,,1,Atacantes,1,1,0.88,6,1,5.9,0.0,0.0,0.0,0,0.0,0.0,31.044,16,0.0,0.0,0.0,24.0,6,0,29,1,0,6.53
Marius Broholm,Lille,Big5,MF,279,,0,Perfil 0,0,0,0.01,1,1,1.0,0.0,0.0,0.0,2,0.0,0.0,3.999,3,0.0,0.0,0.0,21.0,0,0,11,3,0,6.86
Armando Broja,Burnley,Big5,FW,860,,0,Perfil 0,0,0,0.11,1,1,2.1,0.0,0.0,0.0,3,0.0,0.0,16.032,6,0.0,0.0,0.0,24.0,0,0,24,1,0,6.74
David Brooks,Bournemouth,Big5,MF,1197,,1,Atacantes,1,1,0.95,1,3,5.8,0.0,0.0,0.0,4,0.0,0.0,46.018,12,0.0,0.0,0.0,28.0,7,0,30,3,0,6.63
Nathaniel Brown,Eintracht Frankfurt,Big5,MF,2566,40000000.0,1,Atacantes,1,1,0.99,4,4,2.5,0.0,0.0,0.0,25,0.0,0.0,17.099999999999998,9,0.0,0.0,0.0,22.0,3,0,32,3,0,7.11
Paris Brunner,Monaco,Big5,FW,117,,0,Perfil 0,0,0,0.0,0,0,0.3,0.0,0.0,0.0,1,0.0,0.0,2.0020000000000002,0,0.0,0.0,0.0,20.0,1,0,6,1,0,6.74
Jacob Bruun Larsen,Burnley,Big5,MF,1015,,0,Perfil 0,0,0,0.29,0,1,1.4,0.0,0.0,0.0,6,0.0,0.0,16.046,4,0.0,0.0,0.0,27.0,0,0,26,3,0,6.3
Tajon Buchanan,Villarreal,Big5,MF,1774,,1,Atacantes,1,1,1.0,7,1,2.1,0.0,0.0,0.0,22,0.0,0.0,26.989,11,0.0,0.0,0.0,27.0,8,0,33,3,0,6.72
Ante Budimir,Osasuna,Big5,FW,2758,,1,Atacantes,1,1,1.0,17,0,17.1,0.0,0.0,0.0,6,0.0,0.0,97.002,39,0.0,0.0,0.0,34.0,3,0,35,1,0,6.88
Manu Bueno,Sevilla,Big5,MF,272,,0,Perfil 0,0,0,0.0,0,0,0.0,0.0,0.0,0.0,0,0.0,0.0,1.98,0,0.0,0.0,0.0,21.0,2,0,8,3,0,6.86
Adam Buksa,Udinese,Big5,FW,800,,0,Perfil 0,0,0,0.07,3,0,2.1,0.0,0.0,0.0,3,0.0,0.0,12.015,6,0.0,0.0,0.0,29.0,2,0,23,1,0,6.35
Andrija Bulatović,Lens,Big5,MF,672,,0,Perfil 0,0,0,0.13,0,3,0.7,0.0,0.0,0.0,7,0.0,0.0,10.05,5,0.0,0.0,0.0,19.0,2,0,18,3,0,6.86
Alessandro Buongiorno,Napoli,Big5,DF,2463,,0,Perfil 0,1,1,1.0,0,1,1.4,0.0,0.0,0.0,40,0.0,0.0,7.945999999999999,3,0.0,0.0,0.0,26.0,3,0,32,0,0,6.95
Jonathan Burkardt,Eintracht Frankfurt,Big5,FW,1305,,1,Atacantes,1,1,0.96,11,1,12.0,0.0,0.0,0.0,1,0.0,0.0,37.99,19,0.0,0.0,0.0,25.0,1,0,21,1,0,7.03
Aurélio Buta,Eintracht Frankfurt,Big5,DF,144,,0,Perfil 0,0,0,0.0,0,0,0.0,0.0,0.0,0.0,0,0.0,0.0,0.992,0,0.0,0.0,0.0,29.0,1,0,4,0,0,6.86
Jean Butez,Como,Big5,GK,3240,,2,Goleiros,1,1,0.98,0,1,0.0,0.0,0.0,0.0,0,0.0,0.0,0.0,0,84.0,77.8,18.0,30.0,3,0,36,2,0,7.38
Rémy Cabella,Nantes,Big5,MF,572,,0,Perfil 0,0,0,0.01,2,0,3.2,0.0,0.0,0.0,6,0.0,0.0,9.088,5,0.0,0.0,0.0,36.0,1,0,11,3,0,6.86
Jorge Cabello,Levante,Big5,DF,362,,0,Perfil 0,0,0,0.0,0,0,0.0,0.0,0.0,0.0,0,0.0,0.0,0.0,0,0.0,0.0,0.0,22.0,1,0,5,0,0,6.86
Leandro Cabrera,Espanyol,Big5,DF,3150,,1,Atacantes,1,1,1.0,3,0,2.8,0.0,0.0,0.0,23,0.0,0.0,38.85,12,0.0,0.0,0.0,34.0,3,0,35,0,0,6.75
Noah Cadiou,Lorient,Big5,MF,1789,,0,Perfil 0,1,1,0.98,3,1,1.8,0.0,0.0,0.0,24,0.0,0.0,17.113999999999997,9,0.0,0.0,0.0,27.0,1,0,27,3,0,6.88
Mathieu Cafaro,Paris FC,Big5,FW,152,,0,Perfil 0,0,0,0.0,0,0,0.4,0.0,0.0,0.0,0,0.0,0.0,7.037999999999999,1,0.0,0.0,0.0,29.0,0,0,10,1,0,6.74
Moisés Caicedo,Chelsea,Big5,MF,2621,100000000.0,0,Perfil 0,1,1,1.0,3,1,1.4,0.0,0.0,0.0,56,0.0,0.0,25.899,7,0.0,0.0,0.0,24.0,11,1,31,3,0,7.1
Tom Cairney,Fulham,Big5,MF,744,,0,Perfil 0,0,0,0.05,1,0,1.2,0.0,0.0,0.0,2,0.0,0.0,14.027000000000001,1,0.0,0.0,0.0,35.0,3,0,23,3,0,6.86
Arturo Calabresi,Pisa,Big5,DF,1369,,0,Perfil 0,1,1,0.99,0,0,0.2,0.0,0.0,0.0,18,0.0,0.0,3.952,1,0.0,0.0,0.0,30.0,7,0,24,0,0,6.29
Riccardo Calafiori,Arsenal,Big5,DF,1583,55000000.0,0,Perfil 0,1,1,1.0,1,2,3.3,0.0,0.0,0.0,13,0.0,0.0,32.032000000000004,8,0.0,0.0,0.0,23.0,5,0,24,0,0,7.15
Calebe,Alavés,Big5,MF,752,,0,Perfil 0,0,0,0.1,0,0,0.1,0.0,0.0,0.0,9,0.0,0.0,5.04,1,0.0,0.0,0.0,26.0,2,0,19,3,0,6.86
Fernando Calero,Espanyol,Big5,DF,2031,,0,Perfil 0,1,1,0.98,0,0,1.8,0.0,0.0,0.0,28,0.0,0.0,11.978000000000002,1,0.0,0.0,0.0,30.0,5,0,26,0,0,6.68
Duje Ćaleta-Car,Real Sociedad,Big5,DF,2060,,0,Perfil 0,1,1,1.0,1,0,1.2,0.0,0.0,0.0,28,0.0,0.0,11.908,3,0.0,0.0,0.0,29.0,5,1,26,0,0,6.72
Dominic Calvert-Lewin,Leeds United,Big5,FW,2563,,1,Atacantes,1,1,1.0,13,1,15.8,0.0,0.0,0.0,2,0.0,0.0,70.11,32,0.0,0.0,0.0,29.0,2,0,33,1,0,6.85
Adama Camara,Paris FC,Big5,MF,2069,,0,Perfil 0,1,1,1.0,1,0,2.0,0.0,0.0,0.0,34,0.0,0.0,16.099999999999998,4,0.0,0.0,0.0,29.0,8,0,28,3,0,6.88
Amady Camara,Nantes,Big5,FW,171,,0,Perfil 0,0,0,0.0,0,0,0.4,0.0,0.0,0.0,1,0.0,0.0,6.004,0,0.0,0.0,0.0,20.0,0,0,10,1,0,6.74
Lamine Camara,Monaco,Big5,MF,1757,40000000.0,0,Perfil 0,1,1,0.98,1,4,2.1,0.0,0.0,0.0,38,0.0,0.0,21.060000000000002,2,0.0,0.0,0.0,22.0,5,0,23,3,0,7.54
Mahdi Camara,Rennes,Big5,MF,2563,,1,Atacantes,1,1,1.0,3,1,3.2,0.0,0.0,0.0,27,0.0,0.0,27.075,11,0.0,0.0,0.0,27.0,4,1,31,3,0,7.14
Ousmane Camara,Angers,Big5,DF,2628,,0,Perfil 0,1,1,1.0,1,0,0.6,0.0,0.0,0.0,34,0.0,0.0,13.14,5,0.0,0.0,0.0,23.0,3,0,31,0,0,6.8
Francesco Camarda,Lecce,Big5,FW,676,,0,Perfil 0,0,0,0.02,1,0,1.9,0.0,0.0,0.0,0,0.0,0.0,15.0,3,0.0,0.0,0.0,18.0,1,0,20,1,0,6.03
Eduardo Camavinga,Real Madrid,Big5,MF,1417,50000000.0,0,Perfil 0,1,1,0.98,1,0,1.2,0.0,0.0,0.0,15,0.0,0.0,11.932,2,0.0,0.0,0.0,23.0,2,0,27,3,0,7.04
Nicolò Cambiaghi,Bologna,Big5,MF,1518,,0,Perfil 0,1,1,0.97,3,4,2.1,0.0,0.0,0.0,9,0.0,0.0,23.997999999999998,6,0.0,0.0,0.0,25.0,3,1,28,3,0,6.72
Andrea Cambiaso,Juventus,Big5,MF,2639,,1,Atacantes,1,1,0.99,3,4,2.9,0.0,0.0,0.0,20,0.0,0.0,24.026,12,0.0,0.0,0.0,26.0,3,1,34,3,0,7.06
Sergio Camello,Rayo Vallecano,Big5,FW,698,,0,Perfil 0,0,0,0.07,3,0,3.1,0.0,0.0,0.0,3,0.0,0.0,20.124,10,0.0,0.0,0.0,25.0,2,1,20,1,0,6.74
Matteo Cancellieri,Lazio,Big5,FW,1585,,1,Atacantes,1,1,1.0,4,2,4.3,0.0,0.0,0.0,23,0.0,0.0,36.96000000000001,14,0.0,0.0,0.0,24.0,5,0,28,1,0,6.81
João Cancelo,Barcelona,Big5,DF,856,,0,Perfil 0,0,0,0.12,1,2,0.5,0.0,0.0,0.0,11,0.0,0.0,11.02,3,0.0,0.0,0.0,31.0,1,0,14,0,0,6.86
Fali Candé,Sassuolo,Big5,DF,509,,0,Perfil 0,0,0,0.0,0,0,0.2,0.0,0.0,0.0,2,0.0,0.0,3.0210000000000004,0,0.0,0.0,0.0,28.0,2,0,12,0,0,6.86
Simone Canestrelli,Pisa,Big5,DF,3021,,0,Perfil 0,1,1,0.99,1,0,1.3,0.0,0.0,0.0,30,0.0,0.0,15.120000000000001,3,0.0,0.0,0.0,25.0,4,0,35,0,0,6.47
Jaydee Canvot,Toulouse,Big5,MF,180,,0,Perfil 0,0,0,0.0,0,0,0.1,0.0,0.0,0.0,0,0.0,0.0,2.0,0,0.0,0.0,0.0,19.0,1,0,2,3,0,6.86
Jaydee Canvot,Crystal Palace,Big5,DF,1246,,0,Perfil 0,1,1,0.81,0,0,1.5,0.0,0.0,0.0,9,0.0,0.0,7.038,1,0.0,0.0,0.0,19.0,3,0,19,0,0,6.86
Nicolás Capaldo,Hamburger SV,Big5,DF,1911,,0,Perfil 0,1,1,1.0,1,2,1.9,0.0,0.0,0.0,35,0.0,0.0,18.868,4,0.0,0.0,0.0,27.0,9,0,25,0,0,7.07
Pierrick Capelle,Angers,Big5,MF,574,,0,Perfil 0,0,0,0.03,0,1,0.7,0.0,0.0,0.0,7,0.0,0.0,8.0,1,0.0,0.0,0.0,39.0,2,0,15,3,0,6.86
Elia Caprile,Cagliari,Big5,GK,3240,,2,Goleiros,1,1,1.0,0,0,0.0,0.0,0.0,0.0,0,0.0,0.0,0.0,0,117.0,70.7,8.0,24.0,2,0,36,2,0,6.95
Maxence Caqueret,Como,Big5,MF,1406,,0,Perfil 0,1,1,1.0,2,5,2.3,0.0,0.0,0.0,14,0.0,0.0,17.004,4,0.0,0.0,0.0,26.0,3,0,28,3,0,6.86
Antonio Caracciolo,Pisa,Big5,DF,2983,,0,Perfil 0,1,1,0.99,2,0,2.1,0.0,0.0,0.0,51,0.0,0.0,24.825000000000003,6,0.0,0.0,0.0,35.0,9,0,34,0,0,6.48
Valentin Carboni,Genoa,Big5,MF,359,,0,Perfil 0,0,0,0.0,0,0,0.4,0.0,0.0,0.0,2,0.0,0.0,6.0,2,0.0,0.0,0.0,21.0,2,0,12,3,0,6.86
Dani Cárdenas,Rayo Vallecano,Big5,GK,270,,0,Perfil 0,0,0,0.0,0,0,0.0,0.0,0.0,0.0,0,0.0,0.0,0.0,0,9.0,61.5,1.0,29.0,0,0,3,2,0,6.93
Sergi Cardona,Villarreal,Big5,DF,1856,,0,Perfil 0,1,1,1.0,1,4,1.0,0.0,0.0,0.0,36,0.0,0.0,16.068,4,0.0,0.0,0.0,26.0,4,0,29,0,0,6.88
Fábio Cardoso,Sevilla,Big5,DF,295,,0,Perfil 0,0,0,0.0,0,0,0.0,0.0,0.0,0.0,4,0.0,0.0,0.0,0,0.0,0.0,0.0,32.0,0,0,4,0,0,6.86
Patrik Carlgren,Nantes,Big5,GK,182,,0,Perfil 0,0,0,0.0,0,0,0.0,0.0,0.0,0.0,0,0.0,0.0,0.0,0,11.0,84.6,1.0,34.0,0,0,3,2,0,6.93
Diego Carlos,Como,Big5,DF,1940,,0,Perfil 0,1,1,0.99,1,0,1.0,0.0,0.0,0.0,22,0.0,0.0,7.992,2,0.0,0.0,0.0,33.0,8,0,26,0,0,6.92
Kevin Carlos,Nice,Big5,FW,867,,0,Perfil 0,0,0,0.1,0,0,1.8,0.0,0.0,0.0,1,0.0,0.0,21.887999999999998,7,0.0,0.0,0.0,25.0,3,0,22,1,0,6.12
Marco Carnesecchi,Atalanta,Big5,GK,3240,,2,Goleiros,1,1,0.99,0,0,0.0,0.0,0.0,0.0,0,0.0,0.0,0.0,0,108.0,77.0,13.0,25.0,0,0,36,2,0,7.23
Álvaro Carreras,Real Madrid,Big5,DF,2152,50000000.0,0,Perfil 0,1,1,1.0,2,2,0.5,0.0,0.0,0.0,36,0.0,0.0,7.887,2,0.0,0.0,0.0,23.0,5,1,26,0,0,7.52
Fabio Carvalho,Brentford,Big5,MF,102,,0,Perfil 0,0,0,0.0,1,0,0.7,0.0,0.0,0.0,0,0.0,0.0,1.9360000000000002,1,0.0,0.0,0.0,23.0,0,0,6,3,0,6.86
Cesare Casadei,Torino,Big5,MF,1920,,1,Atacantes,1,1,0.99,5,0,4.2,0.0,0.0,0.0,9,0.0,0.0,33.015,15,0.0,0.0,0.0,23.0,5,0,31,3,0,6.76
Marc Casado,Barcelona,Big5,MF,975,,0,Perfil 0,0,0,0.08,0,1,1.0,0.0,0.0,0.0,7,0.0,0.0,11.016000000000002,0,0.0,0.0,0.0,22.0,1,0,22,3,0,6.86
Nicolò Casale,Bologna,Big5,DF,678,,0,Perfil 0,0,0,0.02,0,0,0.7,0.0,0.0,0.0,7,0.0,0.0,4.95,0,0.0,0.0,0.0,28.0,0,0,12,0,0,6.86
Matty Cash,Aston Villa,Big5,DF,2879,,0,Perfil 0,1,1,1.0,3,3,1.2,0.0,0.0,0.0,23,0.0,0.0,29.12,10,0.0,0.0,0.0,28.0,8,0,33,0,0,6.93
Josué Casimir,Auxerre,Big5,MF,1503,,0,Perfil 0,1,1,0.92,1,0,2.9,0.0,0.0,0.0,11,0.0,0.0,22.044,12,0.0,0.0,0.0,24.0,6,1,30,3,0,6.41
Timothy Castagne,Fulham,Big5,DF,1665,,0,Perfil 0,1,1,0.99,0,0,1.4,0.0,0.0,0.0,26,0.0,0.0,12.025,6,0.0,0.0,0.0,30.0,4,0,28,0,0,6.86
Valentín Castellanos,Lazio,Big5,FW,692,,0,Perfil 0,0,0,0.05,2,3,2.0,0.0,0.0,0.0,3,0.0,0.0,20.02,8,0.0,0.0,0.0,27.0,2,0,11,1,0,6.74
Valentín Castellanos,West Ham United,Big5,FW,1232,,1,Atacantes,1,1,0.97,4,0,5.8,0.0,0.0,0.0,4,0.0,0.0,38.086,16,0.0,0.0,0.0,27.0,6,0,16,1,0,6.74
Santiago Castro,Bologna,Big5,FW,2201,,1,Atacantes,1,1,0.97,7,2,7.2,0.0,0.0,0.0,1,0.0,0.0,59.045,19,0.0,0.0,0.0,21.0,3,0,33,1,0,6.72
Danilo Cataldi,Lazio,Big5,MF,1985,,0,Perfil 0,1,1,1.0,3,3,3.0,0.0,0.0,0.0,21,0.0,0.0,26.078,7,0.0,0.0,0.0,31.0,6,0,27,3,0,7.02
Dani Ceballos,Real Madrid,Big5,MF,469,,0,Perfil 0,0,0,0.03,0,0,0.0,0.0,0.0,0.0,7,0.0,0.0,3.016,0,0.0,0.0,0.0,29.0,1,0,15,3,0,6.86
Federico Ceccherini,Cremonese,Big5,DF,476,,0,Perfil 0,0,0,0.02,0,1,0.2,0.0,0.0,0.0,7,0.0,0.0,5.034999999999999,2,0.0,0.0,0.0,34.0,1,1,9,0,0,6.86
Nidal Celik,Lens,Big5,DF,526,,0,Perfil 0,0,0,0.0,0,0,0.0,0.0,0.0,0.0,8,0.0,0.0,0.986,1,0.0,0.0,0.0,19.0,1,0,7,0,0,6.86
Zeki Çelik,Roma,Big5,MF,2543,,0,Perfil 0,1,1,1.0,1,2,1.5,0.0,0.0,0.0,19,0.0,0.0,20.942,4,0.0,0.0,0.0,29.0,2,1,32,3,0,7.04
Fabien Centonze,Nantes,Big5,MF,736,,0,Perfil 0,0,0,0.28,3,0,1.3,0.0,0.0,0.0,20,0.0,0.0,8.036,3,0.0,0.0,0.0,30.0,4,0,15,3,0,6.86
Lucas Cepeda,Elche,Big5,MF,395,,0,Perfil 0,0,0,0.0,1,0,0.9,0.0,0.0,0.0,1,0.0,0.0,13.024000000000001,5,0.0,0.0,0.0,23.0,1,0,9,3,0,6.86
El Chadaille Bitshiabu,RB Leipzig,Big5,DF,655,,0,Perfil 0,0,0,0.0,0,0,0.2,0.0,0.0,0.0,6,0.0,0.0,1.971,0,0.0,0.0,0.0,20.0,0,0,11,0,0,6.86
Fares Chaïbi,Eintracht Frankfurt,Big5,MF,1747,,1,Atacantes,1,1,1.0,2,9,2.8,0.0,0.0,0.0,13,0.0,0.0,32.98,7,0.0,0.0,0.0,23.0,1,0,27,3,0,7.08
Trevoh Chalobah,Chelsea,Big5,DF,2740,,0,Perfil 0,1,1,0.99,3,0,1.4,0.0,0.0,0.0,36,0.0,0.0,16.112,5,0.0,0.0,0.0,26.0,3,1,32,0,0,7.01
Brendan Chardonnet,Brest,Big5,DF,2456,,0,Perfil 0,1,1,1.0,1,3,0.7,0.0,0.0,0.0,33,0.0,0.0,10.920000000000002,6,0.0,0.0,0.0,31.0,5,0,28,0,0,6.86
Pep Chavarría,Rayo Vallecano,Big5,DF,2512,,0,Perfil 0,1,1,1.0,1,2,0.6,0.0,0.0,0.0,31,0.0,0.0,17.855999999999998,3,0.0,0.0,0.0,28.0,6,1,31,0,0,6.86
Walid Cheddira,Lecce,Big5,FW,842,,0,Perfil 0,0,0,0.04,1,1,3.6,0.0,0.0,0.0,0,0.0,0.0,19.081999999999997,6,0.0,0.0,0.0,28.0,2,0,15,1,0,6.41
Samir Chergui,Paris FC,Big5,DF,1064,,0,Perfil 0,1,1,0.85,1,0,1.7,0.0,0.0,0.0,9,0.0,0.0,12.036000000000001,4,0.0,0.0,0.0,27.0,1,0,14,0,0,6.86
Sidiki Cherif,Angers,Big5,FW,1157,,0,Perfil 0,1,1,0.83,4,0,3.0,0.0,0.0,0.0,6,0.0,0.0,28.122000000000003,12,0.0,0.0,0.0,19.0,3,0,19,1,0,6.48
Rayan Cherki,Manchester City,Big5,MF,1718,90000000.0,1,Atacantes,1,1,0.98,4,12,4.1,0.0,0.0,0.0,7,0.0,0.0,53.098,13,0.0,0.0,0.0,22.0,1,0,31,3,0,7.35
Lucas Chevalier,Paris Saint-Germain,Big5,GK,1530,,2,Goleiros,1,1,0.96,0,0,0.0,0.0,0.0,0.0,0,0.0,0.0,0.0,0,32.0,72.1,9.0,24.0,0,0,17,2,0,7.0
Federico Chiesa,Liverpool,Big5,MF,314,,0,Perfil 0,0,0,0.2,2,1,1.5,0.0,0.0,0.0,4,0.0,0.0,16.064999999999998,4,0.0,0.0,0.0,28.0,3,0,25,3,0,6.86
Ben Chilwell,Strasbourg,Big5,DF,1598,,0,Perfil 0,1,1,1.0,0,2,0.3,0.0,0.0,0.0,22,0.0,0.0,4.984000000000001,3,0.0,0.0,0.0,29.0,4,0,20,0,0,6.77
Joris Chotard,Brest,Big5,MF,2756,,0,Perfil 0,1,1,1.0,2,1,1.3,0.0,0.0,0.0,48,0.0,0.0,25.092,8,0.0,0.0,0.0,24.0,2,0,32,3,0,6.8
Andreas Christensen,Barcelona,Big5,DF,380,,0,Perfil 0,0,0,0.01,0,0,0.3,0.0,0.0,0.0,2,0.0,0.0,1.974,0,0.0,0.0,0.0,30.0,1,0,12,0,0,6.86
Ryan Christie,Bournemouth,Big5,MF,993,,0,Perfil 0,0,0,0.38,2,0,1.9,0.0,0.0,0.0,11,0.0,0.0,24.97,8,0.0,0.0,0.0,31.0,3,1,26,3,0,6.64
Samuel Chukwueze,Fulham,Big5,MF,1067,,0,Perfil 0,1,1,0.82,3,4,2.1,0.0,0.0,0.0,6,0.0,0.0,25.108999999999998,7,0.0,0.0,0.0,26.0,0,0,22,3,0,6.78
Víctor Chust,Elche,Big5,DF,1992,,0,Perfil 0,1,1,1.0,0,0,0.5,0.0,0.0,0.0,20,0.0,0.0,7.956,2,0.0,0.0,0.0,26.0,9,1,29,0,0,6.76
Alessandro Circati,Parma,Big5,DF,2484,,0,Perfil 0,1,1,0.99,1,0,1.0,0.0,0.0,0.0,24,0.0,0.0,8.004,1,0.0,0.0,0.0,22.0,6,0,29,0,0,6.83
Dennis Cirkin,Sunderland,Big5,DF,323,,0,Perfil 0,0,0,0.0,0,0,0.1,0.0,0.0,0.0,5,0.0,0.0,1.0080000000000002,0,0.0,0.0,0.0,24.0,2,0,8,0,0,6.86
Pathé Ciss,Rayo Vallecano,Big5,MF,1848,,0,Perfil 0,1,1,0.98,2,0,3.3,0.0,0.0,0.0,31,0.0,0.0,19.065,7,0.0,0.0,0.0,32.0,8,2,26,3,0,6.97
Amadou Cissé,Strasbourg,Big5,DF,90,,0,Perfil 0,0,0,0.0,0,0,0.0,0.0,0.0,0.0,0,0.0,0.0,0.0,0,0.0,0.0,0.0,20.0,0,0,1,0,0,6.86
Djaoui Cissé,Rennes,Big5,MF,981,,0,Perfil 0,0,0,0.14,0,0,0.8,0.0,0.0,0.0,5,0.0,0.0,23.980000000000004,6,0.0,0.0,0.0,22.0,3,0,24,3,0,6.56
Jonathan Clauss,Nice,Big5,MF,2453,,0,Perfil 0,1,1,0.98,1,6,1.3,0.0,0.0,0.0,47,0.0,0.0,22.932,6,0.0,0.0,0.0,33.0,0,0,29,3,0,7.26
Nathaniel Clyne,Crystal Palace,Big5,MF,504,,0,Perfil 0,0,0,0.0,0,1,0.4,0.0,0.0,0.0,7,0.0,0.0,3.024,0,0.0,0.0,0.0,35.0,1,0,9,3,0,6.86
Saúl Coco,Torino,Big5,DF,2908,,0,Perfil 0,1,1,1.0,1,1,0.9,0.0,0.0,0.0,41,0.0,0.0,14.857999999999999,4,0.0,0.0,0.0,27.0,3,0,33,0,0,6.75
Maxime Colin,Metz,Big5,DF,1602,,0,Perfil 0,1,1,0.95,0,0,0.4,0.0,0.0,0.0,22,0.0,0.0,6.942,2,0.0,0.0,0.0,34.0,1,0,21,0,0,6.46
Nathan Collins,Brentford,Big5,DF,2795,,0,Perfil 0,1,1,1.0,1,2,2.3,0.0,0.0,0.0,34,0.0,0.0,18.971,6,0.0,0.0,0.0,25.0,6,0,33,0,0,6.88
Nnamdi Collins,Eintracht Frankfurt,Big5,DF,1500,,0,Perfil 0,1,1,0.97,1,2,0.5,0.0,0.0,0.0,24,0.0,0.0,4.008,1,0.0,0.0,0.0,22.0,4,0,23,0,0,6.81
Michele Collocolo,Cremonese,Big5,MF,308,,0,Perfil 0,0,0,0.0,0,0,0.1,0.0,0.0,0.0,1,0.0,0.0,1.9719999999999998,1,0.0,0.0,0.0,26.0,1,0,6,3,0,6.86
Lorenzo Colombo,Genoa,Big5,FW,2152,,1,Atacantes,1,1,0.99,7,1,8.3,0.0,0.0,0.0,1,0.0,0.0,65.008,27,0.0,0.0,0.0,24.0,2,0,36,1,0,6.46
Levi Colwill,Chelsea,Big5,DF,135,50000000.0,0,Perfil 0,0,0,0.0,0,0,0.0,0.0,0.0,0.0,3,0.0,0.0,0.0,0,0.0,0.0,0.0,23.0,0,0,2,0,0,6.86
Santi Comesaña,Villarreal,Big5,MF,2344,,1,Atacantes,1,1,1.0,3,6,4.2,0.0,0.0,0.0,31,0.0,0.0,26.0,7,0.0,0.0,0.0,29.0,5,1,33,3,0,6.97
Pietro Comuzzo,Fiorentina,Big5,DF,1579,,0,Perfil 0,1,1,0.98,1,0,1.0,0.0,0.0,0.0,22,0.0,0.0,9.975,2,0.0,0.0,0.0,21.0,2,0,25,0,0,6.57
Francisco Conceição,Juventus,Big5,MF,1941,,1,Atacantes,1,1,1.0,3,4,7.8,0.0,0.0,0.0,7,0.0,0.0,67.176,22,0.0,0.0,0.0,23.0,3,0,29,3,0,7.21
Lewis Cook,Bournemouth,Big5,MF,872,,0,Perfil 0,0,0,0.18,0,1,0.1,0.0,0.0,0.0,21,0.0,0.0,3.0069999999999997,0,0.0,0.0,0.0,29.0,1,1,16,3,0,6.86
Diego Coppola,Paris FC,Big5,DF,1080,,0,Perfil 0,1,1,0.7,0,2,0.3,0.0,0.0,0.0,7,0.0,0.0,3.96,2,0.0,0.0,0.0,22.0,1,0,12,0,0,6.86
Francesco Coppola,Pisa,Big5,DF,458,,0,Perfil 0,0,0,0.05,0,0,0.1,0.0,0.0,0.0,5,0.0,0.0,1.9889999999999999,0,0.0,0.0,0.0,21.0,3,0,7,0,0,6.86
Francis Coquelin,Nantes,Big5,MF,655,,0,Perfil 0,0,0,0.0,0,1,0.1,0.0,0.0,0.0,5,0.0,0.0,5.986,1,0.0,0.0,0.0,35.0,2,0,16,3,0,6.86
Maxwel Cornet,Genoa,Big5,MF,118,,0,Perfil 0,0,0,0.0,0,0,1.5,0.0,0.0,0.0,0,0.0,0.0,3.965,2,0.0,0.0,0.0,29.0,0,0,8,3,0,6.86
Félix Correia,Lille,Big5,MF,1992,,1,Atacantes,1,1,0.98,4,5,5.3,0.0,0.0,0.0,21,0.0,0.0,34.034000000000006,8,0.0,0.0,0.0,25.0,2,0,33,3,0,6.91
Alvaro Cortes,Barcelona,Big5,DF,90,,0,Perfil 0,0,0,0.0,0,0,0.0,0.0,0.0,0.0,1,0.0,0.0,0.0,0,0.0,0.0,0.0,21.0,0,0,1,0,0,6.86
Paco Cortés,Levante,Big5,MF,472,,0,Perfil 0,0,0,0.0,0,0,0.5,0.0,0.0,0.0,2,0.0,0.0,11.908000000000001,4,0.0,0.0,0.0,18.0,2,0,12,3,0,6.86
Edoardo Corvi,Parma,Big5,GK,1440,,2,Goleiros,1,1,1.0,0,0,0.0,0.0,0.0,0.0,0,0.0,0.0,0.0,0,43.0,74.6,6.0,25.0,1,0,16,2,0,6.93
Coba da Costa,Getafe,Big5,MF,348,,0,Perfil 0,0,0,0.0,0,0,0.3,0.0,0.0,0.0,0,0.0,0.0,5.031,1,0.0,0.0,0.0,23.0,1,0,14,3,0,6.86
Grégoire Coudert,Brest,Big5,GK,2102,,2,Goleiros,1,1,1.0,0,0,0.0,0.0,0.0,0.0,0,0.0,0.0,0.0,0,75.0,67.3,6.0,27.0,2,0,24,2,0,6.89
Lassana Coulibaly,Lecce,Big5,MF,2509,,0,Perfil 0,1,1,0.96,3,1,2.8,0.0,0.0,0.0,9,0.0,0.0,25.947,8,0.0,0.0,0.0,30.0,4,0,31,3,0,6.86
Lasso Coulibaly,Auxerre,Big5,MF,321,,0,Perfil 0,0,0,0.02,0,0,0.2,0.0,0.0,0.0,6,0.0,0.0,3.024,0,0.0,0.0,0.0,23.0,1,0,17,3,0,6.86
Mamadou Coulibaly,Monaco,Big5,MF,1357,,0,Perfil 0,1,1,0.99,3,3,1.6,0.0,0.0,0.0,21,0.0,0.0,12.08,5,0.0,0.0,0.0,22.0,7,1,24,3,0,6.81
Soumaïla Coulibaly,Brest,Big5,DF,1338,,0,Perfil 0,1,1,0.86,0,0,0.3,0.0,0.0,0.0,13,0.0,0.0,5.960000000000001,2,0.0,0.0,0.0,22.0,3,0,16,0,0,6.86
Woyo Coulibaly,Sassuolo,Big5,DF,874,,0,Perfil 0,0,0,0.15,0,0,0.1,0.0,0.0,0.0,8,0.0,0.0,3.9769999999999994,1,0.0,0.0,0.0,26.0,2,0,18,0,0,6.51
Marius Courcoul,Angers,Big5,MF,374,,0,Perfil 0,0,0,0.02,0,0,0.1,0.0,0.0,0.0,3,0.0,0.0,2.016,1,0.0,0.0,0.0,19.0,0,0,18,3,0,6.86
Thibaut Courtois,Real Madrid,Big5,GK,2610,,2,Goleiros,1,1,1.0,0,0,0.0,0.0,0.0,0.0,0,0.0,0.0,0.0,0,63.0,74.1,11.0,34.0,1,0,29,2,0,7.09
Nicolas Cozza,Nantes,Big5,DF,2301,,0,Perfil 0,1,1,0.98,0,1,1.9,0.0,0.0,0.0,21,0.0,0.0,11.008000000000001,3,0.0,0.0,0.0,27.0,2,0,29,0,0,6.62
Charlie Cresswell,Toulouse,Big5,DF,2533,,1,Atacantes,1,1,1.0,3,2,3.4,0.0,0.0,0.0,30,0.0,0.0,37.935,12,0.0,0.0,0.0,23.0,8,0,29,0,0,7.04
Bryan Cristante,Roma,Big5,MF,2914,,0,Perfil 0,1,1,1.0,2,1,2.1,0.0,0.0,0.0,28,0.0,0.0,41.147999999999996,8,0.0,0.0,0.0,31.0,6,0,35,3,0,7.18
Juan Cuadrado,Pisa,Big5,MF,465,,0,Perfil 0,0,0,0.02,1,0,1.0,0.0,0.0,0.0,5,0.0,0.0,10.088,2,0.0,0.0,0.0,37.0,3,0,17,3,0,6.86
Pau Cubarsí,Barcelona,Big5,DF,2703,80000000.0,0,Perfil 0,1,1,1.0,1,0,0.5,0.0,0.0,0.0,30,0.0,0.0,9.9,2,0.0,0.0,0.0,19.0,3,0,31,0,0,7.28
Marc Cucurella,Chelsea,Big5,DF,2527,50000000.0,0,Perfil 0,1,1,1.0,1,4,2.3,0.0,0.0,0.0,27,0.0,0.0,19.951,6,0.0,0.0,0.0,27.0,7,1,32,0,0,6.97
Jorge Cuenca,Fulham,Big5,DF,933,,0,Perfil 0,0,0,0.15,0,0,0.1,0.0,0.0,0.0,15,0.0,0.0,1.04,0,0.0,0.0,0.0,26.0,5,0,14,0,0,6.86
Josh Cullen,Burnley,Big5,MF,1514,,0,Perfil 0,1,1,0.84,2,2,0.9,0.0,0.0,0.0,24,0.0,0.0,10.920000000000002,6,0.0,0.0,0.0,30.0,2,0,18,3,0,6.86
Jair Cunha,Nottingham Forest,Big5,DF,448,,0,Perfil 0,0,0,0.01,0,0,0.3,0.0,0.0,0.0,4,0.0,0.0,3.0,1,0.0,0.0,0.0,21.0,0,0,7,0,0,6.86
Patrick Cutrone,Parma,Big5,FW,888,,0,Perfil 0,0,0,0.06,1,0,2.6,0.0,0.0,0.0,3,0.0,0.0,25.047,7,0.0,0.0,0.0,28.0,0,0,15,1,0,6.74
Lucas Da Cunha,Como,Big5,MF,2559,,1,Atacantes,1,1,0.99,4,4,6.6,0.0,0.0,0.0,16,0.0,0.0,36.92,14,0.0,0.0,0.0,24.0,4,0,34,3,0,7.33
Mahmoud Dahoud,Eintracht Frankfurt,Big5,MF,685,,0,Perfil 0,0,0,0.15,2,3,0.8,0.0,0.0,0.0,9,0.0,0.0,14.972,2,0.0,0.0,0.0,30.0,0,0,14,3,0,6.86
Thijs Dallinga,Bologna,Big5,FW,786,,0,Perfil 0,0,0,0.1,2,2,2.9,0.0,0.0,0.0,1,0.0,0.0,23.924999999999997,5,0.0,0.0,0.0,25.0,2,0,21,1,0,6.74
Mikkel Damsgaard,Brentford,Big5,MF,1956,,1,Atacantes,1,1,1.0,4,4,2.6,0.0,0.0,0.0,24,0.0,0.0,27.993,11,0.0,0.0,0.0,25.0,0,0,31,3,0,6.99
Kévin Danois,Auxerre,Big5,MF,2740,,0,Perfil 0,1,1,1.0,3,1,2.0,0.0,0.0,0.0,37,0.0,0.0,24.016,8,0.0,0.0,0.0,21.0,3,0,32,3,0,7.19
Kevin Danso,Tottenham Hotspur,Big5,DF,1314,,0,Perfil 0,1,1,0.99,0,0,0.6,0.0,0.0,0.0,19,0.0,0.0,7.008,2,0.0,0.0,0.0,27.0,8,0,22,0,0,6.9
Dante,Nice,Big5,DF,759,,0,Perfil 0,0,0,0.03,0,1,0.3,0.0,0.0,0.0,10,0.0,0.0,4.9559999999999995,1,0.0,0.0,0.0,42.0,1,0,11,0,0,6.86
Sergi Darder,Mallorca,Big5,MF,2500,,1,Atacantes,1,1,1.0,1,5,2.0,0.0,0.0,0.0,22,0.0,0.0,33.916,12,0.0,0.0,0.0,32.0,3,0,36,3,0,7.0
Karl Darlow,Leeds United,Big5,GK,1800,,2,Goleiros,1,1,1.0,0,0,0.0,0.0,0.0,0.0,0,0.0,0.0,0.0,0,51.0,69.9,4.0,35.0,1,0,20,2,0,7.01
David Datro Fofana,Strasbourg,Big5,FW,171,,0,Perfil 0,0,0,0.0,0,0,1.0,0.0,0.0,0.0,1,0.0,0.0,3.002,1,0.0,0.0,0.0,23.0,0,0,5,1,0,6.74
Jonathan David,Juventus,Big5,FW,1752,,1,Atacantes,1,1,1.0,6,4,8.8,0.0,0.0,0.0,6,0.0,0.0,41.144999999999996,16,0.0,0.0,0.0,26.0,0,0,34,1,0,6.7
Ben Davies,Tottenham Hotspur,Big5,DF,137,,0,Perfil 0,0,0,0.0,1,0,0.5,0.0,0.0,0.0,1,0.0,0.0,1.965,2,0.0,0.0,0.0,33.0,1,0,3,0,0,6.86
Davinchi,Getafe,Big5,DF,660,,0,Perfil 0,0,0,0.01,0,0,0.2,0.0,0.0,0.0,7,0.0,0.0,4.015000000000001,2,0.0,0.0,0.0,18.0,2,0,12,0,0,6.86
Keinan Davis,Udinese,Big5,FW,1916,,1,Atacantes,1,1,1.0,10,4,10.1,0.0,0.0,0.0,1,0.0,0.0,47.073,24,0.0,0.0,0.0,28.0,5,0,28,1,0,6.96
Kevin De Bruyne,Napoli,Big5,MF,1052,,0,Perfil 0,1,1,0.78,5,1,4.0,0.0,0.0,0.0,5,0.0,0.0,25.974,11,0.0,0.0,0.0,34.0,1,0,16,3,0,6.86
Mathys De Carvalho,Lyon,Big5,MF,295,,0,Perfil 0,0,0,0.0,0,0,0.4,0.0,0.0,0.0,4,0.0,0.0,7.062,2,0.0,0.0,0.0,21.0,1,0,11,3,0,6.86
Charles De Ketelaere,Atalanta,Big5,MF,2067,,1,Atacantes,1,1,1.0,3,5,3.6,0.0,0.0,0.0,4,0.0,0.0,44.16,16,0.0,0.0,0.0,25.0,4,0,29,3,0,7.12
Jeffrey De Lange,Marseille,Big5,GK,450,,0,Perfil 0,0,0,0.0,0,0,0.0,0.0,0.0,0.0,0,0.0,0.0,0.0,0,13.0,54.2,1.0,28.0,0,0,5,2,0,6.93
Théo De Percin,Auxerre,Big5,GK,598,,0,Perfil 0,0,0,0.0,0,0,0.0,0.0,0.0,0.0,0,0.0,0.0,0.0,0,15.0,63.6,1.0,25.0,0,0,8,2,0,6.93
Lorenzo De Silvestri,Bologna,Big5,DF,426,,0,Perfil 0,0,0,0.01,0,0,0.0,0.0,0.0,0.0,6,0.0,0.0,0.0,0,0.0,0.0,0.0,37.0,2,0,11,0,0,6.86
Thibault De Smet,Paris FC,Big5,DF,1144,,0,Perfil 0,1,1,0.87,0,1,0.2,0.0,0.0,0.0,10,0.0,0.0,3.937,0,0.0,0.0,0.0,27.0,6,2,17,0,0,6.54
Koni De Winter,Milan,Big5,DF,1785,,0,Perfil 0,1,1,0.9,1,1,0.7,0.0,0.0,0.0,13,0.0,0.0,6.93,1,0.0,0.0,0.0,23.0,1,0,25,0,0,6.91
Alessandro Deiola,Cagliari,Big5,MF,1286,,0,Perfil 0,1,1,0.78,0,2,1.5,0.0,0.0,0.0,12,0.0,0.0,18.018,6,0.0,0.0,0.0,30.0,3,0,18,3,0,6.69
Romain Del Castillo,Brest,Big5,MF,2562,,1,Atacantes,1,1,1.0,8,3,8.2,0.0,0.0,0.0,27,0.0,0.0,31.065,12,0.0,0.0,0.0,30.0,2,1,31,3,0,7.23
Enrico Del Prato,Parma,Big5,DF,2861,,0,Perfil 0,1,1,1.0,2,0,2.1,0.0,0.0,0.0,24,0.0,0.0,16.854000000000003,8,0.0,0.0,0.0,26.0,5,0,34,0,0,6.69
Thomas Delaine,Le Havre,Big5,MF,201,,0,Perfil 0,0,0,0.0,0,0,0.1,0.0,0.0,0.0,3,0.0,0.0,2.9480000000000004,0,0.0,0.0,0.0,34.0,1,0,5,3,0,6.86
Liam Delap,Chelsea,Big5,FW,1013,,0,Perfil 0,0,0,0.24,1,0,4.5,0.0,0.0,0.0,1,0.0,0.0,35.143,11,0.0,0.0,0.0,23.0,3,0,26,1,0,6.3
Fisayo Dele-Bashiru,Lazio,Big5,MF,1077,,0,Perfil 0,1,1,0.57,0,0,0.9,0.0,0.0,0.0,3,0.0,0.0,8.040000000000001,1,0.0,0.0,0.0,25.0,0,0,22,3,0,6.44
Pape Demba Diop,Toulouse,Big5,MF,1181,,0,Perfil 0,1,1,0.91,1,2,1.4,0.0,0.0,0.0,29,0.0,0.0,28.951,11,0.0,0.0,0.0,22.0,2,0,15,3,0,6.86
Ousmane Dembélé,Paris Saint-Germain,Big5,FW,1037,100000000.0,1,Atacantes,1,1,0.95,10,7,6.6,0.0,0.0,0.0,0,0.0,0.0,44.965,18,0.0,0.0,0.0,28.0,0,0,21,1,0,7.41
Jessy Deminguet,Metz,Big5,MF,1995,,0,Perfil 0,1,1,0.96,2,0,1.0,0.0,0.0,0.0,22,0.0,0.0,17.094,7,0.0,0.0,0.0,28.0,4,0,31,3,0,6.39
Sepp van den Berg,Brentford,Big5,DF,2664,,0,Perfil 0,1,1,0.99,0,1,3.1,0.0,0.0,0.0,26,0.0,0.0,21.904,7,0.0,0.0,0.0,24.0,2,0,30,0,0,6.86
Branco van den Boomen,Angers,Big5,MF,1148,,0,Perfil 0,1,1,0.66,0,1,1.1,0.0,0.0,0.0,7,0.0,0.0,13.056000000000001,5,0.0,0.0,0.0,30.0,3,0,14,3,0,6.86
Daniel Denoon,Pisa,Big5,DF,122,,0,Perfil 0,0,0,0.0,0,0,0.0,0.0,0.0,0.0,1,0.0,0.0,0.0,0,0.0,0.0,0.0,22.0,1,0,2,0,0,6.86
Nelson Deossa,Real Betis,Big5,MF,653,,0,Perfil 0,0,0,0.07,0,0,0.5,0.0,0.0,0.0,5,0.0,0.0,17.081999999999997,0,0.0,0.0,0.0,26.0,3,0,19,3,0,6.67
Rémy Descamps,Lyon,Big5,GK,450,,0,Perfil 0,0,0,0.06,0,0,0.0,0.0,0.0,0.0,0,0.0,0.0,0.0,0,14.0,82.4,4.0,29.0,0,0,5,2,0,6.93
Bahmed Deuff,Nantes,Big5,MF,250,,0,Perfil 0,0,0,0.0,0,0,0.2,0.0,0.0,0.0,2,0.0,0.0,7.055999999999999,3,0.0,0.0,0.0,20.0,1,0,11,3,0,6.86
Justin Devenny,Crystal Palace,Big5,MF,706,,0,Perfil 0,0,0,0.01,1,0,2.6,0.0,0.0,0.0,1,0.0,0.0,12.947999999999999,4,0.0,0.0,0.0,22.0,0,0,20,3,0,6.86
Kiernan Dewsbury-Hall,Everton,Big5,MF,2453,,1,Atacantes,1,1,1.0,8,4,4.3,0.0,0.0,0.0,14,0.0,0.0,37.128,15,0.0,0.0,0.0,27.0,6,0,29,3,0,7.17
Michele Di Gregorio,Juventus,Big5,GK,2565,,2,Goleiros,1,1,1.0,0,0,0.0,0.0,0.0,0.0,0,0.0,0.0,0.0,0,58.0,72.8,14.0,28.0,1,0,29,2,0,7.08
Giovanni Di Lorenzo,Napoli,Big5,DF,2099,,0,Perfil 0,1,1,0.97,2,1,2.0,0.0,0.0,0.0,9,0.0,0.0,24.931,9,0.0,0.0,0.0,32.0,1,0,24,0,0,7.14
Boulaye Dia,Lazio,Big5,FW,1162,,0,Perfil 0,1,1,0.72,1,2,2.2,0.0,0.0,0.0,3,0.0,0.0,11.997000000000002,7,0.0,0.0,0.0,29.0,1,0,25,1,0,6.27
Ibrahim Diabaté,Alavés,Big5,FW,504,,0,Perfil 0,0,0,0.0,2,0,1.8,0.0,0.0,0.0,2,0.0,0.0,12.991999999999999,5,0.0,0.0,0.0,26.0,1,0,8,1,0,6.74
Bambo Diaby,Elche,Big5,DF,102,,0,Perfil 0,0,0,0.0,0,0,0.0,0.0,0.0,0.0,1,0.0,0.0,0.0,0,0.0,0.0,0.0,28.0,1,0,4,0,0,6.86
Bafodé Diakité,Bournemouth,Big5,DF,1277,,0,Perfil 0,1,1,0.69,0,0,0.0,0.0,0.0,0.0,10,0.0,0.0,0.994,0,0.0,0.0,0.0,25.0,1,0,18,0,0,6.86
Grady Diangana,Elche,Big5,MF,843,,0,Perfil 0,0,0,0.04,1,0,1.2,0.0,0.0,0.0,4,0.0,0.0,14.006,2,0.0,0.0,0.0,28.0,3,0,19,3,0,6.27
Assane Diao,Como,Big5,MF,903,,0,Perfil 0,0,0,0.09,2,1,2.7,0.0,0.0,0.0,4,0.0,0.0,22.9,8,0.0,0.0,0.0,20.0,2,0,15,3,0,6.86
Soriba Diaoune,Lille,Big5,MF,185,,0,Perfil 0,0,0,0.0,1,1,1.3,0.0,0.0,0.0,1,0.0,0.0,10.206000000000001,4,0.0,0.0,0.0,18.0,0,0,10,3,0,6.86
Habib Diarra,Sunderland,Big5,MF,1361,,0,Perfil 0,1,1,0.73,2,1,3.4,0.0,0.0,0.0,4,0.0,0.0,24.009,8,0.0,0.0,0.0,22.0,5,0,18,3,0,6.65
Moussa Diarra,Alavés,Big5,DF,216,,0,Perfil 0,0,0,0.0,0,0,0.0,0.0,0.0,0.0,1,0.0,0.0,0.0,0,0.0,0.0,0.0,25.0,1,0,3,0,0,6.86
Rúben Dias,Manchester City,Big5,DF,2051,55000000.0,0,Perfil 0,1,1,0.99,2,0,0.6,0.0,0.0,0.0,22,0.0,0.0,10.032,4,0.0,0.0,0.0,29.0,3,0,25,0,0,7.18
Krépin Diatta,Monaco,Big5,MF,1013,,0,Perfil 0,0,0,0.1,0,1,1.2,0.0,0.0,0.0,15,0.0,0.0,7.006,1,0.0,0.0,0.0,27.0,2,0,18,3,0,6.86
Mory Diaw,Le Havre,Big5,GK,2565,,2,Goleiros,1,1,1.0,0,1,0.0,0.0,0.0,0.0,2,0.0,0.0,0.0,0,79.0,69.0,6.0,32.0,1,0,29,2,0,6.98
Brahim Díaz,Real Madrid,Big5,MF,1088,,0,Perfil 0,1,1,0.88,0,5,1.8,0.0,0.0,0.0,2,0.0,0.0,11.011,4,0.0,0.0,0.0,26.0,2,0,27,3,0,6.84
Pedro Díaz,Rayo Vallecano,Big5,MF,1665,,0,Perfil 0,1,1,0.96,0,1,1.7,0.0,0.0,0.0,5,0.0,0.0,41.07,5,0.0,0.0,0.0,27.0,2,0,31,3,0,6.59
Tyler Dibling,Everton,Big5,MF,358,,0,Perfil 0,0,0,0.0,0,0,0.2,0.0,0.0,0.0,6,0.0,0.0,4.04,0,0.0,0.0,0.0,20.0,2,0,14,3,0,6.86
Yaya Diémé,Strasbourg,Big5,FW,154,,0,Perfil 0,0,0,0.0,0,0,0.2,0.0,0.0,0.0,0,0.0,0.0,1.9889999999999999,1,0.0,0.0,0.0,18.0,2,0,3,1,0,6.74
Bamba Dieng,Lorient,Big5,FW,1132,,1,Atacantes,1,1,0.95,10,1,8.8,0.0,0.0,0.0,2,0.0,0.0,43.092,23,0.0,0.0,0.0,26.0,2,0,21,1,0,6.84
Eric Dier,Monaco,Big5,DF,688,,0,Perfil 0,0,0,0.01,1,0,0.5,0.0,0.0,0.0,10,0.0,0.0,2.964,2,0.0,0.0,0.0,32.0,0,0,9,0,0,6.86
Lucas Digne,Aston Villa,Big5,DF,1762,,0,Perfil 0,1,1,0.98,0,5,0.7,0.0,0.0,0.0,12,0.0,0.0,12.936000000000002,5,0.0,0.0,0.0,32.0,3,0,30,0,0,6.8
Junior Dina Ebimbe,Brest,Big5,MF,1165,,0,Perfil 0,1,1,0.94,5,0,3.6,0.0,0.0,0.0,6,0.0,0.0,26.961,9,0.0,0.0,0.0,25.0,3,0,27,3,0,6.48
Sinaly Diomande,Auxerre,Big5,DF,2041,,0,Perfil 0,1,1,1.0,2,2,1.8,0.0,0.0,0.0,32,0.0,0.0,9.08,4,0.0,0.0,0.0,25.0,4,1,23,0,0,6.95
Yan Diomandé,RB Leipzig,Big5,FW,2393,90000000.0,1,Atacantes,1,1,1.0,12,7,7.1,0.0,0.0,0.0,16,0.0,0.0,50.008,24,0.0,0.0,0.0,19.0,2,0,32,1,0,7.61
Issa Diop,Fulham,Big5,DF,641,,0,Perfil 0,0,0,0.0,0,0,0.8,0.0,0.0,0.0,4,0.0,0.0,0.994,0,0.0,0.0,0.0,29.0,2,0,11,0,0,6.86
Sofiane Diop,Nice,Big5,MF,2059,,1,Atacantes,1,1,1.0,8,2,7.2,0.0,0.0,0.0,17,0.0,0.0,50.150999999999996,16,0.0,0.0,0.0,25.0,5,0,32,3,0,6.94
Andy Diouf,Lens,Big5,MF,90,,0,Perfil 0,0,0,0.0,0,0,0.2,0.0,0.0,0.0,0,0.0,0.0,3.0,1,0.0,0.0,0.0,22.0,0,0,1,3,0,6.86
Yehvann Diouf,Nice,Big5,GK,2250,,2,Goleiros,1,1,0.98,0,0,0.0,0.0,0.0,0.0,2,0.0,0.0,0.0,0,87.0,68.3,4.0,26.0,1,0,25,2,0,6.93
Assane Dioussé,Auxerre,Big5,MF,219,,0,Perfil 0,0,0,0.02,0,0,0.1,0.0,0.0,0.0,6,0.0,0.0,3.9359999999999995,1,0.0,0.0,0.0,28.0,3,0,15,3,0,6.86
Axel Disasi,West Ham United,Big5,DF,1074,,0,Perfil 0,1,1,0.7,0,0,1.0,0.0,0.0,0.0,8,0.0,0.0,4.998,3,0.0,0.0,0.0,28.0,1,0,12,0,0,6.86
Matías Dituro,Elche,Big5,GK,1800,,2,Goleiros,1,1,0.96,0,0,0.0,0.0,0.0,0.0,1,0.0,0.0,0.0,0,58.0,70.7,3.0,39.0,1,0,20,2,0,6.95
Djené,Getafe,Big5,DF,2540,,0,Perfil 0,1,1,1.0,0,0,0.1,0.0,0.0,0.0,37,0.0,0.0,3.9480000000000004,0,0.0,0.0,0.0,34.0,10,1,33,0,0,6.71
Berat Djimsiti,Atalanta,Big5,DF,2411,,0,Perfil 0,1,1,0.99,0,0,1.6,0.0,0.0,0.0,37,0.0,0.0,15.008000000000003,2,0.0,0.0,0.0,33.0,4,0,32,0,0,6.93
Marko Dmitrović,Espanyol,Big5,GK,3240,,2,Goleiros,1,1,1.0,0,0,0.0,0.0,0.0,0.0,0,0.0,0.0,0.0,0,127.0,72.6,10.0,34.0,0,0,36,2,0,7.09
Ritsu Doan,Eintracht Frankfurt,Big5,MF,2274,,1,Atacantes,1,1,1.0,5,5,3.4,0.0,0.0,0.0,17,0.0,0.0,37.95,14,0.0,0.0,0.0,27.0,5,0,30,3,0,6.97
Dodô,Fiorentina,Big5,DF,2954,,0,Perfil 0,1,1,1.0,1,2,2.2,0.0,0.0,0.0,29,0.0,0.0,24.927999999999997,4,0.0,0.0,0.0,27.0,7,0,34,0,0,7.13
Josh Doig,Sassuolo,Big5,DF,1917,,0,Perfil 0,1,1,1.0,0,0,0.7,0.0,0.0,0.0,22,0.0,0.0,11.076,4,0.0,0.0,0.0,23.0,5,0,30,0,0,6.56
Jeremy Doku,Manchester City,Big5,MF,1695,75000000.0,1,Atacantes,1,1,0.99,5,5,2.7,0.0,0.0,0.0,12,0.0,0.0,35.908,14,0.0,0.0,0.0,23.0,0,0,28,3,0,7.33
Tyrhys Dolan,Espanyol,Big5,MF,2295,,1,Atacantes,1,1,1.0,2,4,2.5,0.0,0.0,0.0,15,0.0,0.0,31.875,11,0.0,0.0,0.0,24.0,7,1,34,3,0,6.82
Marc Domenech,Mallorca,Big5,MF,214,,0,Perfil 0,0,0,0.01,0,1,0.1,0.0,0.0,0.0,0,0.0,0.0,3.024,0,0.0,0.0,0.0,20.0,0,0,7,3,0,6.86
Nicolás Domínguez,Nottingham Forest,Big5,MF,1080,,0,Perfil 0,1,1,0.78,1,1,1.5,0.0,0.0,0.0,6,0.0,0.0,15.96,5,0.0,0.0,0.0,27.0,3,0,25,3,0,6.67
Jean-Luc Dompé,Hamburger SV,Big5,FW,1138,,0,Perfil 0,1,1,0.78,3,0,2.1,0.0,0.0,0.0,0,0.0,0.0,24.948,12,0.0,0.0,0.0,30.0,0,0,20,1,0,6.89
John Donald,Elche,Big5,DF,613,,0,Perfil 0,0,0,0.15,1,0,0.7,0.0,0.0,0.0,7,0.0,0.0,5.984,2,0.0,0.0,0.0,25.0,3,0,19,0,0,6.86
Gianluigi Donnarumma,Manchester City,Big5,GK,2970,45000000.0,2,Goleiros,1,1,1.0,0,0,0.0,0.0,0.0,0.0,1,0.0,0.0,0.0,0,73.0,72.5,15.0,27.0,7,0,33,2,0,7.24
Alberto Dossena,Cagliari,Big5,DF,740,,0,Perfil 0,0,0,0.05,0,1,0.8,0.0,0.0,0.0,7,0.0,0.0,6.969999999999999,2,0.0,0.0,0.0,27.0,5,0,10,0,0,6.86
Lohann Doucet,Paris FC,Big5,MF,121,,0,Perfil 0,0,0,0.0,1,0,0.3,0.0,0.0,0.0,0,0.0,0.0,1.937,1,0.0,0.0,0.0,23.0,2,0,5,3,0,6.86
Fodé Doucouré,Le Havre,Big5,MF,1167,,0,Perfil 0,1,1,0.94,3,1,2.1,0.0,0.0,0.0,8,0.0,0.0,20.02,8,0.0,0.0,0.0,25.0,2,0,25,3,0,6.69
Désiré Doué,Paris Saint-Germain,Big5,FW,1348,120000000.0,1,Atacantes,1,1,0.99,7,4,7.9,0.0,0.0,0.0,12,0.0,0.0,55.05,19,0.0,0.0,0.0,20.0,0,0,23,1,0,7.42
Guela Doué,Strasbourg,Big5,DF,1971,,0,Perfil 0,1,1,0.98,2,6,2.1,0.0,0.0,0.0,27,0.0,0.0,12.045,5,0.0,0.0,0.0,23.0,3,0,23,0,0,7.3
Ismaël Doukouré,Strasbourg,Big5,DF,1982,,0,Perfil 0,1,1,0.99,0,2,0.4,0.0,0.0,0.0,23,0.0,0.0,7.04,3,0.0,0.0,0.0,22.0,4,2,24,0,0,6.74
Kamory Doumbia,Brest,Big5,MF,1678,,1,Atacantes,1,1,1.0,5,3,4.8,0.0,0.0,0.0,20,0.0,0.0,39.99,13,0.0,0.0,0.0,23.0,6,0,23,3,0,7.11
Anastasios Douvikas,Como,Big5,FW,2110,,1,Atacantes,1,1,1.0,13,1,12.1,0.0,0.0,0.0,4,0.0,0.0,56.862,27,0.0,0.0,0.0,26.0,0,0,36,1,0,6.82
Artem Dovbyk,Roma,Big5,FW,390,,0,Perfil 0,0,0,0.0,3,1,2.5,0.0,0.0,0.0,0,0.0,0.0,9.933,5,0.0,0.0,0.0,28.0,0,0,13,1,0,6.74
Max Dowman,Arsenal,Big5,MF,96,,0,Perfil 0,0,0,0.0,1,0,1.2,0.0,0.0,0.0,1,0.0,0.0,6.1930000000000005,1,0.0,0.0,0.0,16.0,0,0,5,3,0,6.86
Damion Downs,Hamburger SV,Big5,FW,536,,0,Perfil 0,0,0,0.0,0,0,0.6,0.0,0.0,0.0,0,0.0,0.0,7.08,4,0.0,0.0,0.0,21.0,0,0,12,1,0,6.74
Radu Drăgușin,Tottenham Hotspur,Big5,DF,516,,0,Perfil 0,0,0,0.01,0,0,0.3,0.0,0.0,0.0,16,0.0,0.0,3.9899999999999998,0,0.0,0.0,0.0,24.0,0,0,9,0,0,6.86
Domingos Duarte,Getafe,Big5,DF,2762,,0,Perfil 0,1,1,1.0,1,1,0.9,0.0,0.0,0.0,31,0.0,0.0,11.973,4,0.0,0.0,0.0,31.0,11,0,32,0,0,6.79
Martin Dúbravka,Burnley,Big5,GK,3150,,2,Goleiros,1,1,0.99,0,0,0.0,0.0,0.0,0.0,0,0.0,0.0,0.0,0,127.0,66.1,4.0,37.0,1,0,35,2,0,6.73
Maxime Dupé,Nice,Big5,GK,720,,0,Perfil 0,0,0,0.0,0,0,0.0,0.0,0.0,0.0,0,0.0,0.0,0.0,0,20.0,62.5,1.0,33.0,0,0,8,2,0,6.93
Rafiu Durosinmi,Pisa,Big5,FW,432,,0,Perfil 0,0,0,0.01,1,1,0.8,0.0,0.0,0.0,1,0.0,0.0,8.976,5,0.0,0.0,0.0,23.0,1,1,12,1,0,6.74
Paulo Dybala,Roma,Big5,FW,1177,,1,Atacantes,1,1,0.92,2,3,4.8,0.0,0.0,0.0,3,0.0,0.0,37.073,15,0.0,0.0,0.0,32.0,0,0,20,1,0,7.09
Edin Džeko,Fiorentina,Big5,FW,244,,0,Perfil 0,0,0,0.0,0,0,0.3,0.0,0.0,0.0,1,0.0,0.0,3.996,1,0.0,0.0,0.0,40.0,1,0,11,1,0,6.74
Aron Dønnum,Toulouse,Big5,MF,2419,,1,Atacantes,1,1,1.0,4,4,4.8,0.0,0.0,0.0,29,0.0,0.0,40.080999999999996,14,0.0,0.0,0.0,28.0,10,1,28,3,0,7.22
Younes Ebnoutalib,Eintracht Frankfurt,Big5,FW,133,,0,Perfil 0,0,0,0.0,1,0,0.6,0.0,0.0,0.0,1,0.0,0.0,5.07,2,0.0,0.0,0.0,22.0,0,0,5,1,0,6.74
Simon Ebonog,Le Havre,Big5,MF,1741,,0,Perfil 0,1,1,1.0,1,0,1.8,0.0,0.0,0.0,23,0.0,0.0,22.002,4,0.0,0.0,0.0,21.0,8,0,29,3,0,6.57
Enzo Ebosse,Torino,Big5,DF,935,,0,Perfil 0,0,0,0.0,0,1,0.0,0.0,0.0,0.0,8,0.0,0.0,0.0,0,0.0,0.0,0.0,27.0,2,0,11,0,0,6.86
Claudio Echeverri,Girona,Big5,FW,561,,0,Perfil 0,0,0,0.0,1,1,2.2,0.0,0.0,0.0,1,0.0,0.0,15.934,4,0.0,0.0,0.0,20.0,3,0,14,1,0,6.74
Éderson,Atalanta,Big5,MF,2140,45000000.0,1,Atacantes,1,1,0.99,2,1,4.4,0.0,0.0,0.0,25,0.0,0.0,34.986,11,0.0,0.0,0.0,26.0,3,0,29,3,0,7.14
Noah Edjouma,Lille,Big5,MF,92,,0,Perfil 0,0,0,0.0,0,0,0.8,0.0,0.0,0.0,0,0.0,0.0,1.96,0,0.0,0.0,0.0,20.0,0,0,3,3,0,6.86
Odsonne Édouard,Lens,Big5,FW,1796,,1,Atacantes,1,1,1.0,12,3,11.5,0.0,0.0,0.0,4,0.0,0.0,60.199999999999996,31,0.0,0.0,0.0,28.0,2,0,29,1,0,6.93
Marcus Edwards,Burnley,Big5,MF,1051,,0,Perfil 0,1,1,0.65,1,3,1.5,0.0,0.0,0.0,3,0.0,0.0,21.996,6,0.0,0.0,0.0,27.0,0,0,22,3,0,6.86
CJ Egan-Riley,Marseille,Big5,DF,624,,0,Perfil 0,0,0,0.0,0,0,0.0,0.0,0.0,0.0,2,0.0,0.0,0.0,0,0.0,0.0,0.0,23.0,1,1,11,0,0,6.86
Kingsley Ehizibue,Udinese,Big5,MF,1721,,0,Perfil 0,1,1,0.98,2,0,1.1,0.0,0.0,0.0,13,0.0,0.0,8.022,2,0.0,0.0,0.0,30.0,5,0,31,3,0,6.59
Chidera Ejuke,Sevilla,Big5,MF,881,,0,Perfil 0,0,0,0.18,1,1,1.6,0.0,0.0,0.0,7,0.0,0.0,22.05,3,0.0,0.0,0.0,28.0,0,0,25,3,0,6.74
Hjalmar Ekdal,Burnley,Big5,DF,1539,,0,Perfil 0,1,1,0.83,0,0,0.3,0.0,0.0,0.0,12,0.0,0.0,5.985,1,0.0,0.0,0.0,27.0,0,0,19,0,0,6.86
Jeff Ekhator,Genoa,Big5,FW,929,,0,Perfil 0,0,0,0.15,3,0,2.9,0.0,0.0,0.0,2,0.0,0.0,17.922,4,0.0,0.0,0.0,19.0,3,0,29,1,0,6.32
Hugo Ekitike,Liverpool,Big5,FW,1803,80000000.0,1,Atacantes,1,1,0.98,11,4,9.9,0.0,0.0,0.0,4,0.0,0.0,64.80000000000001,19,0.0,0.0,0.0,23.0,0,0,28,1,0,7.08
Jurgen Ekkelenkamp,Udinese,Big5,MF,2186,,1,Atacantes,1,1,0.99,5,3,4.9,0.0,0.0,0.0,18,0.0,0.0,33.048,15,0.0,0.0,0.0,26.0,1,0,31,3,0,6.93
Jacques Ekomie,Angers,Big5,DF,2213,,0,Perfil 0,1,1,1.0,0,0,1.1,0.0,0.0,0.0,31,0.0,0.0,11.07,3,0.0,0.0,0.0,22.0,3,0,31,0,0,6.57
Caleb Ekuban,Genoa,Big5,FW,988,,0,Perfil 0,0,0,0.26,4,1,3.7,0.0,0.0,0.0,5,0.0,0.0,29.040000000000003,10,0.0,0.0,0.0,32.0,0,0,30,1,0,6.37
Anthony Elanga,Newcastle United,Big5,FW,1288,,0,Perfil 0,1,1,0.86,0,1,1.7,0.0,0.0,0.0,3,0.0,0.0,16.016000000000002,4,0.0,0.0,0.0,24.0,0,0,30,1,0,6.39
Daniel Elfadli,Hamburger SV,Big5,DF,1253,,0,Perfil 0,1,1,0.98,0,0,0.4,0.0,0.0,0.0,20,0.0,0.0,4.031,1,0.0,0.0,0.0,29.0,6,1,21,0,0,6.45
Unai Elgezabal,Levante,Big5,DF,958,,0,Perfil 0,0,0,0.03,1,0,0.7,0.0,0.0,0.0,4,0.0,0.0,2.968,1,0.0,0.0,0.0,33.0,2,0,12,0,0,6.86
Melker Ellborg,Sunderland,Big5,GK,270,,0,Perfil 0,0,0,0.0,0,0,0.0,0.0,0.0,0.0,0,0.0,0.0,0.0,0,10.0,83.3,1.0,22.0,0,0,3,2,0,6.93
Harvey Elliott,Aston Villa,Big5,MF,112,,0,Perfil 0,0,0,0.0,0,0,0.3,0.0,0.0,0.0,0,0.0,0.0,4.823999999999999,0,0.0,0.0,0.0,23.0,0,0,4,3,0,6.86
Nesta Elphege,Parma,Big5,FW,283,,0,Perfil 0,0,0,0.0,2,1,1.9,0.0,0.0,0.0,0,0.0,0.0,4.929,2,0.0,0.0,0.0,25.0,0,0,8,1,0,6.74
Aritz Elustondo,Real Sociedad,Big5,DF,623,,0,Perfil 0,0,0,0.09,0,0,0.4,0.0,0.0,0.0,10,0.0,0.0,2.967,2,0.0,0.0,0.0,32.0,0,0,14,0,0,6.86
Breel Embolo,Rennes,Big5,FW,1827,,1,Atacantes,1,1,0.99,9,3,9.0,0.0,0.0,0.0,4,0.0,0.0,35.931000000000004,17,0.0,0.0,0.0,29.0,3,0,30,1,0,6.81
Emanuel Emegha,Strasbourg,Big5,FW,443,,0,Perfil 0,0,0,0.0,4,2,3.9,0.0,0.0,0.0,0,0.0,0.0,16.905,8,0.0,0.0,0.0,23.0,3,0,10,1,0,6.74
Emersonn,Toulouse,Big5,FW,1499,,1,Atacantes,1,1,0.95,6,2,7.4,0.0,0.0,0.0,7,0.0,0.0,51.102,19,0.0,0.0,0.0,21.0,5,1,27,1,0,6.54
Julio Enciso,Strasbourg,Big5,MF,1793,,1,Atacantes,1,1,0.99,3,3,7.6,0.0,0.0,0.0,6,0.0,0.0,58.903999999999996,22,0.0,0.0,0.0,22.0,2,0,26,3,0,6.99
Wataru Endo,Liverpool,Big5,DF,175,,0,Perfil 0,0,0,0.0,0,1,0.0,0.0,0.0,0.0,0,0.0,0.0,0.969,0,0.0,0.0,0.0,33.0,1,0,8,0,0,6.86
Endrick,Lyon,Big5,FW,1145,40000000.0,1,Atacantes,1,1,0.91,5,7,6.6,0.0,0.0,0.0,2,0.0,0.0,47.879,25,0.0,0.0,0.0,19.0,4,1,15,1,0,6.74
Xavi Espart,Barcelona,Big5,DF,120,,0,Perfil 0,0,0,0.0,0,0,0.0,0.0,0.0,0.0,5,0.0,0.0,0.0,0,0.0,0.0,0.0,18.0,0,0,3,0,0,6.86
Carlos Espí,Levante,Big5,FW,1164,,1,Atacantes,1,1,0.97,9,0,7.6,0.0,0.0,0.0,6,0.0,0.0,46.827,20,0.0,0.0,0.0,20.0,3,0,23,1,0,7.02
Sebastiano Esposito,Cagliari,Big5,FW,2505,,1,Atacantes,1,1,1.0,6,5,5.0,0.0,0.0,0.0,16,0.0,0.0,51.986000000000004,15,0.0,0.0,0.0,23.0,6,0,34,1,0,7.14
Maxime Estève,Burnley,Big5,DF,2851,,0,Perfil 0,1,1,0.99,0,0,0.7,0.0,0.0,0.0,37,0.0,0.0,10.144,1,0.0,0.0,0.0,23.0,1,0,33,0,0,6.44
Nahuel Estévez,Parma,Big5,MF,1029,,0,Perfil 0,1,1,0.84,0,1,0.6,0.0,0.0,0.0,5,0.0,0.0,9.006,1,0.0,0.0,0.0,30.0,2,0,31,3,0,6.51
Pervis Estupiñán,Milan,Big5,MF,1034,,0,Perfil 0,1,1,0.88,1,1,0.4,0.0,0.0,0.0,11,0.0,0.0,8.97,1,0.0,0.0,0.0,28.0,5,1,19,3,0,6.86
Evanilson,Bournemouth,Big5,FW,2582,,1,Atacantes,1,1,1.0,6,1,10.6,0.0,0.0,0.0,4,0.0,0.0,68.019,23,0.0,0.0,0.0,26.0,2,0,34,1,0,6.77
Edu Expósito,Espanyol,Big5,MF,2370,,1,Atacantes,1,1,1.0,1,6,2.3,0.0,0.0,0.0,23,0.0,0.0,41.817,13,0.0,0.0,0.0,29.0,9,0,34,3,0,7.14
Eberechi Eze,Arsenal,Big5,MF,1724,65000000.0,1,Atacantes,1,1,1.0,7,2,5.1,0.0,0.0,0.0,10,0.0,0.0,53.184,15,0.0,0.0,0.0,27.0,1,0,30,3,0,6.97
Giovanni Fabbian,Fiorentina,Big5,MF,378,,0,Perfil 0,0,0,0.03,0,0,2.4,0.0,0.0,0.0,1,0.0,0.0,3.9899999999999998,1,0.0,0.0,0.0,23.0,2,0,14,3,0,6.39
Alieu Fadera,Sassuolo,Big5,FW,987,,0,Perfil 0,0,0,0.35,2,1,2.1,0.0,0.0,0.0,5,0.0,0.0,13.09,4,0.0,0.0,0.0,24.0,5,0,28,1,0,6.43
Wout Faes,Monaco,Big5,DF,1051,,0,Perfil 0,1,1,0.85,0,0,0.4,0.0,0.0,0.0,13,0.0,0.0,5.031,1,0.0,0.0,0.0,28.0,3,0,13,0,0,6.86
Nicolò Fagioli,Fiorentina,Big5,MF,2491,,0,Perfil 0,1,1,1.0,2,3,2.5,0.0,0.0,0.0,17,0.0,0.0,32.132,7,0.0,0.0,0.0,25.0,5,0,32,3,0,7.17
Romain Faivre,Auxerre,Big5,MF,581,,0,Perfil 0,0,0,0.01,0,2,0.6,0.0,0.0,0.0,6,0.0,0.0,11.049999999999999,3,0.0,0.0,0.0,27.0,0,0,10,3,0,6.86
Wladimiro Falcone,Lecce,Big5,GK,3240,,2,Goleiros,1,1,1.0,0,0,0.0,0.0,0.0,0.0,0,0.0,0.0,0.0,0,103.0,69.7,9.0,31.0,2,0,36,2,0,7.11
Ansu Fati,Monaco,Big5,MF,1003,,1,Atacantes,0,0,0.36,10,0,9.6,0.0,0.0,0.0,2,0.0,0.0,38.85,21,0.0,0.0,0.0,23.0,1,0,24,3,0,6.96
Abdoulaye Faye,Lorient,Big5,DF,1354,,0,Perfil 0,1,1,0.95,0,0,0.6,0.0,0.0,0.0,28,0.0,0.0,7.95,2,0.0,0.0,0.0,21.0,8,0,16,0,0,6.65
Jacopo Fazzini,Fiorentina,Big5,MF,584,,0,Perfil 0,0,0,0.04,0,0,1.1,0.0,0.0,0.0,5,0.0,0.0,9.035,1,0.0,0.0,0.0,23.0,2,0,20,3,0,6.86
Aleix Febas,Elche,Big5,MF,3077,,0,Perfil 0,1,1,1.0,2,2,2.2,0.0,0.0,0.0,26,0.0,0.0,22.914000000000005,8,0.0,0.0,0.0,30.0,10,0,35,3,0,7.24
Mattia Felici,Cagliari,Big5,MF,411,,0,Perfil 0,0,0,0.01,2,1,0.6,0.0,0.0,0.0,5,0.0,0.0,9.062,6,0.0,0.0,0.0,25.0,3,0,11,3,0,6.86
Luiz Felipe,Rayo Vallecano,Big5,DF,470,,0,Perfil 0,0,0,0.01,0,0,0.4,0.0,0.0,0.0,7,0.0,0.0,2.964,1,0.0,0.0,0.0,29.0,1,0,10,0,0,6.86
Evan Ferguson,Roma,Big5,FW,773,,0,Perfil 0,0,0,0.1,3,2,2.6,0.0,0.0,0.0,1,0.0,0.0,27.004,15,0.0,0.0,0.0,21.0,1,0,16,1,0,6.74
Lewis Ferguson,Bologna,Big5,MF,1421,,0,Perfil 0,1,1,0.99,1,0,0.7,0.0,0.0,0.0,11,0.0,0.0,12.008000000000001,2,0.0,0.0,0.0,26.0,7,1,25,3,0,6.55
Mateus Fernandes,West Ham United,Big5,MF,2836,50000000.0,0,Perfil 0,1,1,1.0,3,3,2.0,0.0,0.0,0.0,33,0.0,0.0,24.885,6,0.0,0.0,0.0,21.0,7,0,34,3,0,7.24
Aitor Fernández,Osasuna,Big5,GK,136,,0,Perfil 0,0,0,0.0,0,0,0.0,0.0,0.0,0.0,0,0.0,0.0,0.0,0,9.0,81.8,0.0,35.0,2,0,2,2,0,6.93
Dro Fernández,Barcelona,Big5,MF,92,,0,Perfil 0,0,0,0.0,0,0,0.0,0.0,0.0,0.0,0,0.0,0.0,0.0,0,0.0,0.0,0.0,18.0,0,0,4,3,0,6.86
Dro Fernández,Paris Saint-Germain,Big5,MF,637,,0,Perfil 0,0,0,0.02,1,0,1.0,0.0,0.0,0.0,9,0.0,0.0,9.017,3,0.0,0.0,0.0,18.0,0,0,11,3,0,6.86
Enzo Fernández,Chelsea,Big5,MF,2935,90000000.0,1,Atacantes,1,1,1.0,9,3,11.3,0.0,0.0,0.0,19,0.0,0.0,70.09,30,0.0,0.0,0.0,25.0,9,0,34,3,0,7.3
Roberto Férnandez,Espanyol,Big5,FW,2289,,1,Atacantes,1,1,0.99,6,3,9.3,0.0,0.0,0.0,6,0.0,0.0,55.88,21,0.0,0.0,0.0,23.0,3,0,36,1,0,6.5
Matias Fernandez-Pardo,Lille,Big5,FW,2280,,1,Atacantes,1,1,1.0,8,5,8.8,0.0,0.0,0.0,8,0.0,0.0,66.033,29,0.0,0.0,0.0,21.0,5,0,28,1,0,7.16
Álvaro Fidalgo,Real Betis,Big5,MF,486,,0,Perfil 0,0,0,0.0,1,0,0.5,0.0,0.0,0.0,3,0.0,0.0,3.996,2,0.0,0.0,0.0,29.0,0,0,7,3,0,6.86
Max Finkgräfe,RB Leipzig,Big5,DF,414,,0,Perfil 0,0,0,0.05,1,1,0.2,0.0,0.0,0.0,8,0.0,0.0,4.002,2,0.0,0.0,0.0,22.0,2,0,12,0,0,6.86
Junior Firpo,Real Betis,Big5,DF,737,,0,Perfil 0,0,0,0.02,0,1,0.5,0.0,0.0,0.0,9,0.0,0.0,5.002,0,0.0,0.0,0.0,29.0,2,0,11,0,0,6.86
Jonathan Fischer,Metz,Big5,GK,2264,,2,Goleiros,1,1,0.99,0,0,0.0,0.0,0.0,0.0,0,0.0,0.0,0.0,0,88.0,63.5,4.0,24.0,0,0,26,2,0,6.6
Zian Flemming,Burnley,Big5,FW,1595,,1,Atacantes,1,1,1.0,10,0,7.9,0.0,0.0,0.0,6,0.0,0.0,49.913999999999994,20,0.0,0.0,0.0,27.0,4,0,27,1,0,6.72
Phil Foden,Manchester City,Big5,MF,1961,70000000.0,1,Atacantes,1,1,1.0,7,5,6.4,0.0,0.0,0.0,10,0.0,0.0,54.936,19,0.0,0.0,0.0,25.0,4,0,31,3,0,7.32
Malick Fofana,Lyon,Big5,MF,729,,0,Perfil 0,0,0,0.01,2,1,2.7,0.0,0.0,0.0,3,0.0,0.0,19.035,9,0.0,0.0,0.0,21.0,1,0,11,3,0,6.86
Rayan Fofana,Lens,Big5,FW,798,,1,Atacantes,0,0,0.23,5,0,5.6,0.0,0.0,0.0,1,0.0,0.0,36.134,12,0.0,0.0,0.0,20.0,0,0,25,1,0,6.67
Seko Fofana,Rennes,Big5,MF,655,,0,Perfil 0,0,0,0.01,1,0,1.0,0.0,0.0,0.0,3,0.0,0.0,9.052,3,0.0,0.0,0.0,31.0,0,0,12,3,0,6.86
Wesley Fofana,Chelsea,Big5,DF,1581,,0,Perfil 0,1,1,0.98,0,1,0.7,0.0,0.0,0.0,32,0.0,0.0,8.096000000000002,1,0.0,0.0,0.0,25.0,7,1,23,0,0,6.86
Youssouf Fofana,Milan,Big5,MF,2069,,1,Atacantes,1,1,0.99,2,3,3.7,0.0,0.0,0.0,17,0.0,0.0,43.010000000000005,16,0.0,0.0,0.0,27.0,4,0,31,3,0,6.78
Francesco Folino,Cremonese,Big5,DF,722,,0,Perfil 0,0,0,0.06,1,0,0.2,0.0,0.0,0.0,2,0.0,0.0,2.0,1,0.0,0.0,0.0,24.0,1,0,18,0,0,6.86
Michael Folorunsho,Cagliari,Big5,MF,1980,,0,Perfil 0,1,1,0.96,2,0,3.4,0.0,0.0,0.0,10,0.0,0.0,36.08,9,0.0,0.0,0.0,28.0,3,0,26,3,0,6.51
Pablo Fornals,Real Betis,Big5,MF,2769,,1,Atacantes,1,1,1.0,8,6,3.9,0.0,0.0,0.0,34,0.0,0.0,42.196000000000005,17,0.0,0.0,0.0,30.0,2,0,36,3,0,7.45
Héctor Fort,Elche,Big5,DF,475,,0,Perfil 0,0,0,0.07,2,2,0.6,0.0,0.0,0.0,5,0.0,0.0,12.030999999999999,5,0.0,0.0,0.0,19.0,0,0,13,0,0,6.86
Niccolò Fortini,Fiorentina,Big5,MF,541,,0,Perfil 0,0,0,0.0,0,0,0.2,0.0,0.0,0.0,4,0.0,0.0,7.98,2,0.0,0.0,0.0,20.0,0,0,16,3,0,6.86
Lyle Foster,Burnley,Big5,FW,1371,,0,Perfil 0,1,1,0.87,3,2,3.2,0.0,0.0,0.0,4,0.0,0.0,19.912,6,0.0,0.0,0.0,25.0,4,0,26,1,0,6.24
Juan Foyth,Villarreal,Big5,DF,934,,0,Perfil 0,0,0,0.03,0,0,0.1,0.0,0.0,0.0,15,0.0,0.0,1.9760000000000002,0,0.0,0.0,0.0,28.0,2,0,13,0,0,6.86
Alejandro Francés,Girona,Big5,DF,936,,0,Perfil 0,0,0,0.39,0,2,0.8,0.0,0.0,0.0,14,0.0,0.0,9.048,4,0.0,0.0,0.0,23.0,1,1,22,0,0,6.82
Alex Freeman,Villarreal,Big5,DF,346,,0,Perfil 0,0,0,0.0,0,0,0.0,0.0,0.0,0.0,5,0.0,0.0,0.988,0,0.0,0.0,0.0,21.0,0,0,9,0,0,6.86
Morten Frendrup,Genoa,Big5,MF,2901,,0,Perfil 0,1,1,1.0,1,0,0.4,0.0,0.0,0.0,39,0.0,0.0,8.05,3,0.0,0.0,0.0,25.0,5,0,34,3,0,7.04
Remo Freuler,Bologna,Big5,MF,2058,,0,Perfil 0,1,1,0.97,1,2,1.3,0.0,0.0,0.0,18,0.0,0.0,5.954,1,0.0,0.0,0.0,34.0,5,0,27,3,0,6.9
Jeremie Frimpong,Liverpool,Big5,DF,1023,,0,Perfil 0,0,0,0.07,0,1,0.5,0.0,0.0,0.0,6,0.0,0.0,10.032,2,0.0,0.0,0.0,25.0,1,0,20,0,0,6.86
Jorge de Frutos,Rayo Vallecano,Big5,FW,2297,,1,Atacantes,1,1,1.0,10,1,10.6,0.0,0.0,0.0,10,0.0,0.0,58.905,26,0.0,0.0,0.0,29.0,3,0,33,1,0,6.88
Niclas Füllkrug,West Ham United,Big5,FW,409,,0,Perfil 0,0,0,0.0,0,0,0.9,0.0,0.0,0.0,2,0.0,0.0,8.91,3,0.0,0.0,0.0,33.0,0,0,8,1,0,6.74
Niclas Füllkrug,Milan,Big5,FW,606,,0,Perfil 0,0,0,0.03,1,0,3.9,0.0,0.0,0.0,3,0.0,0.0,15.946,5,0.0,0.0,0.0,33.0,0,0,18,1,0,6.27
Matteo Gabbia,Milan,Big5,DF,2350,,0,Perfil 0,1,1,1.0,0,0,1.4,0.0,0.0,0.0,13,0.0,0.0,19.053,3,0.0,0.0,0.0,26.0,3,0,28,0,0,6.92
Tiago Gabriel,Lecce,Big5,DF,3039,,0,Perfil 0,1,1,1.0,2,0,3.6,0.0,0.0,0.0,45,0.0,0.0,19.941999999999997,4,0.0,0.0,0.0,21.0,5,0,35,0,0,6.88
Gianluca Gaetano,Cagliari,Big5,MF,1732,,0,Perfil 0,1,1,0.99,2,3,1.9,0.0,0.0,0.0,19,0.0,0.0,28.991999999999997,9,0.0,0.0,0.0,26.0,4,0,31,3,0,6.9
Cody Gakpo,Liverpool,Big5,MF,2574,60000000.0,1,Atacantes,1,1,1.0,7,5,8.5,0.0,0.0,0.0,11,0.0,0.0,82.94,21,0.0,0.0,0.0,27.0,3,0,34,3,0,7.17
Javi Galán,Osasuna,Big5,DF,1558,,0,Perfil 0,1,1,0.97,0,1,0.2,0.0,0.0,0.0,27,0.0,0.0,5.0169999999999995,1,0.0,0.0,0.0,31.0,3,0,18,0,0,7.25
Iñigo Ruiz de Galarreta,Athletic Club,Big5,MF,2057,,0,Perfil 0,1,1,1.0,1,2,0.7,0.0,0.0,0.0,20,0.0,0.0,20.151999999999997,2,0.0,0.0,0.0,32.0,10,0,32,3,0,6.95
Conor Gallagher,Tottenham Hotspur,Big5,MF,1013,,0,Perfil 0,0,0,0.19,1,1,1.1,0.0,0.0,0.0,16,0.0,0.0,9.040000000000001,3,0.0,0.0,0.0,26.0,2,0,14,3,0,6.86
Antonino Gallo,Lecce,Big5,DF,2876,,0,Perfil 0,1,1,0.98,0,4,0.5,0.0,0.0,0.0,14,0.0,0.0,5.12,1,0.0,0.0,0.0,26.0,2,0,35,0,0,6.93
Idrissa Gana Gueye,Everton,Big5,MF,2093,,0,Perfil 0,1,1,0.99,2,3,2.0,0.0,0.0,0.0,29,0.0,0.0,29.125,7,0.0,0.0,0.0,36.0,1,1,25,3,0,7.03
Ignatius Ganago,Nantes,Big5,FW,839,,0,Perfil 0,0,0,0.03,3,1,3.4,0.0,0.0,0.0,2,0.0,0.0,22.971000000000004,7,0.0,0.0,0.0,27.0,1,0,13,1,0,6.74
Omri Gandelman,Lecce,Big5,MF,918,,0,Perfil 0,0,0,0.03,2,0,1.4,0.0,0.0,0.0,4,0.0,0.0,9.995999999999999,3,0.0,0.0,0.0,25.0,0,0,17,3,0,6.86
Ismaëlo Ganiou,Lens,Big5,DF,1962,,0,Perfil 0,1,1,0.98,3,0,2.1,0.0,0.0,0.0,28,0.0,0.0,20.056,4,0.0,0.0,0.0,21.0,4,1,22,0,0,7.21
Facundo Garcés,Alavés,Big5,DF,793,,0,Perfil 0,0,0,0.04,0,0,0.3,0.0,0.0,0.0,7,0.0,0.0,8.008000000000001,4,0.0,0.0,0.0,26.0,3,0,10,0,0,6.86
Álvaro García,Rayo Vallecano,Big5,MF,2056,,1,Atacantes,1,1,0.99,4,5,6.5,0.0,0.0,0.0,14,0.0,0.0,46.968,19,0.0,0.0,0.0,33.0,3,0,31,3,0,6.82
Eric García,Barcelona,Big5,DF,2598,40000000.0,0,Perfil 0,1,1,1.0,1,1,3.0,0.0,0.0,0.0,48,0.0,0.0,23.987,7,0.0,0.0,0.0,25.0,6,0,32,0,0,7.41
Fran Garcia,Real Madrid,Big5,DF,839,,0,Perfil 0,0,0,0.03,1,1,0.8,0.0,0.0,0.0,6,0.0,0.0,5.952000000000001,2,0.0,0.0,0.0,26.0,2,1,12,0,0,6.86
Gonzalo García,Real Madrid,Big5,FW,809,,0,Perfil 0,0,0,0.27,4,1,5.4,0.0,0.0,0.0,2,0.0,0.0,18.0,9,0.0,0.0,0.0,22.0,2,0,27,1,0,6.67
Joan García,Barcelona,Big5,GK,2610,45000000.0,2,Goleiros,1,1,0.95,0,0,0.0,0.0,0.0,0.0,0,0.0,0.0,0.0,0,73.0,80.2,15.0,25.0,1,0,29,2,0,7.73
Pablo Garcia,Real Betis,Big5,MF,388,,0,Perfil 0,0,0,0.0,0,0,1.4,0.0,0.0,0.0,3,0.0,0.0,12.985999999999999,4,0.0,0.0,0.0,19.0,1,0,15,3,0,6.86
Rubén García,Osasuna,Big5,MF,2137,,1,Atacantes,1,1,1.0,2,5,2.4,0.0,0.0,0.0,16,0.0,0.0,27.017999999999997,9,0.0,0.0,0.0,32.0,6,0,33,3,0,6.87
Ulisses Garcia,Marseille,Big5,MF,211,,0,Perfil 0,0,0,0.0,0,0,0.1,0.0,0.0,0.0,0,0.0,0.0,1.9549999999999998,1,0.0,0.0,0.0,30.0,1,1,4,3,0,6.86
Ulisses Garcia,Sassuolo,Big5,DF,763,,0,Perfil 0,0,0,0.02,1,1,0.1,0.0,0.0,0.0,7,0.0,0.0,2.04,1,0.0,0.0,0.0,30.0,3,0,11,0,0,6.86
Víctor García,Levante,Big5,MF,1040,,0,Perfil 0,1,1,0.72,2,1,2.0,0.0,0.0,0.0,7,0.0,0.0,19.023999999999997,8,0.0,0.0,0.0,28.0,1,0,21,3,0,6.78
Alejandro Garnacho,Chelsea,Big5,MF,1266,,0,Perfil 0,1,1,0.89,1,4,3.5,0.0,0.0,0.0,4,0.0,0.0,33.135,7,0.0,0.0,0.0,21.0,2,0,23,3,0,6.88
James Garner,Everton,Big5,MF,3233,45000000.0,1,Atacantes,1,1,1.0,2,7,2.0,0.0,0.0,0.0,54,0.0,0.0,43.08,13,0.0,0.0,0.0,25.0,11,0,36,3,0,7.4
Federico Gatti,Juventus,Big5,DF,993,,0,Perfil 0,0,0,0.26,2,0,2.1,0.0,0.0,0.0,11,0.0,0.0,11.99,6,0.0,0.0,0.0,27.0,3,0,19,0,0,6.86
Gavi,Barcelona,Big5,MF,393,,0,Perfil 0,0,0,0.0,0,1,0.0,0.0,0.0,0.0,2,0.0,0.0,0.0,0,0.0,0.0,0.0,21.0,3,0,9,3,0,6.86
Paulo Gazzaniga,Girona,Big5,GK,2832,,2,Goleiros,1,1,1.0,0,0,0.0,0.0,0.0,0.0,0,0.0,0.0,0.0,0,111.0,73.5,6.0,34.0,4,1,32,2,0,6.84
Jean-Philippe Gbamin,Metz,Big5,DF,2459,,0,Perfil 0,1,1,0.98,1,1,2.0,0.0,0.0,0.0,27,0.0,0.0,13.923,7,0.0,0.0,0.0,30.0,2,1,30,0,0,6.48
Yann Gboho,Toulouse,Big5,MF,2601,,1,Atacantes,1,1,1.0,8,3,5.9,0.0,0.0,0.0,13,0.0,0.0,56.933,16,0.0,0.0,0.0,25.0,1,1,31,3,0,7.21
David de Gea,Fiorentina,Big5,GK,3240,,2,Goleiros,1,1,1.0,0,0,0.0,0.0,0.0,0.0,0,0.0,0.0,0.0,0,110.0,71.4,9.0,35.0,0,0,36,2,0,6.77
Lutsharel Geertruida,Sunderland,Big5,DF,1513,,0,Perfil 0,1,1,0.98,0,0,1.2,0.0,0.0,0.0,19,0.0,0.0,9.911999999999999,3,0.0,0.0,0.0,25.0,1,0,26,0,0,6.73
Tyrique George,Everton,Big5,MF,171,,0,Perfil 0,0,0,0.0,0,0,0.6,0.0,0.0,0.0,2,0.0,0.0,6.004,2,0.0,0.0,0.0,20.0,0,0,9,3,0,6.86
Willem Geubbels,Paris FC,Big5,FW,946,,0,Perfil 0,0,0,0.19,5,0,5.7,0.0,0.0,0.0,6,0.0,0.0,28.979999999999997,8,0.0,0.0,0.0,24.0,0,0,23,1,0,6.48
Rachid Ghezzal,Lyon,Big5,MF,225,,0,Perfil 0,0,0,0.0,0,0,0.3,0.0,0.0,0.0,1,0.0,0.0,4.0,1,0.0,0.0,0.0,34.0,0,0,10,3,0,6.86
Daniele Ghilardi,Roma,Big5,DF,1052,,0,Perfil 0,1,1,0.91,0,0,0.3,0.0,0.0,0.0,21,0.0,0.0,1.989,0,0.0,0.0,0.0,23.0,1,0,22,0,0,6.73
Morgan Gibbs-White,Nottingham Forest,Big5,MF,2917,70000000.0,1,Atacantes,1,1,1.0,13,4,10.8,0.0,0.0,0.0,10,0.0,0.0,74.844,28,0.0,0.0,0.0,26.0,1,0,35,3,0,7.15
Bryan Gil,Girona,Big5,MF,1421,,0,Perfil 0,1,1,0.94,0,3,2.9,0.0,0.0,0.0,9,0.0,0.0,21.014000000000003,6,0.0,0.0,0.0,25.0,5,0,26,3,0,6.53
Mario Gila,Lazio,Big5,DF,2337,,0,Perfil 0,1,1,1.0,0,0,1.4,0.0,0.0,0.0,24,0.0,0.0,10.92,3,0.0,0.0,0.0,25.0,3,1,29,0,0,6.98
Billy Gilmour,Napoli,Big5,MF,751,,0,Perfil 0,0,0,0.1,1,0,0.7,0.0,0.0,0.0,10,0.0,0.0,9.96,3,0.0,0.0,0.0,24.0,1,0,16,3,0,6.86
Santiago Giménez,Milan,Big5,FW,780,,0,Perfil 0,0,0,0.04,0,0,3.4,0.0,0.0,0.0,1,0.0,0.0,24.098999999999997,9,0.0,0.0,0.0,25.0,2,0,14,1,0,6.74
Gvidas Gineitis,Torino,Big5,MF,1711,,0,Perfil 0,1,1,1.0,0,1,1.0,0.0,0.0,0.0,23,0.0,0.0,26.03,5,0.0,0.0,0.0,22.0,5,0,28,3,0,6.76
Olivier Giroud,Lille,Big5,FW,1564,,1,Atacantes,1,1,0.96,7,1,8.7,0.0,0.0,0.0,4,0.0,0.0,40.019999999999996,15,0.0,0.0,0.0,39.0,2,0,29,1,0,6.7
Jamie Gittens,Chelsea,Big5,MF,495,,0,Perfil 0,0,0,0.01,0,2,0.8,0.0,0.0,0.0,2,0.0,0.0,10.01,2,0.0,0.0,0.0,21.0,0,0,16,3,0,6.86
Robert Glatzel,Hamburger SV,Big5,FW,612,,0,Perfil 0,0,0,0.06,3,2,2.7,0.0,0.0,0.0,0,0.0,0.0,15.98,7,0.0,0.0,0.0,32.0,0,0,19,1,0,6.74
Wilfried Gnonto,Leeds United,Big5,FW,484,,0,Perfil 0,0,0,0.1,0,1,0.4,0.0,0.0,0.0,3,0.0,0.0,9.018,0,0.0,0.0,0.0,22.0,3,0,21,1,0,6.74
Giorgi Gocholeishvili,Hamburger SV,Big5,MF,940,,0,Perfil 0,0,0,0.21,0,2,0.8,0.0,0.0,0.0,7,0.0,0.0,13.936000000000002,2,0.0,0.0,0.0,25.0,3,1,24,3,0,6.49
Martial Godo,Strasbourg,Big5,MF,1494,,1,Atacantes,1,1,1.0,8,1,7.9,0.0,0.0,0.0,14,0.0,0.0,38.014,15,0.0,0.0,0.0,23.0,2,0,27,3,0,7.19
Saba Goglichidze,Udinese,Big5,DF,424,,0,Perfil 0,0,0,0.01,0,0,0.2,0.0,0.0,0.0,8,0.0,0.0,3.008,1,0.0,0.0,0.0,21.0,2,0,8,0,0,6.86
Aleksandr Golovin,Monaco,Big5,MF,1649,,1,Atacantes,1,1,0.99,5,5,3.7,0.0,0.0,0.0,21,0.0,0.0,34.038000000000004,18,0.0,0.0,0.0,29.0,4,1,25,3,0,7.14
Angel Gomes,Marseille,Big5,MF,888,,0,Perfil 0,0,0,0.04,3,0,1.4,0.0,0.0,0.0,4,0.0,0.0,10.989,5,0.0,0.0,0.0,25.0,4,0,14,3,0,6.86
Moi Gómez,Osasuna,Big5,MF,1147,,0,Perfil 0,1,1,0.93,0,2,0.4,0.0,0.0,0.0,11,0.0,0.0,10.921999999999999,2,0.0,0.0,0.0,31.0,3,0,24,3,0,6.79
Sergio Gómez,Real Sociedad,Big5,DF,2510,,0,Perfil 0,1,1,0.98,0,4,1.1,0.0,0.0,0.0,29,0.0,0.0,10.881,0,0.0,0.0,0.0,25.0,3,1,32,0,0,7.04
Unai Gómez,Athletic Club,Big5,MF,832,,0,Perfil 0,0,0,0.06,1,1,2.1,0.0,0.0,0.0,3,0.0,0.0,17.939999999999998,4,0.0,0.0,0.0,22.0,1,0,24,3,0,6.26
Valentín Gómez,Real Betis,Big5,DF,1780,,0,Perfil 0,1,1,1.0,1,0,0.8,0.0,0.0,0.0,23,0.0,0.0,11.088000000000001,5,0.0,0.0,0.0,22.0,5,0,26,0,0,6.78
Tidiam Gomis,RB Leipzig,Big5,FW,330,,0,Perfil 0,0,0,0.01,1,0,0.5,0.0,0.0,0.0,0,0.0,0.0,9.065000000000001,3,0.0,0.0,0.0,19.0,1,0,17,1,0,6.74
Urko González,Espanyol,Big5,MF,2443,,0,Perfil 0,1,1,0.99,0,1,0.7,0.0,0.0,0.0,29,0.0,0.0,17.073,1,0.0,0.0,0.0,25.0,7,0,33,3,0,6.63
Anthony Gordon,Newcastle United,Big5,FW,1795,65000000.0,1,Atacantes,1,1,0.99,6,2,8.8,0.0,0.0,0.0,3,0.0,0.0,47.958999999999996,20,0.0,0.0,0.0,25.0,3,1,26,1,0,6.96
Andoni Gorosabel,Athletic Club,Big5,DF,1225,,0,Perfil 0,1,1,0.98,0,1,0.2,0.0,0.0,0.0,16,0.0,0.0,5.032,1,0.0,0.0,0.0,29.0,3,0,22,0,0,6.62
Jon Gorrotxategi,Real Sociedad,Big5,MF,2154,,0,Perfil 0,1,1,1.0,1,3,0.8,0.0,0.0,0.0,31,0.0,0.0,12.906,1,0.0,0.0,0.0,24.0,7,0,29,3,0,6.78
Alimami Gory,Paris FC,Big5,MF,958,,0,Perfil 0,0,0,0.26,3,1,3.6,0.0,0.0,0.0,8,0.0,0.0,15.899999999999999,3,0.0,0.0,0.0,29.0,2,0,23,3,0,6.56
Robin Gosens,Fiorentina,Big5,DF,1733,,0,Perfil 0,1,1,0.97,3,1,2.9,0.0,0.0,0.0,18,0.0,0.0,16.984,7,0.0,0.0,0.0,31.0,2,0,24,0,0,6.79
Mario Götze,Eintracht Frankfurt,Big5,MF,827,,0,Perfil 0,0,0,0.08,0,0,0.6,0.0,0.0,0.0,4,0.0,0.0,4.968,0,0.0,0.0,0.0,33.0,1,0,20,3,0,6.38
Amine Gouiri,Marseille,Big5,FW,1236,,1,Atacantes,1,1,0.96,7,3,6.2,0.0,0.0,0.0,3,0.0,0.0,34.934999999999995,16,0.0,0.0,0.0,26.0,0,0,21,1,0,7.1
Lucas Gourna-Douath,Le Havre,Big5,MF,1272,,0,Perfil 0,1,1,0.79,0,0,0.2,0.0,0.0,0.0,15,0.0,0.0,9.024,2,0.0,0.0,0.0,22.0,5,0,15,3,0,6.86
Tiago Gouveia,Nice,Big5,MF,532,,0,Perfil 0,0,0,0.15,0,0,0.8,0.0,0.0,0.0,9,0.0,0.0,11.977,4,0.0,0.0,0.0,24.0,3,0,15,3,0,6.86
Jonathan Gradit,Lens,Big5,DF,807,,0,Perfil 0,0,0,0.05,0,0,0.1,0.0,0.0,0.0,16,0.0,0.0,1.98,0,0.0,0.0,0.0,33.0,2,1,10,0,0,6.86
Alberto Grassi,Cremonese,Big5,MF,1593,,0,Perfil 0,1,1,0.99,0,0,1.1,0.0,0.0,0.0,32,0.0,0.0,12.036,4,0.0,0.0,0.0,31.0,3,0,28,3,0,6.59
Ryan Gravenberch,Liverpool,Big5,MF,2845,80000000.0,1,Atacantes,1,1,1.0,5,3,1.9,0.0,0.0,0.0,42,0.0,0.0,35.07600000000001,11,0.0,0.0,0.0,23.0,5,0,34,3,0,7.25
Archie Gray,Tottenham Hotspur,Big5,MF,1469,,0,Perfil 0,1,1,0.94,2,2,1.5,0.0,0.0,0.0,17,0.0,0.0,10.921000000000001,5,0.0,0.0,0.0,20.0,5,0,23,3,0,6.53
Jack Grealish,Everton,Big5,MF,1627,,1,Atacantes,1,1,0.96,2,6,2.1,0.0,0.0,0.0,11,0.0,0.0,26.064,8,0.0,0.0,0.0,30.0,5,1,20,3,0,7.21
Mason Greenwood,Marseille,Big5,MF,2372,55000000.0,1,Atacantes,1,1,1.0,16,6,14.4,0.0,0.0,0.0,4,0.0,0.0,113.256,47,0.0,0.0,0.0,24.0,4,0,31,3,0,7.61
Dominik Greif,Lyon,Big5,GK,2520,,2,Goleiros,1,1,1.0,0,1,0.0,0.0,0.0,0.0,0,0.0,0.0,0.0,0,76.0,70.5,11.0,29.0,1,0,28,2,0,7.11
Brajan Gruda,RB Leipzig,Big5,MF,691,,0,Perfil 0,0,0,0.01,3,3,3.4,0.0,0.0,0.0,0,0.0,0.0,21.098000000000003,10,0.0,0.0,0.0,21.0,1,0,12,3,0,6.86
Ilia Gruev,Leeds United,Big5,MF,1323,,0,Perfil 0,1,1,0.94,0,3,0.5,0.0,0.0,0.0,14,0.0,0.0,7.055999999999999,1,0.0,0.0,0.0,26.0,3,0,23,3,0,6.61
Nemanja Gudelj,Sevilla,Big5,DF,2290,,0,Perfil 0,1,1,1.0,2,0,1.3,0.0,0.0,0.0,23,0.0,0.0,29.971999999999998,8,0.0,0.0,0.0,34.0,8,0,32,0,0,6.71
Gabriel Gudmundsson,Leeds United,Big5,DF,2631,,0,Perfil 0,1,1,1.0,0,0,1.1,0.0,0.0,0.0,28,0.0,0.0,18.104,3,0.0,0.0,0.0,27.0,6,1,32,0,0,6.78
Gonçalo Guedes,Real Sociedad,Big5,MF,1811,,1,Atacantes,1,1,1.0,8,4,3.9,0.0,0.0,0.0,4,0.0,0.0,46.029,18,0.0,0.0,0.0,29.0,3,0,31,3,0,6.86
Marc Guéhi,Manchester City,Big5,DF,1260,70000000.0,0,Perfil 0,1,1,0.95,1,1,4.1,0.0,0.0,0.0,24,0.0,0.0,16.939999999999998,5,0.0,0.0,0.0,25.0,2,0,14,0,0,7.37
Mattéo Guendouzi,Lazio,Big5,MF,1428,,0,Perfil 0,1,1,0.88,2,1,1.3,0.0,0.0,0.0,11,0.0,0.0,16.059,8,0.0,0.0,0.0,27.0,5,1,16,3,0,6.86
Evann Guessand,Crystal Palace,Big5,MF,300,,0,Perfil 0,0,0,0.01,1,1,1.6,0.0,0.0,0.0,2,0.0,0.0,2.9699999999999998,1,0.0,0.0,0.0,24.0,0,0,6,3,0,6.86
Ander Guevara,Alavés,Big5,MF,647,,0,Perfil 0,0,0,0.21,1,1,0.2,0.0,0.0,0.0,9,0.0,0.0,5.04,1,0.0,0.0,0.0,28.0,4,1,24,3,0,6.86
Idrissa Guèye,Udinese,Big5,FW,364,,0,Perfil 0,0,0,0.0,1,0,1.7,0.0,0.0,0.0,3,0.0,0.0,15.84,5,0.0,0.0,0.0,19.0,2,0,17,1,0,6.74
Idrissa Guèye,Metz,Big5,FW,132,,0,Perfil 0,0,0,0.0,0,0,0.1,0.0,0.0,0.0,0,0.0,0.0,2.04,0,0.0,0.0,0.0,19.0,0,0,3,1,0,6.74
Pape Gueye,Villarreal,Big5,MF,1986,40000000.0,1,Atacantes,1,1,1.0,4,2,4.0,0.0,0.0,0.0,33,0.0,0.0,45.084,12,0.0,0.0,0.0,27.0,8,0,28,3,0,7.11
Morgan Guilavogui,Lens,Big5,MF,491,,0,Perfil 0,0,0,0.05,1,0,1.2,0.0,0.0,0.0,3,0.0,0.0,10.065000000000001,2,0.0,0.0,0.0,28.0,3,1,16,3,0,6.86
Frederic Guilbert,Nantes,Big5,DF,607,,0,Perfil 0,0,0,0.15,0,0,0.4,0.0,0.0,0.0,19,0.0,0.0,6.968000000000001,2,0.0,0.0,0.0,31.0,1,0,8,0,0,6.86
Luis Guilherme,West Ham United,Big5,FW,125,,0,Perfil 0,0,0,0.0,0,0,0.1,0.0,0.0,0.0,0,0.0,0.0,1.008,0,0.0,0.0,0.0,20.0,0,0,5,1,0,6.74
Bruno Guimarães,Newcastle United,Big5,MF,2298,70000000.0,1,Atacantes,1,1,1.0,9,5,5.6,0.0,0.0,0.0,16,0.0,0.0,39.015,21,0.0,0.0,0.0,28.0,5,0,27,3,0,7.52
Daouda Guindo,Brest,Big5,DF,1605,,0,Perfil 0,1,1,1.0,1,1,1.2,0.0,0.0,0.0,28,0.0,0.0,19.936000000000003,5,0.0,0.0,0.0,23.0,4,1,24,0,0,6.66
Bahereba Guirassy,Nantes,Big5,FW,821,,0,Perfil 0,0,0,0.08,2,1,1.8,0.0,0.0,0.0,5,0.0,0.0,14.923999999999998,7,0.0,0.0,0.0,19.0,2,0,20,1,0,6.55
Marc Guiu,Chelsea,Big5,FW,257,,0,Perfil 0,0,0,0.0,0,1,1.5,0.0,0.0,0.0,0,0.0,0.0,12.18,2,0.0,0.0,0.0,20.0,1,0,8,1,0,6.74
Péter Gulácsi,RB Leipzig,Big5,GK,1918,,2,Goleiros,1,1,1.0,0,0,0.0,0.0,0.0,0.0,0,0.0,0.0,0.0,0,51.0,66.7,9.0,36.0,1,0,22,2,0,6.83
Arda Güler,Real Madrid,Big5,MF,1997,90000000.0,1,Atacantes,1,1,1.0,4,9,4.6,0.0,0.0,0.0,8,0.0,0.0,49.062,19,0.0,0.0,0.0,21.0,1,0,32,3,0,7.43
Gerard Gumbau,Rayo Vallecano,Big5,MF,1019,,0,Perfil 0,0,0,0.37,0,2,0.8,0.0,0.0,0.0,8,0.0,0.0,16.950000000000003,5,0.0,0.0,0.0,31.0,4,0,26,3,0,6.7
Jon Guridi,Alavés,Big5,MF,1069,,0,Perfil 0,1,1,0.8,0,0,1.8,0.0,0.0,0.0,6,0.0,0.0,14.042,4,0.0,0.0,0.0,31.0,1,0,26,3,0,6.56
Gorka Guruzeta,Athletic Club,Big5,FW,2209,,1,Atacantes,1,1,0.98,9,3,10.5,0.0,0.0,0.0,10,0.0,0.0,75.95,31,0.0,0.0,0.0,29.0,6,1,33,1,0,6.74
Malo Gusto,Chelsea,Big5,DF,2177,,0,Perfil 0,1,1,1.0,2,3,1.6,0.0,0.0,0.0,29,0.0,0.0,12.1,6,0.0,0.0,0.0,22.0,5,1,33,0,0,6.84
Miguel Gutiérrez,Napoli,Big5,MF,1386,,0,Perfil 0,1,1,0.83,1,1,0.8,0.0,0.0,0.0,7,0.0,0.0,14.014000000000001,4,0.0,0.0,0.0,24.0,0,0,26,3,0,6.86
Joško Gvardiol,Manchester City,Big5,DF,1359,70000000.0,0,Perfil 0,1,1,0.83,2,2,2.4,0.0,0.0,0.0,16,0.0,0.0,17.063,6,0.0,0.0,0.0,24.0,2,0,17,0,0,6.86
Viktor Gyökeres,Arsenal,Big5,FW,2198,65000000.0,1,Atacantes,1,1,1.0,14,1,12.4,0.0,0.0,0.0,1,0.0,0.0,53.924,22,0.0,0.0,0.0,27.0,5,0,34,1,0,6.82
Erling Haaland,Manchester City,Big5,FW,2863,200000000.0,1,Atacantes,1,1,1.0,26,8,25.4,0.0,0.0,0.0,4,0.0,0.0,124.02,58,0.0,0.0,0.0,25.0,2,0,34,1,0,7.68
Amadou Haidara,Lens,Big5,MF,199,,0,Perfil 0,0,0,0.0,1,0,0.1,0.0,0.0,0.0,2,0.0,0.0,1.9800000000000002,2,0.0,0.0,0.0,28.0,0,0,6,3,0,6.86
Achraf Hakimi,Paris Saint-Germain,Big5,DF,1375,80000000.0,0,Perfil 0,1,1,0.9,2,2,2.4,0.0,0.0,0.0,11,0.0,0.0,27.081000000000003,9,0.0,0.0,0.0,27.0,3,1,18,0,0,7.18
Lewis Hall,Newcastle United,Big5,DF,2001,40000000.0,0,Perfil 0,1,1,1.0,1,1,1.0,0.0,0.0,0.0,27,0.0,0.0,21.977999999999998,5,0.0,0.0,0.0,21.0,3,0,28,0,0,6.99
Florent Hanin,Angers,Big5,DF,801,,0,Perfil 0,0,0,0.35,0,0,0.0,0.0,0.0,0.0,12,0.0,0.0,3.0260000000000002,0,0.0,0.0,0.0,36.0,0,0,24,0,0,6.44
Conrad Harder,RB Leipzig,Big5,FW,860,,1,Atacantes,0,0,0.28,3,3,4.1,0.0,0.0,0.0,7,0.0,0.0,39.168,12,0.0,0.0,0.0,21.0,3,0,28,1,0,6.44
Jack Harrison,Fiorentina,Big5,FW,832,,0,Perfil 0,0,0,0.03,1,3,0.9,0.0,0.0,0.0,2,0.0,0.0,9.936,2,0.0,0.0,0.0,29.0,0,0,13,1,0,6.74
Jack Harrison,Leeds United,Big5,FW,269,,0,Perfil 0,0,0,0.0,0,0,0.3,0.0,0.0,0.0,4,0.0,0.0,6.029999999999999,2,0.0,0.0,0.0,29.0,0,0,11,1,0,6.74
Quilindschy Hartman,Burnley,Big5,DF,1825,,0,Perfil 0,1,1,0.96,0,5,0.3,0.0,0.0,0.0,32,0.0,0.0,8.932,3,0.0,0.0,0.0,24.0,1,0,21,0,0,6.77
Hans Hateboer,Lyon,Big5,DF,695,,0,Perfil 0,0,0,0.14,0,0,0.7,0.0,0.0,0.0,9,0.0,0.0,6.006,1,0.0,0.0,0.0,32.0,0,1,14,0,0,6.86
Jorrel Hato,Chelsea,Big5,DF,1007,40000000.0,0,Perfil 0,0,0,0.24,0,0,0.3,0.0,0.0,0.0,13,0.0,0.0,4.032,0,0.0,0.0,0.0,20.0,6,0,20,0,0,6.86
Kai Havertz,Arsenal,Big5,MF,464,55000000.0,0,Perfil 0,0,0,0.01,1,2,3.3,0.0,0.0,0.0,0,0.0,0.0,12.116000000000001,3,0.0,0.0,0.0,26.0,0,0,10,3,0,6.86
Torbjørn Heggem,Bologna,Big5,DF,2013,,0,Perfil 0,1,1,1.0,0,0,1.1,0.0,0.0,0.0,24,0.0,0.0,10.975999999999999,2,0.0,0.0,0.0,27.0,0,1,25,0,0,6.66
Gauthier Hein,Metz,Big5,MF,2261,,1,Atacantes,1,1,1.0,8,7,8.1,0.0,0.0,0.0,9,0.0,0.0,42.921,12,0.0,0.0,0.0,29.0,3,1,28,3,0,7.03
Eivind Helland,Bologna,Big5,DF,314,,0,Perfil 0,0,0,0.0,0,0,0.1,0.0,0.0,0.0,3,0.0,0.0,0.0,0,0.0,0.0,0.0,21.0,2,0,4,0,0,6.86
Dean Henderson,Crystal Palace,Big5,GK,3150,,2,Goleiros,1,1,1.0,0,0,0.0,0.0,0.0,0.0,1,0.0,0.0,0.0,0,98.0,70.0,11.0,29.0,4,0,35,2,0,7.01
Jordan Henderson,Brentford,Big5,MF,1832,,0,Perfil 0,1,1,0.97,1,3,0.3,0.0,0.0,0.0,16,0.0,0.0,5.9159999999999995,1,0.0,0.0,0.0,35.0,5,0,30,3,0,6.7
Benjamin Henrichs,RB Leipzig,Big5,DF,243,,0,Perfil 0,0,0,0.03,1,0,0.2,0.0,0.0,0.0,4,0.0,0.0,3.996,2,0.0,0.0,0.0,29.0,0,0,16,0,0,6.86
Rico Henry,Brentford,Big5,DF,1328,,0,Perfil 0,1,1,0.89,0,1,0.2,0.0,0.0,0.0,7,0.0,0.0,5.032000000000001,0,0.0,0.0,0.0,28.0,2,0,25,0,0,6.52
Mads Hermansen,West Ham United,Big5,GK,1440,,2,Goleiros,1,1,1.0,0,0,0.0,0.0,0.0,0.0,0,0.0,0.0,0.0,0,46.0,66.2,6.0,25.0,0,0,16,2,0,6.93
Mario Hermoso,Roma,Big5,DF,1905,,0,Perfil 0,1,1,1.0,3,2,1.8,0.0,0.0,0.0,28,0.0,0.0,16.96,6,0.0,0.0,0.0,30.0,8,0,25,0,0,7.08
Lucas Hernández,Paris Saint-Germain,Big5,DF,1747,,0,Perfil 0,1,1,1.0,0,3,0.5,0.0,0.0,0.0,21,0.0,0.0,11.057999999999998,3,0.0,0.0,0.0,30.0,4,0,25,0,0,7.18
Jorge Herrando,Osasuna,Big5,DF,1533,,0,Perfil 0,1,1,0.99,0,1,0.3,0.0,0.0,0.0,22,0.0,0.0,3.06,0,0.0,0.0,0.0,25.0,3,0,27,0,0,6.65
Sergio Herrera,Osasuna,Big5,GK,3104,,2,Goleiros,1,1,0.99,0,0,0.0,0.0,0.0,0.0,0,0.0,0.0,0.0,0,110.0,75.3,7.0,32.0,3,1,35,2,0,6.9
Yangel Herrera,Real Sociedad,Big5,MF,350,,0,Perfil 0,0,0,0.0,0,0,0.4,0.0,0.0,0.0,1,0.0,0.0,5.031,1,0.0,0.0,0.0,28.0,1,0,10,3,0,6.86
Daniel Heuer Fernandes,Hamburger SV,Big5,GK,2970,,2,Goleiros,1,1,1.0,0,0,0.3,0.0,0.0,0.0,0,0.0,0.0,0.99,0,105.0,68.7,6.0,33.0,3,0,33,2,0,6.83
Aaron Hickey,Brentford,Big5,DF,659,,0,Perfil 0,0,0,0.05,0,0,0.5,0.0,0.0,0.0,7,0.0,0.0,5.986,1,0.0,0.0,0.0,23.0,1,0,20,0,0,6.86
Santiago Hidalgo,Toulouse,Big5,MF,1306,,1,Atacantes,1,1,0.98,4,6,2.8,0.0,0.0,0.0,8,0.0,0.0,32.915,13,0.0,0.0,0.0,21.0,4,0,28,3,0,6.63
Isak Hien,Atalanta,Big5,DF,1880,,0,Perfil 0,1,1,1.0,1,0,0.8,0.0,0.0,0.0,27,0.0,0.0,7.941999999999999,3,0.0,0.0,0.0,27.0,5,0,27,0,0,6.81
Omar El Hilali,Espanyol,Big5,DF,2724,,0,Perfil 0,1,1,0.97,0,2,0.0,0.0,0.0,0.0,37,0.0,0.0,0.909,0,0.0,0.0,0.0,22.0,9,0,34,0,0,6.73
James Hill,Bournemouth,Big5,DF,1926,,0,Perfil 0,1,1,1.0,0,3,0.9,0.0,0.0,0.0,34,0.0,0.0,10.914,2,0.0,0.0,0.0,24.0,3,0,27,0,0,7.18
Rémi Himbert,Lyon,Big5,FW,131,,0,Perfil 0,0,0,0.0,1,0,1.1,0.0,0.0,0.0,0,0.0,0.0,10.305,1,0.0,0.0,0.0,18.0,0,0,6,1,0,6.74
Piero Hincapié,Arsenal,Big5,DF,1683,50000000.0,0,Perfil 0,1,1,0.99,1,2,0.4,0.0,0.0,0.0,24,0.0,0.0,2.057,1,0.0,0.0,0.0,24.0,2,0,23,0,0,7.07
Emil Holm,Juventus,Big5,MF,202,,0,Perfil 0,0,0,0.0,0,0,1.3,0.0,0.0,0.0,2,0.0,0.0,3.9160000000000004,0,0.0,0.0,0.0,26.0,0,0,6,3,0,6.86
Ali Houary,Elche,Big5,MF,123,,0,Perfil 0,0,0,0.0,0,0,0.1,0.0,0.0,0.0,1,0.0,0.0,2.044,0,0.0,0.0,0.0,20.0,0,0,2,3,0,6.86
Lukáš Hrádecký,Monaco,Big5,GK,1349,,0,Perfil 0,1,1,0.98,0,0,0.0,0.0,0.0,0.0,0,0.0,0.0,0.0,0,43.0,68.3,2.0,36.0,1,0,16,2,0,6.54
Callum Hudson-Odoi,Nottingham Forest,Big5,MF,1841,,1,Atacantes,1,1,0.96,3,4,2.8,0.0,0.0,0.0,8,0.0,0.0,30.134999999999998,10,0.0,0.0,0.0,25.0,0,0,30,3,0,6.85
Will Hughes,Crystal Palace,Big5,MF,1481,,0,Perfil 0,1,1,0.99,0,0,1.1,0.0,0.0,0.0,15,0.0,0.0,16.995,0,0.0,0.0,0.0,31.0,7,0,30,3,0,6.56
Dean Huijsen,Real Madrid,Big5,DF,1923,60000000.0,0,Perfil 0,1,1,1.0,2,2,2.3,0.0,0.0,0.0,17,0.0,0.0,20.115999999999996,5,0.0,0.0,0.0,21.0,7,1,26,0,0,7.22
Trai Hume,Sunderland,Big5,DF,2887,,0,Perfil 0,1,1,1.0,1,1,2.2,0.0,0.0,0.0,24,0.0,0.0,32.1,6,0.0,0.0,0.0,24.0,9,0,36,0,0,6.83
Bashir Humphreys,Burnley,Big5,DF,1479,,0,Perfil 0,1,1,0.83,0,0,0.4,0.0,0.0,0.0,10,0.0,0.0,9.02,3,0.0,0.0,0.0,23.0,6,0,18,0,0,6.86
Omari Hutchinson,Nottingham Forest,Big5,MF,1542,,0,Perfil 0,1,1,0.99,1,4,1.9,0.0,0.0,0.0,9,0.0,0.0,24.966,11,0.0,0.0,0.0,22.0,1,0,29,3,0,6.76
Elseid Hysaj,Lazio,Big5,DF,174,,0,Perfil 0,0,0,0.0,0,0,0.0,0.0,0.0,0.0,2,0.0,0.0,0.0,0,0.0,0.0,0.0,32.0,0,0,5,0,0,6.86
Lucas Høgsberg,Strasbourg,Big5,DF,1791,,0,Perfil 0,1,1,0.97,0,0,0.3,0.0,0.0,0.0,13,0.0,0.0,3.98,1,0.0,0.0,0.0,19.0,4,1,23,0,0,6.5
Oscar Højlund,Eintracht Frankfurt,Big5,MF,1089,,0,Perfil 0,1,1,0.8,1,1,0.5,0.0,0.0,0.0,7,0.0,0.0,7.017999999999999,3,0.0,0.0,0.0,21.0,4,1,24,3,0,6.36
Rasmus Højlund,Napoli,Big5,FW,2570,60000000.0,1,Atacantes,1,1,0.99,10,4,10.6,0.0,0.0,0.0,0,0.0,0.0,56.056000000000004,22,0.0,0.0,0.0,23.0,1,0,31,1,0,6.83
Edoardo Iannoni,Sassuolo,Big5,MF,260,,0,Perfil 0,0,0,0.0,1,0,0.4,0.0,0.0,0.0,3,0.0,0.0,3.016,1,0.0,0.0,0.0,25.0,3,0,15,3,0,6.86
Pablo Ibáñez,Alavés,Big5,MF,2141,,1,Atacantes,1,1,1.0,1,1,4.4,0.0,0.0,0.0,20,0.0,0.0,44.982,12,0.0,0.0,0.0,27.0,7,0,35,3,0,6.72
Riyad Idrissi,Cagliari,Big5,MF,783,,0,Perfil 0,0,0,0.15,2,0,0.5,0.0,0.0,0.0,9,0.0,0.0,6.002999999999999,6,0.0,0.0,0.0,20.0,3,0,23,3,0,6.5
Stanis Idumbo,Monaco,Big5,MF,171,,0,Perfil 0,0,0,0.0,1,1,0.6,0.0,0.0,0.0,0,0.0,0.0,6.004,2,0.0,0.0,0.0,20.0,0,0,8,3,0,6.86
Jay Idzes,Sassuolo,Big5,DF,3008,,0,Perfil 0,1,1,0.99,0,0,0.2,0.0,0.0,0.0,37,0.0,0.0,5.01,0,0.0,0.0,0.0,25.0,2,0,34,0,0,6.69
Hamza Igamane,Lille,Big5,FW,432,,0,Perfil 0,0,0,0.05,5,1,3.6,0.0,0.0,0.0,2,0.0,0.0,24.0,9,0.0,0.0,0.0,23.0,2,0,13,1,0,6.74
Jonathan Ikone,Paris FC,Big5,MF,1034,,0,Perfil 0,1,1,0.8,3,1,3.1,0.0,0.0,0.0,5,0.0,0.0,23.0,6,0.0,0.0,0.0,28.0,2,0,22,3,0,6.67
George Ilenikhena,Monaco,Big5,FW,385,,0,Perfil 0,0,0,0.0,2,0,1.4,0.0,0.0,0.0,0,0.0,0.0,15.092999999999998,7,0.0,0.0,0.0,19.0,0,0,15,1,0,6.74
Ivan Ilić,Torino,Big5,MF,416,,0,Perfil 0,0,0,0.0,0,0,0.0,0.0,0.0,0.0,5,0.0,0.0,0.0,0,0.0,0.0,0.0,25.0,2,0,8,3,0,6.86
Samuel Iling-Junior,Pisa,Big5,MF,110,,0,Perfil 0,0,0,0.0,0,0,0.0,0.0,0.0,0.0,0,0.0,0.0,0.0,0,0.0,0.0,0.0,22.0,0,0,5,3,0,6.86
Emirhan İlkhan,Torino,Big5,MF,855,,0,Perfil 0,0,0,0.17,1,2,2.2,0.0,0.0,0.0,12,0.0,0.0,11.02,3,0.0,0.0,0.0,21.0,2,1,17,3,0,6.86
Ciro Immobile,Paris FC,Big5,FW,705,,0,Perfil 0,0,0,0.03,2,2,1.9,0.0,0.0,0.0,1,0.0,0.0,14.898,5,0.0,0.0,0.0,36.0,2,0,12,1,0,6.74
Ciro Immobile,Bologna,Big5,FW,193,,0,Perfil 0,0,0,0.0,0,0,0.0,0.0,0.0,0.0,0,0.0,0.0,1.9530000000000003,0,0.0,0.0,0.0,36.0,1,0,6,1,0,6.74
Tim Iroegbunam,Everton,Big5,MF,1332,,0,Perfil 0,1,1,1.0,0,2,0.6,0.0,0.0,0.0,20,0.0,0.0,11.988000000000001,1,0.0,0.0,0.0,22.0,8,0,27,3,0,6.72
Andy Irving,West Ham United,Big5,MF,158,,0,Perfil 0,0,0,0.0,0,0,0.0,0.0,0.0,0.0,1,0.0,0.0,0.0,0,0.0,0.0,0.0,26.0,0,0,7,3,0,6.86
Alexander Isak,Liverpool,Big5,FW,699,85000000.0,0,Perfil 0,0,0,0.0,3,1,2.7,0.0,0.0,0.0,0,0.0,0.0,17.082,6,0.0,0.0,0.0,26.0,0,0,14,1,0,6.74
Gustav Isaksen,Lazio,Big5,FW,1573,,1,Atacantes,1,1,0.97,5,1,5.0,0.0,0.0,0.0,7,0.0,0.0,48.125,19,0.0,0.0,0.0,25.0,0,0,29,1,0,6.71
Isco,Real Betis,Big5,FW,135,,0,Perfil 0,0,0,0.0,0,1,1.0,0.0,0.0,0.0,0,0.0,0.0,4.005,0,0.0,0.0,0.0,34.0,0,0,6,1,0,6.74
Wilson Isidor,Sunderland,Big5,FW,1121,,1,Atacantes,1,1,0.88,5,0,4.7,0.0,0.0,0.0,1,0.0,0.0,40.125,16,0.0,0.0,0.0,25.0,1,0,30,1,0,6.31
Ardian Ismajli,Torino,Big5,DF,1816,,0,Perfil 0,1,1,0.99,0,1,0.3,0.0,0.0,0.0,35,0.0,0.0,6.06,4,0.0,0.0,0.0,29.0,5,0,24,0,0,6.95
Franco Israel,Torino,Big5,GK,810,,0,Perfil 0,0,0,0.01,0,0,0.0,0.0,0.0,0.0,0,0.0,0.0,0.0,0,24.0,60.0,3.0,26.0,1,0,9,2,0,6.93
Alex Iwobi,Fulham,Big5,MF,2263,,1,Atacantes,1,1,1.0,4,3,1.9,0.0,0.0,0.0,14,0.0,0.0,30.873,12,0.0,0.0,0.0,30.0,3,0,27,3,0,7.02
Urko Izeta,Athletic Club,Big5,FW,171,,0,Perfil 0,0,0,0.0,0,0,1.3,0.0,0.0,0.0,0,0.0,0.0,7.999,4,0.0,0.0,0.0,26.0,2,0,11,1,0,6.74
Jérémy Jacquet,Rennes,Big5,DF,1671,55000000.0,0,Perfil 0,1,1,0.96,0,0,1.0,0.0,0.0,0.0,22,0.0,0.0,10.974,3,0.0,0.0,0.0,20.0,6,1,19,0,0,6.85
Daniel James,Leeds United,Big5,FW,479,,0,Perfil 0,0,0,0.01,0,0,0.9,0.0,0.0,0.0,1,0.0,0.0,11.924999999999999,3,0.0,0.0,0.0,28.0,0,0,17,1,0,6.74
Reece James,Chelsea,Big5,DF,1924,60000000.0,0,Perfil 0,1,1,1.0,2,4,1.0,0.0,0.0,0.0,32,0.0,0.0,20.971999999999998,6,0.0,0.0,0.0,26.0,4,0,28,0,0,7.23
Vitaly Janelt,Brentford,Big5,MF,1292,,0,Perfil 0,1,1,0.98,1,4,0.9,0.0,0.0,0.0,26,0.0,0.0,12.096,3,0.0,0.0,0.0,28.0,7,0,23,3,0,6.95
Isak Jansson,Nice,Big5,FW,625,,0,Perfil 0,0,0,0.07,1,0,1.7,0.0,0.0,0.0,5,0.0,0.0,15.87,10,0.0,0.0,0.0,24.0,3,0,21,1,0,6.74
Adnan Januzaj,Sevilla,Big5,MF,321,,0,Perfil 0,0,0,0.0,0,0,0.3,0.0,0.0,0.0,1,0.0,0.0,7.056,0,0.0,0.0,0.0,31.0,1,0,12,3,0,6.86
Ardon Jashari,Milan,Big5,MF,556,,0,Perfil 0,0,0,0.0,0,1,0.2,0.0,0.0,0.0,5,0.0,0.0,7.005999999999999,2,0.0,0.0,0.0,23.0,0,0,12,3,0,6.86
Bakery Jatta,Hamburger SV,Big5,MF,911,,0,Perfil 0,0,0,0.08,1,1,0.8,0.0,0.0,0.0,8,0.0,0.0,11.009,4,0.0,0.0,0.0,27.0,1,0,15,3,0,6.86
Mikel Jauregizar,Athletic Club,Big5,MF,2677,,0,Perfil 0,1,1,1.0,2,0,1.8,0.0,0.0,0.0,47,0.0,0.0,35.046,9,0.0,0.0,0.0,22.0,6,1,34,3,0,6.78
Gaby Jean,Lecce,Big5,DF,158,,0,Perfil 0,0,0,0.0,0,0,0.0,0.0,0.0,0.0,1,0.0,0.0,0.0,0,0.0,0.0,0.0,26.0,1,0,5,0,0,6.86
Mathias Jensen,Brentford,Big5,MF,2103,,0,Perfil 0,1,1,1.0,3,1,2.3,0.0,0.0,0.0,21,0.0,0.0,28.08,8,0.0,0.0,0.0,30.0,3,0,34,3,0,6.78
Gabriel Jesus,Arsenal,Big5,FW,355,,0,Perfil 0,0,0,0.02,2,0,2.7,0.0,0.0,0.0,2,0.0,0.0,14.819999999999999,10,0.0,0.0,0.0,29.0,2,0,13,1,0,6.74
Igor Jesus,Nottingham Forest,Big5,FW,2125,,1,Atacantes,1,1,0.98,6,4,6.6,0.0,0.0,0.0,2,0.0,0.0,66.08,20,0.0,0.0,0.0,25.0,2,0,35,1,0,6.53
Juan Jesus,Napoli,Big5,DF,1630,,0,Perfil 0,1,1,0.98,0,0,0.3,0.0,0.0,0.0,26,0.0,0.0,3.0770000000000004,0,0.0,0.0,0.0,34.0,10,1,23,0,0,6.89
Álex Jiménez,Bournemouth,Big5,DF,2317,,0,Perfil 0,1,1,1.0,1,0,1.1,0.0,0.0,0.0,27,0.0,0.0,21.073999999999998,4,0.0,0.0,0.0,21.0,10,0,31,0,0,6.99
Raúl Jiménez,Fulham,Big5,FW,2146,,1,Atacantes,1,1,1.0,9,3,11.5,0.0,0.0,0.0,7,0.0,0.0,69.972,18,0.0,0.0,0.0,35.0,5,0,34,1,0,6.74
João Pedro,Chelsea,Big5,FW,2571,80000000.0,1,Atacantes,1,1,1.0,15,5,15.0,0.0,0.0,0.0,5,0.0,0.0,71.21400000000001,28,0.0,0.0,0.0,24.0,4,0,34,1,0,7.18
Joelinton,Newcastle United,Big5,MF,1951,,0,Perfil 0,1,1,1.0,2,1,2.4,0.0,0.0,0.0,28,0.0,0.0,32.116,11,0.0,0.0,0.0,29.0,10,0,27,3,0,6.95
Brennan Johnson,Crystal Palace,Big5,MF,1067,,0,Perfil 0,1,1,0.62,0,1,2.4,0.0,0.0,0.0,2,0.0,0.0,17.017,3,0.0,0.0,0.0,24.0,4,0,17,3,0,6.57
Karl-Johan Johnsson,Strasbourg,Big5,GK,90,,0,Perfil 0,0,0,0.0,0,0,0.0,0.0,0.0,0.0,0,0.0,0.0,0.0,0,2.0,100.0,1.0,36.0,0,0,1,2,0,6.93
Curtis Jones,Liverpool,Big5,MF,1757,,0,Perfil 0,1,1,1.0,0,2,2.8,0.0,0.0,0.0,16,0.0,0.0,18.915,6,0.0,0.0,0.0,25.0,2,0,32,3,0,6.96
Frenkie de Jong,Barcelona,Big5,MF,1607,,0,Perfil 0,1,1,1.0,1,5,1.2,0.0,0.0,0.0,17,0.0,0.0,6.981,2,0.0,0.0,0.0,29.0,4,1,24,3,0,7.32
Josan,Elche,Big5,MF,560,,0,Perfil 0,0,0,0.05,0,3,0.3,0.0,0.0,0.0,6,0.0,0.0,2.976,1,0.0,0.0,0.0,36.0,2,0,18,3,0,6.86
Mateo Joseph,Mallorca,Big5,MF,1699,,1,Atacantes,1,1,1.0,2,3,5.1,0.0,0.0,0.0,13,0.0,0.0,33.074999999999996,14,0.0,0.0,0.0,22.0,2,0,29,3,0,6.56
Juanmi,Getafe,Big5,FW,179,,0,Perfil 0,0,0,0.0,1,0,0.1,0.0,0.0,0.0,0,0.0,0.0,2.02,1,0.0,0.0,0.0,32.0,0,0,8,1,0,6.74
Vinicius Júnior,Real Madrid,Big5,FW,2649,140000000.0,1,Atacantes,1,1,1.0,15,5,13.6,0.0,0.0,0.0,2,0.0,0.0,95.844,45,0.0,0.0,0.0,25.0,8,0,34,1,0,7.65
James Justin,Leeds United,Big5,DF,1721,,0,Perfil 0,1,1,1.0,2,1,1.7,0.0,0.0,0.0,24,0.0,0.0,21.965,6,0.0,0.0,0.0,28.0,4,0,27,0,0,7.05
Mohamed Kaba,Nantes,Big5,MF,918,,0,Perfil 0,0,0,0.1,0,2,1.0,0.0,0.0,0.0,14,0.0,0.0,11.016,6,0.0,0.0,0.0,24.0,2,0,12,3,0,6.86
Mohamed Kaba,Lecce,Big5,MF,633,,0,Perfil 0,0,0,0.0,0,0,0.5,0.0,0.0,0.0,4,0.0,0.0,8.96,4,0.0,0.0,0.0,24.0,1,0,15,3,0,6.86
Christian Kabasele,Udinese,Big5,DF,2139,,0,Perfil 0,1,1,0.99,3,0,1.3,0.0,0.0,0.0,31,0.0,0.0,9.044,6,0.0,0.0,0.0,35.0,5,0,28,0,0,6.78
Pierre Kalulu,Juventus,Big5,DF,3101,,0,Perfil 0,1,1,1.0,2,4,1.7,0.0,0.0,0.0,24,0.0,0.0,13.11,4,0.0,0.0,0.0,25.0,3,1,35,0,0,7.24
Daichi Kamada,Crystal Palace,Big5,MF,1767,,0,Perfil 0,1,1,0.89,0,0,1.7,0.0,0.0,0.0,11,0.0,0.0,18.032000000000004,4,0.0,0.0,0.0,29.0,3,0,26,3,0,6.84
Warren Kamanzi,Toulouse,Big5,MF,870,,0,Perfil 0,0,0,0.17,1,1,0.9,0.0,0.0,0.0,7,0.0,0.0,12.027999999999999,2,0.0,0.0,0.0,25.0,1,0,24,3,0,6.53
Abu Kamara,Getafe,Big5,MF,256,,0,Perfil 0,0,0,0.0,0,0,0.5,0.0,0.0,0.0,3,0.0,0.0,3.9479999999999995,1,0.0,0.0,0.0,22.0,1,0,12,3,0,6.86
Bingourou Kamara,Lorient,Big5,GK,270,,0,Perfil 0,0,0,0.0,0,0,0.0,0.0,0.0,0.0,0,0.0,0.0,0.0,0,8.0,50.0,1.0,29.0,0,0,3,2,0,6.93
Boubacar Kamara,Aston Villa,Big5,MF,1411,,0,Perfil 0,1,1,0.82,1,3,0.5,0.0,0.0,0.0,15,0.0,0.0,7.0649999999999995,4,0.0,0.0,0.0,26.0,5,0,18,3,0,6.86
Hassane Kamara,Udinese,Big5,MF,1783,,0,Perfil 0,1,1,0.99,0,2,0.6,0.0,0.0,0.0,25,0.0,0.0,16.038,5,0.0,0.0,0.0,32.0,4,0,25,3,0,6.91
Adam Karabec,Lyon,Big5,MF,922,,0,Perfil 0,0,0,0.01,1,0,1.7,0.0,0.0,0.0,1,0.0,0.0,8.975999999999999,5,0.0,0.0,0.0,22.0,3,0,21,3,0,6.86
Dermane Karim,Lorient,Big5,MF,1341,,0,Perfil 0,1,1,0.92,1,2,1.2,0.0,0.0,0.0,10,0.0,0.0,15.049000000000001,2,0.0,0.0,0.0,22.0,3,0,29,3,0,6.69
Jesper Karlström,Udinese,Big5,MF,2998,,0,Perfil 0,1,1,1.0,1,0,0.8,0.0,0.0,0.0,35,0.0,0.0,17.982,2,0.0,0.0,0.0,30.0,5,0,34,3,0,6.87
Jon Karrikaburu,Real Sociedad,Big5,FW,135,,0,Perfil 0,0,0,0.0,0,0,0.9,0.0,0.0,0.0,0,0.0,0.0,7.005,2,0.0,0.0,0.0,23.0,0,0,7,1,0,6.74
Panos Katseris,Lorient,Big5,MF,657,,0,Perfil 0,0,0,0.1,1,2,0.9,0.0,0.0,0.0,10,0.0,0.0,7.008,4,0.0,0.0,0.0,24.0,3,0,15,3,0,6.86
Michael Kayode,Brentford,Big5,DF,3078,40000000.0,0,Perfil 0,1,1,1.0,1,1,1.2,0.0,0.0,0.0,39,0.0,0.0,8.892000000000001,3,0.0,0.0,0.0,21.0,7,0,35,0,0,7.01
Moise Kean,Fiorentina,Big5,FW,2036,,1,Atacantes,1,1,1.0,8,1,15.1,0.0,0.0,0.0,7,0.0,0.0,97.858,27,0.0,0.0,0.0,26.0,4,0,26,1,0,6.79
Michael Keane,Everton,Big5,DF,2411,,0,Perfil 0,1,1,0.97,3,0,2.3,0.0,0.0,0.0,34,0.0,0.0,24.12,7,0.0,0.0,0.0,33.0,1,1,31,0,0,6.98
Ilan Kebbal,Paris FC,Big5,MF,2198,,1,Atacantes,1,1,1.0,9,4,6.6,0.0,0.0,0.0,7,0.0,0.0,48.068,19,0.0,0.0,0.0,27.0,7,0,28,3,0,7.39
Yassine Kechta,Le Havre,Big5,MF,1260,,0,Perfil 0,1,1,0.99,2,1,1.7,0.0,0.0,0.0,17,0.0,0.0,20.02,8,0.0,0.0,0.0,24.0,3,0,29,3,0,6.51
Thilo Kehrer,Monaco,Big5,DF,2333,,0,Perfil 0,1,1,1.0,0,0,1.6,0.0,0.0,0.0,31,0.0,0.0,16.058,1,0.0,0.0,0.0,29.0,8,2,27,0,0,6.96
Mandela Keita,Parma,Big5,MF,2818,,0,Perfil 0,1,1,1.0,1,1,0.7,0.0,0.0,0.0,42,0.0,0.0,15.024,4,0.0,0.0,0.0,24.0,1,0,35,3,0,6.94
Caoimhín Kelleher,Brentford,Big5,GK,3150,,2,Goleiros,1,1,1.0,0,0,0.0,0.0,0.0,0.0,1,0.0,0.0,0.0,0,95.0,68.7,10.0,27.0,1,0,35,2,0,6.93
Lloyd Kelly,Juventus,Big5,DF,2826,,0,Perfil 0,1,1,1.0,1,1,1.1,0.0,0.0,0.0,14,0.0,0.0,16.014,3,0.0,0.0,0.0,27.0,4,0,33,0,0,7.12
Marc-Oliver Kempf,Como,Big5,DF,2155,,0,Perfil 0,1,1,0.96,4,1,2.8,0.0,0.0,0.0,11,0.0,0.0,21.032,6,0.0,0.0,0.0,31.0,3,0,32,0,0,7.01
Milos Kerkez,Liverpool,Big5,DF,2159,,0,Perfil 0,1,1,1.0,2,1,1.6,0.0,0.0,0.0,14,0.0,0.0,7.92,2,0.0,0.0,0.0,22.0,4,0,32,0,0,6.89
Kevin,Fulham,Big5,MF,937,,0,Perfil 0,0,0,0.25,1,1,1.2,0.0,0.0,0.0,9,0.0,0.0,22.984,10,0.0,0.0,0.0,23.0,1,0,24,3,0,6.62
Reda Khadra,Le Havre,Big5,FW,229,,0,Perfil 0,0,0,0.0,0,0,0.2,0.0,0.0,0.0,0,0.0,0.0,5.8999999999999995,3,0.0,0.0,0.0,24.0,0,0,8,1,0,6.74
Abdukodir Khusanov,Manchester City,Big5,DF,1342,50000000.0,0,Perfil 0,1,1,0.98,0,0,0.7,0.0,0.0,0.0,28,0.0,0.0,5.960000000000001,1,0.0,0.0,0.0,22.0,2,0,20,0,0,7.12
Max Kilman,West Ham United,Big5,DF,1561,,0,Perfil 0,1,1,0.74,0,0,0.6,0.0,0.0,0.0,6,0.0,0.0,6.920000000000001,1,0.0,0.0,0.0,28.0,4,0,21,0,0,6.86
Joshua King,Fulham,Big5,MF,1265,,0,Perfil 0,1,1,0.91,1,2,2.5,0.0,0.0,0.0,3,0.0,0.0,25.098,10,0.0,0.0,0.0,19.0,4,0,30,3,0,6.5
Antonín Kinský,Tottenham Hotspur,Big5,GK,450,,0,Perfil 0,0,0,0.0,0,0,0.0,0.0,0.0,0.0,0,0.0,0.0,0.0,0,7.0,63.6,1.0,23.0,0,0,5,2,0,6.93
Lukas Klostermann,RB Leipzig,Big5,DF,95,,0,Perfil 0,0,0,0.0,0,1,0.1,0.0,0.0,0.0,1,0.0,0.0,2.079,1,0.0,0.0,0.0,29.0,0,0,5,0,0,6.86
Justin Kluivert,Bournemouth,Big5,MF,919,,0,Perfil 0,0,0,0.13,2,0,2.3,0.0,0.0,0.0,4,0.0,0.0,16.014,4,0.0,0.0,0.0,27.0,4,0,18,3,0,6.53
Ruben Kluivert,Lyon,Big5,DF,727,,0,Perfil 0,0,0,0.24,1,2,0.5,0.0,0.0,0.0,8,0.0,0.0,0.972,1,0.0,0.0,0.0,24.0,4,0,15,0,0,6.86
Ansgar Knauff,Eintracht Frankfurt,Big5,MF,1252,,1,Atacantes,1,1,0.97,4,1,3.8,0.0,0.0,0.0,9,0.0,0.0,32.943000000000005,14,0.0,0.0,0.0,24.0,3,0,27,3,0,6.58
Robin Koch,Eintracht Frankfurt,Big5,DF,2743,,0,Perfil 0,1,1,1.0,3,1,1.4,0.0,0.0,0.0,46,0.0,0.0,14.030000000000001,5,0.0,0.0,0.0,29.0,3,1,31,0,0,6.88
Hervé Koffi,Angers,Big5,GK,2610,,2,Goleiros,1,1,0.98,0,0,0.0,0.0,0.0,0.0,0,0.0,0.0,0.0,0,118.0,78.0,10.0,29.0,1,0,29,2,0,7.38
Philipp Köhn,Monaco,Big5,GK,1621,,2,Goleiros,1,1,0.99,0,0,0.0,0.0,0.0,0.0,1,0.0,0.0,0.0,0,48.0,65.8,5.0,28.0,1,0,19,2,0,6.77
Sead Kolašinac,Atalanta,Big5,DF,1209,,0,Perfil 0,1,1,0.75,0,0,0.2,0.0,0.0,0.0,11,0.0,0.0,2.948,0,0.0,0.0,0.0,32.0,3,0,18,0,0,6.86
Luca Koleosho,Paris FC,Big5,MF,531,,0,Perfil 0,0,0,0.02,3,0,2.0,0.0,0.0,0.0,3,0.0,0.0,15.989,10,0.0,0.0,0.0,21.0,0,0,15,3,0,6.86
Randal Kolo Muani,Tottenham Hotspur,Big5,FW,1578,,0,Perfil 0,1,1,0.74,1,1,2.2,0.0,0.0,0.0,2,0.0,0.0,18.900000000000002,4,0.0,0.0,0.0,27.0,3,0,28,1,0,6.3
Timothée Kolodziejczak,Paris FC,Big5,DF,662,,0,Perfil 0,0,0,0.0,0,0,0.1,0.0,0.0,0.0,7,0.0,0.0,1.0360000000000003,1,0.0,0.0,0.0,34.0,2,0,11,0,0,6.86
Ibrahima Konaté,Liverpool,Big5,DF,2912,45000000.0,0,Perfil 0,1,1,1.0,1,0,1.2,0.0,0.0,0.0,28,0.0,0.0,10.043999999999999,3,0.0,0.0,0.0,26.0,6,0,34,0,0,7.11
Geoffrey Kondogbia,Marseille,Big5,MF,587,,0,Perfil 0,0,0,0.06,0,0,0.3,0.0,0.0,0.0,11,0.0,0.0,3.965,1,0.0,0.0,0.0,33.0,3,0,10,3,0,6.86
Ismaël Koné,Sassuolo,Big5,MF,2602,,1,Atacantes,1,1,0.98,6,0,5.2,0.0,0.0,0.0,12,0.0,0.0,19.941,10,0.0,0.0,0.0,23.0,5,1,33,3,0,6.91
Ransford Königsdörffer,Hamburger SV,Big5,FW,2329,,1,Atacantes,1,1,0.98,5,1,7.7,0.0,0.0,0.0,6,0.0,0.0,65.00899999999999,22,0.0,0.0,0.0,24.0,2,0,33,1,0,6.58
Ezri Konsa,Aston Villa,Big5,DF,2945,,0,Perfil 0,1,1,1.0,0,0,1.3,0.0,0.0,0.0,22,0.0,0.0,11.118000000000002,2,0.0,0.0,0.0,28.0,0,1,33,0,0,6.75
Teun Koopmeiners,Juventus,Big5,DF,1761,,0,Perfil 0,1,1,1.0,0,0,1.5,0.0,0.0,0.0,18,0.0,0.0,28.028000000000002,7,0.0,0.0,0.0,28.0,5,0,31,0,0,6.69
Ville Koski,Alavés,Big5,DF,102,,0,Perfil 0,0,0,0.0,0,0,0.0,0.0,0.0,0.0,3,0.0,0.0,0.0,0,0.0,0.0,0.0,24.0,0,0,3,0,0,6.86
Odilon Kossounou,Atalanta,Big5,DF,988,,0,Perfil 0,0,0,0.1,1,0,0.4,0.0,0.0,0.0,10,0.0,0.0,5.0600000000000005,1,0.0,0.0,0.0,25.0,1,0,19,0,0,6.86
Filip Kostić,Juventus,Big5,MF,479,,0,Perfil 0,0,0,0.01,3,1,0.6,0.0,0.0,0.0,4,0.0,0.0,8.956999999999999,4,0.0,0.0,0.0,33.0,1,0,18,3,0,6.86
Koffi Kouao,Metz,Big5,DF,2265,,0,Perfil 0,1,1,1.0,2,1,1.7,0.0,0.0,0.0,28,0.0,0.0,22.932,10,0.0,0.0,0.0,27.0,10,0,27,0,0,6.92
Arsène Kouassi,Lorient,Big5,MF,2515,,0,Perfil 0,1,1,1.0,2,6,0.6,0.0,0.0,0.0,24,0.0,0.0,8.091,5,0.0,0.0,0.0,21.0,4,0,30,3,0,7.17
Christ-Owen Kouassi,Lecce,Big5,DF,228,,0,Perfil 0,0,0,0.0,0,0,0.0,0.0,0.0,0.0,1,0.0,0.0,0.0,0,0.0,0.0,0.0,23.0,0,0,4,0,0,6.86
Seny Koumbassa,Toulouse,Big5,DF,444,,0,Perfil 0,0,0,0.0,1,0,0.2,0.0,0.0,0.0,4,0.0,0.0,2.9890000000000003,1,0.0,0.0,0.0,18.0,0,0,9,0,0,6.86
Jules Koundé,Barcelona,Big5,DF,2171,60000000.0,0,Perfil 0,1,1,1.0,1,3,1.7,0.0,0.0,0.0,30,0.0,0.0,13.014000000000001,3,0.0,0.0,0.0,27.0,5,0,29,0,0,7.26
Goduine Koyalipou,Angers,Big5,FW,591,,0,Perfil 0,0,0,0.0,2,0,2.7,0.0,0.0,0.0,1,0.0,0.0,19.073999999999998,8,0.0,0.0,0.0,26.0,0,0,12,1,0,6.74
Goduine Koyalipou,Levante,Big5,FW,247,,0,Perfil 0,0,0,0.0,1,0,1.0,0.0,0.0,0.0,1,0.0,0.0,9.828000000000001,4,0.0,0.0,0.0,26.0,1,0,11,1,0,6.74
Vladyslav Krapyvtsov,Girona,Big5,GK,136,,0,Perfil 0,0,0,0.0,0,0,0.0,0.0,0.0,0.0,0,0.0,0.0,0.0,0,4.0,44.4,0.0,20.0,0,0,2,2,0,6.93
Jean-Philippe Krasso,Paris FC,Big5,FW,1092,,0,Perfil 0,1,1,0.91,2,2,3.4,0.0,0.0,0.0,1,0.0,0.0,26.983,10,0.0,0.0,0.0,28.0,0,0,25,1,0,6.52
Ladislav Krejčí,Girona,Big5,DF,180,,0,Perfil 0,0,0,0.0,0,0,0.1,0.0,0.0,0.0,1,0.0,0.0,1.0,0,0.0,0.0,0.0,27.0,1,0,2,0,0,6.86
Rasmus Kristensen,Eintracht Frankfurt,Big5,DF,1459,,0,Perfil 0,1,1,0.96,2,0,0.7,0.0,0.0,0.0,19,0.0,0.0,15.066,6,0.0,0.0,0.0,28.0,6,1,21,0,0,7.06
Thomas Kristensen,Udinese,Big5,DF,2324,,0,Perfil 0,1,1,0.98,3,0,1.0,0.0,0.0,0.0,26,0.0,0.0,11.094,6,0.0,0.0,0.0,24.0,4,0,26,0,0,6.98
Nikola Krstović,Atalanta,Big5,FW,1701,,1,Atacantes,1,1,1.0,10,5,14.0,0.0,0.0,0.0,3,0.0,0.0,96.012,33,0.0,0.0,0.0,26.0,4,0,32,1,0,7.03
Takefusa Kubo,Real Sociedad,Big5,MF,1447,,0,Perfil 0,1,1,0.97,2,4,2.4,0.0,0.0,0.0,8,0.0,0.0,27.048000000000002,12,0.0,0.0,0.0,24.0,2,0,23,3,0,7.05
Mohammed Kudus,Tottenham Hotspur,Big5,MF,1535,50000000.0,0,Perfil 0,1,1,0.83,2,5,1.9,0.0,0.0,0.0,3,0.0,0.0,25.992,9,0.0,0.0,0.0,25.0,3,0,19,3,0,6.99
Nicolas-Gerrit Kühn,Como,Big5,MF,665,,0,Perfil 0,0,0,0.08,1,1,1.0,0.0,0.0,0.0,5,0.0,0.0,7.992000000000001,3,0.0,0.0,0.0,26.0,0,0,23,3,0,6.86
Sandro Kulenović,Torino,Big5,FW,294,,0,Perfil 0,0,0,0.0,0,1,0.7,0.0,0.0,0.0,1,0.0,0.0,5.0489999999999995,2,0.0,0.0,0.0,26.0,2,0,12,1,0,6.74
Marash Kumbulla,Mallorca,Big5,DF,439,,0,Perfil 0,0,0,0.0,0,0,0.1,0.0,0.0,0.0,2,0.0,0.0,3.0380000000000003,0,0.0,0.0,0.0,26.0,1,0,8,0,0,6.86
Khvicha Kvaratskhelia,Paris Saint-Germain,Big5,FW,1422,140000000.0,1,Atacantes,1,1,1.0,8,4,7.9,0.0,0.0,0.0,9,0.0,0.0,64.938,29,0.0,0.0,0.0,25.0,1,0,27,1,0,7.3
Giorgi Kvilitaia,Metz,Big5,FW,405,,0,Perfil 0,0,0,0.0,2,0,1.0,0.0,0.0,0.0,0,0.0,0.0,9.0,7,0.0,0.0,0.0,32.0,1,0,9,1,0,6.74
Godson Kyeremeh,Le Havre,Big5,FW,381,,0,Perfil 0,0,0,0.02,1,1,1.1,0.0,0.0,0.0,0,0.0,0.0,5.9639999999999995,2,0.0,0.0,0.0,25.0,0,0,13,1,0,6.74
Adrián de la Fuente,Levante,Big5,DF,2531,,1,Atacantes,1,1,0.99,3,1,4.2,0.0,0.0,0.0,47,0.0,0.0,35.968,8,0.0,0.0,0.0,27.0,5,0,31,0,0,6.92
Maxence Lacroix,Crystal Palace,Big5,DF,3025,50000000.0,0,Perfil 0,1,1,1.0,1,2,2.4,0.0,0.0,0.0,43,0.0,0.0,23.855999999999998,7,0.0,0.0,0.0,26.0,4,1,34,0,0,7.04
Mayckel Lahdo,Nantes,Big5,FW,415,,0,Perfil 0,0,0,0.0,1,1,0.4,0.0,0.0,0.0,0,0.0,0.0,2.9899999999999998,1,0.0,0.0,0.0,23.0,0,0,8,1,0,6.74
Kenny Lala,Brest,Big5,DF,2701,,0,Perfil 0,1,1,1.0,0,3,0.2,0.0,0.0,0.0,26,0.0,0.0,8.100000000000001,1,0.0,0.0,0.0,34.0,4,0,31,0,0,6.59
Noa Lang,Napoli,Big5,FW,666,,0,Perfil 0,0,0,0.0,1,2,0.8,0.0,0.0,0.0,2,0.0,0.0,9.028,4,0.0,0.0,0.0,26.0,2,0,18,1,0,6.74
Aymeric Laporte,Athletic Club,Big5,DF,1968,,0,Perfil 0,1,1,0.99,0,1,1.6,0.0,0.0,0.0,24,0.0,0.0,15.110999999999997,5,0.0,0.0,0.0,31.0,3,0,24,0,0,6.93
Hugo Larsson,Eintracht Frankfurt,Big5,MF,1812,,0,Perfil 0,1,1,1.0,2,2,1.5,0.0,0.0,0.0,27,0.0,0.0,13.065000000000001,6,0.0,0.0,0.0,21.0,0,0,25,3,0,6.93
Toni Lato,Mallorca,Big5,DF,499,,0,Perfil 0,0,0,0.01,0,1,0.0,0.0,0.0,0.0,5,0.0,0.0,0.0,0,0.0,0.0,0.0,28.0,3,0,11,0,0,6.86
Josh Laurent,Burnley,Big5,DF,1744,,0,Perfil 0,1,1,0.98,1,0,0.9,0.0,0.0,0.0,28,0.0,0.0,14.937999999999999,4,0.0,0.0,0.0,31.0,7,1,32,0,0,6.31
Armand Lauriente,Sassuolo,Big5,FW,2440,,1,Atacantes,1,1,0.98,6,9,3.8,0.0,0.0,0.0,7,0.0,0.0,65.85300000000001,24,0.0,0.0,0.0,27.0,4,0,36,1,0,6.96
Roméo Lavia,Chelsea,Big5,MF,382,,0,Perfil 0,0,0,0.0,0,0,0.2,0.0,0.0,0.0,5,0.0,0.0,2.9819999999999998,0,0.0,0.0,0.0,22.0,0,0,12,3,0,6.86
Valentino Lazaro,Torino,Big5,MF,2252,,0,Perfil 0,1,1,0.98,0,2,0.5,0.0,0.0,0.0,22,0.0,0.0,8.0,2,0.0,0.0,0.0,30.0,4,0,31,3,0,6.74
Manuel Lazzari,Lazio,Big5,DF,917,,0,Perfil 0,0,0,0.1,0,0,0.2,0.0,0.0,0.0,6,0.0,0.0,3.9779999999999998,2,0.0,0.0,0.0,32.0,2,0,21,0,0,6.86
Théo Le Bris,Lorient,Big5,MF,1893,,0,Perfil 0,1,1,1.0,2,2,1.7,0.0,0.0,0.0,17,0.0,0.0,17.01,7,0.0,0.0,0.0,23.0,0,0,28,3,0,6.9
Julien Le Cardinal,Brest,Big5,DF,328,,0,Perfil 0,0,0,0.01,1,0,0.8,0.0,0.0,0.0,3,0.0,0.0,4.932,2,0.0,0.0,0.0,28.0,1,0,5,0,0,6.86
Enzo Le Fée,Sunderland,Big5,MF,2751,,1,Atacantes,1,1,1.0,4,5,5.2,0.0,0.0,0.0,26,0.0,0.0,32.13,9,0.0,0.0,0.0,26.0,5,0,34,3,0,7.14
Raphael Le Guen,Brest,Big5,DF,285,,0,Perfil 0,0,0,0.02,0,0,0.2,0.0,0.0,0.0,11,0.0,0.0,4.032,1,0.0,0.0,0.0,19.0,0,0,5,0,0,6.86
Nicola Leali,Genoa,Big5,GK,1757,,2,Goleiros,1,1,1.0,0,0,0.0,0.0,0.0,0.0,1,0.0,0.0,0.0,0,55.0,68.8,4.0,33.0,2,1,21,2,0,6.89
Rafael Leão,Milan,Big5,FW,1828,50000000.0,1,Atacantes,1,1,1.0,9,3,9.9,0.0,0.0,0.0,5,0.0,0.0,62.93000000000001,24,0.0,0.0,0.0,26.0,5,0,28,1,0,7.05
Pierre Lees-Melou,Paris FC,Big5,MF,1692,,0,Perfil 0,1,1,0.96,1,2,1.3,0.0,0.0,0.0,20,0.0,0.0,25.944,6,0.0,0.0,0.0,32.0,7,1,21,3,0,7.15
Jordan Lefort,Angers,Big5,DF,2970,,0,Perfil 0,1,1,0.99,0,2,0.5,0.0,0.0,0.0,46,0.0,0.0,10.89,2,0.0,0.0,0.0,32.0,2,0,33,0,0,6.8
Florian Lejeune,Rayo Vallecano,Big5,DF,3050,,1,Atacantes,1,1,1.0,1,1,2.3,0.0,0.0,0.0,45,0.0,0.0,47.120999999999995,16,0.0,0.0,0.0,34.0,6,0,34,0,0,7.27
Iñigo Lekue,Athletic Club,Big5,DF,569,,0,Perfil 0,0,0,0.01,0,0,0.1,0.0,0.0,0.0,4,0.0,0.0,2.961,1,0.0,0.0,0.0,33.0,2,2,10,0,0,6.86
Thomas Lemar,Girona,Big5,MF,1210,,0,Perfil 0,1,1,0.84,3,1,1.9,0.0,0.0,0.0,4,0.0,0.0,15.946,8,0.0,0.0,0.0,30.0,3,0,25,3,0,6.66
Félix Lemaréchal,Strasbourg,Big5,MF,555,,0,Perfil 0,0,0,0.01,0,2,0.9,0.0,0.0,0.0,3,0.0,0.0,10.044,2,0.0,0.0,0.0,22.0,1,0,11,3,0,6.86
Bernd Leno,Fulham,Big5,GK,3240,,2,Goleiros,1,1,1.0,0,0,0.0,0.0,0.0,0.0,1,0.0,0.0,0.0,0,94.0,66.7,8.0,34.0,3,0,36,2,0,6.84
Donovan Léon,Auxerre,Big5,GK,2370,,2,Goleiros,1,1,1.0,0,0,0.0,0.0,0.0,0.0,0,0.0,0.0,0.0,0,92.0,73.4,8.0,33.0,0,2,28,2,0,7.0
Esteban Lepaul,Rennes,Big5,FW,2421,,1,Atacantes,1,1,1.0,19,5,15.7,0.0,0.0,0.0,3,0.0,0.0,79.086,36,0.0,0.0,0.0,26.0,3,0,31,1,0,7.25
Johann Lepenant,Nantes,Big5,MF,2173,,0,Perfil 0,1,1,0.99,0,1,0.9,0.0,0.0,0.0,26,0.0,0.0,21.931,7,0.0,0.0,0.0,23.0,4,0,27,3,0,6.92
Mehdi Léris,Pisa,Big5,MF,1761,,0,Perfil 0,1,1,1.0,2,3,1.6,0.0,0.0,0.0,18,0.0,0.0,24.108,7,0.0,0.0,0.0,27.0,2,0,32,3,0,6.83
Jefferson Lerma,Crystal Palace,Big5,MF,1626,,0,Perfil 0,1,1,0.99,0,2,1.8,0.0,0.0,0.0,21,0.0,0.0,19.005000000000003,7,0.0,0.0,0.0,31.0,6,0,29,3,0,6.73
Louis Leroux,Nantes,Big5,MF,1441,,0,Perfil 0,1,1,0.57,1,1,1.7,0.0,0.0,0.0,5,0.0,0.0,15.04,3,0.0,0.0,0.0,20.0,2,0,23,3,0,6.61
Robert Lewandowski,Barcelona,Big5,FW,1490,,1,Atacantes,1,1,1.0,13,2,14.1,0.0,0.0,0.0,3,0.0,0.0,60.092000000000006,28,0.0,0.0,0.0,37.0,2,0,29,1,0,6.95
Rico Lewis,Manchester City,Big5,DF,317,,0,Perfil 0,0,0,0.0,0,1,0.2,0.0,0.0,0.0,7,0.0,0.0,1.9949999999999999,0,0.0,0.0,0.0,21.0,1,0,10,0,0,6.86
Keane Lewis-Potter,Brentford,Big5,DF,1794,,0,Perfil 0,1,1,0.97,3,3,3.0,0.0,0.0,0.0,8,0.0,0.0,27.859999999999996,9,0.0,0.0,0.0,25.0,1,0,34,0,0,6.67
Myles Lewis-Skelly,Arsenal,Big5,MF,601,45000000.0,0,Perfil 0,0,0,0.05,0,0,0.1,0.0,0.0,0.0,4,0.0,0.0,2.01,0,0.0,0.0,0.0,19.0,3,0,18,3,0,6.86
Luca Lipani,Sassuolo,Big5,MF,924,,0,Perfil 0,0,0,0.21,0,1,0.9,0.0,0.0,0.0,12,0.0,0.0,12.051,3,0.0,0.0,0.0,20.0,3,0,22,3,0,6.47
Adrián Liso,Getafe,Big5,FW,1621,,0,Perfil 0,1,1,0.8,3,0,2.1,0.0,0.0,0.0,4,0.0,0.0,25.919999999999998,10,0.0,0.0,0.0,21.0,5,1,27,1,0,6.34
Joseph Liteta,Cagliari,Big5,MF,264,,0,Perfil 0,0,0,0.0,0,0,0.0,0.0,0.0,0.0,8,0.0,0.0,0.0,0,0.0,0.0,0.0,20.0,0,0,4,3,0,6.86
Valentino Livramento,Newcastle United,Big5,DF,1328,,0,Perfil 0,1,1,0.7,0,1,0.1,0.0,0.0,0.0,2,0.0,0.0,2.9600000000000004,0,0.0,0.0,0.0,23.0,1,0,17,0,0,6.86
Diego Llorente,Real Betis,Big5,DF,1139,,0,Perfil 0,1,1,0.97,1,0,0.9,0.0,0.0,0.0,27,0.0,0.0,3.0479999999999996,2,0.0,0.0,0.0,32.0,5,0,17,0,0,6.86
Gautier Lloris,Le Havre,Big5,DF,2308,,0,Perfil 0,1,1,1.0,1,1,0.9,0.0,0.0,0.0,43,0.0,0.0,12.032,4,0.0,0.0,0.0,30.0,2,1,28,0,0,6.96
Giovani Lo Celso,Real Betis,Big5,MF,1311,,0,Perfil 0,1,1,0.98,2,3,2.5,0.0,0.0,0.0,6,0.0,0.0,29.054,11,0.0,0.0,0.0,30.0,4,0,22,3,0,7.02
Stanislav Lobotka,Napoli,Big5,MF,2305,,0,Perfil 0,1,1,0.99,1,1,0.5,0.0,0.0,0.0,15,0.0,0.0,7.936,4,0.0,0.0,0.0,31.0,3,0,30,3,0,7.06
Manuel Locatelli,Juventus,Big5,MF,2814,,1,Atacantes,1,1,1.0,1,2,2.8,0.0,0.0,0.0,36,0.0,0.0,41.003,11,0.0,0.0,0.0,28.0,9,0,34,3,0,7.56
Bradley Locko,Brest,Big5,DF,1277,,0,Perfil 0,1,1,0.79,0,2,0.1,0.0,0.0,0.0,9,0.0,0.0,1.988,1,0.0,0.0,0.0,24.0,0,0,20,0,0,6.8
Ruben Loftus-Cheek,Milan,Big5,MF,1127,,0,Perfil 0,1,1,0.95,3,1,3.2,0.0,0.0,0.0,5,0.0,0.0,28.999999999999996,6,0.0,0.0,0.0,30.0,2,0,27,3,0,6.61
Sean Longstaff,Leeds United,Big5,MF,980,,0,Perfil 0,0,0,0.31,2,2,1.2,0.0,0.0,0.0,12,0.0,0.0,16.023,4,0.0,0.0,0.0,28.0,2,0,22,3,0,6.86
Ademola Lookman,Atalanta,Big5,FW,795,,0,Perfil 0,0,0,0.03,2,0,2.7,0.0,0.0,0.0,3,0.0,0.0,26.928000000000004,8,0.0,0.0,0.0,28.0,0,0,12,1,0,6.74
Anthony Lopes,Nantes,Big5,GK,2788,,2,Goleiros,1,1,1.0,0,0,0.1,0.0,0.0,0.0,1,0.0,0.0,1.8599999999999999,0,97.0,68.3,6.0,35.0,4,0,31,2,0,6.8
David López,Girona,Big5,DF,203,,0,Perfil 0,0,0,0.0,0,0,0.6,0.0,0.0,0.0,0,0.0,0.0,1.012,1,0.0,0.0,0.0,36.0,0,0,4,0,0,6.86
David López,Mallorca,Big5,DF,792,,0,Perfil 0,0,0,0.0,0,0,0.3,0.0,0.0,0.0,9,0.0,0.0,3.9600000000000004,0,0.0,0.0,0.0,23.0,2,0,13,0,0,6.86
Fermin López,Barcelona,Big5,MF,1752,100000000.0,1,Atacantes,1,1,1.0,6,9,7.0,0.0,0.0,0.0,6,0.0,0.0,65.13,23,0.0,0.0,0.0,23.0,3,0,29,3,0,7.33
Maxime Lopez,Paris FC,Big5,MF,1936,,0,Perfil 0,1,1,0.97,0,3,1.4,0.0,0.0,0.0,11,0.0,0.0,12.040000000000001,6,0.0,0.0,0.0,28.0,10,0,25,3,0,6.95
Pau López,Real Betis,Big5,GK,810,,0,Perfil 0,0,0,0.0,0,0,0.0,0.0,0.0,0.0,0,0.0,0.0,0.0,0,29.0,71.8,2.0,31.0,1,0,9,2,0,6.93
Unai López,Rayo Vallecano,Big5,MF,1507,,0,Perfil 0,1,1,1.0,0,4,0.9,0.0,0.0,0.0,19,0.0,0.0,21.877,4,0.0,0.0,0.0,30.0,7,1,26,3,0,6.93
Lorran,Pisa,Big5,FW,122,,0,Perfil 0,0,0,0.0,1,0,1.0,0.0,0.0,0.0,3,0.0,0.0,3.094,1,0.0,0.0,0.0,19.0,0,0,9,1,0,6.74
Iker Losada,Levante,Big5,MF,825,,0,Perfil 0,0,0,0.17,3,1,1.7,0.0,0.0,0.0,9,0.0,0.0,14.075999999999999,4,0.0,0.0,0.0,24.0,1,0,21,3,0,6.62
Tom Louchet,Nice,Big5,MF,1363,,0,Perfil 0,1,1,0.89,3,2,3.0,0.0,0.0,0.0,9,0.0,0.0,20.988999999999997,6,0.0,0.0,0.0,23.0,1,1,26,3,0,6.73
Marius Louer,Angers,Big5,DF,543,,0,Perfil 0,0,0,0.0,0,0,0.0,0.0,0.0,0.0,2,0.0,0.0,0.0,0,0.0,0.0,0.0,19.0,1,0,9,0,0,6.86
Felipe Loyola,Pisa,Big5,MF,508,,0,Perfil 0,0,0,0.0,1,0,0.8,0.0,0.0,0.0,6,0.0,0.0,7.951999999999999,1,0.0,0.0,0.0,25.0,0,1,10,3,0,6.86
Pol Lozano,Espanyol,Big5,MF,2103,,0,Perfil 0,1,1,0.99,2,1,0.8,0.0,0.0,0.0,23,0.0,0.0,17.081999999999997,5,0.0,0.0,0.0,26.0,11,1,32,3,0,6.55
Lorenzo Lucca,Napoli,Big5,FW,408,,0,Perfil 0,0,0,0.0,1,0,1.3,0.0,0.0,0.0,0,0.0,0.0,14.895,5,0.0,0.0,0.0,25.0,1,0,16,1,0,6.74
Lorenzo Lucca,Nottingham Forest,Big5,FW,129,,0,Perfil 0,0,0,0.0,1,0,0.8,0.0,0.0,0.0,1,0.0,0.0,3.9059999999999997,1,0.0,0.0,0.0,25.0,0,0,4,1,0,6.74
Jhon Lucumí,Bologna,Big5,DF,2197,,0,Perfil 0,1,1,1.0,1,0,1.0,0.0,0.0,0.0,29,0.0,0.0,8.052,2,0.0,0.0,0.0,27.0,5,0,28,0,0,6.96
José Luis Morales,Levante,Big5,MF,363,,0,Perfil 0,0,0,0.04,1,1,2.2,0.0,0.0,0.0,3,0.0,0.0,10.92,4,0.0,0.0,0.0,38.0,1,0,20,3,0,6.86
Douglas Luiz,Aston Villa,Big5,MF,531,,0,Perfil 0,0,0,0.0,1,0,0.5,0.0,0.0,0.0,6,0.0,0.0,6.018000000000001,4,0.0,0.0,0.0,28.0,1,0,11,3,0,6.86
Castello Lukeba,RB Leipzig,Big5,DF,2086,50000000.0,0,Perfil 0,1,1,1.0,1,0,1.2,0.0,0.0,0.0,31,0.0,0.0,8.12,2,0.0,0.0,0.0,23.0,3,0,25,0,0,7.12
Dodi Lukebakio,Sevilla,Big5,MF,180,,0,Perfil 0,0,0,0.0,1,0,0.1,0.0,0.0,0.0,1,0.0,0.0,2.0,1,0.0,0.0,0.0,28.0,0,0,2,3,0,6.86
Saša Lukić,Fulham,Big5,MF,1644,,0,Perfil 0,1,1,1.0,1,2,2.3,0.0,0.0,0.0,14,0.0,0.0,18.117,6,0.0,0.0,0.0,29.0,9,0,25,3,0,6.81
Andriy Lunin,Real Madrid,Big5,GK,540,,0,Perfil 0,0,0,0.0,0,0,0.0,0.0,0.0,0.0,0,0.0,0.0,0.0,0,16.0,69.6,1.0,27.0,0,1,6,2,0,6.93
Sebastiano Luperto,Cremonese,Big5,DF,1127,,0,Perfil 0,1,1,0.72,0,1,0.7,0.0,0.0,0.0,10,0.0,0.0,3.0,1,0.0,0.0,0.0,29.0,1,0,13,0,0,6.6
Mateus Lusuardi,Pisa,Big5,DF,198,,0,Perfil 0,0,0,0.0,0,0,0.1,0.0,0.0,0.0,0,0.0,0.0,4.0040000000000004,0,0.0,0.0,0.0,22.0,1,0,3,0,0,6.86
Zito Luvumbo,Mallorca,Big5,FW,440,,0,Perfil 0,0,0,0.01,0,2,0.6,0.0,0.0,0.0,0,0.0,0.0,7.007000000000001,6,0.0,0.0,0.0,24.0,2,0,9,1,0,6.74
Zito Luvumbo,Cagliari,Big5,MF,329,,0,Perfil 0,0,0,0.01,0,0,1.1,0.0,0.0,0.0,1,0.0,0.0,12.136,6,0.0,0.0,0.0,24.0,0,0,12,3,0,6.86
Ian Maatsen,Aston Villa,Big5,DF,1509,,0,Perfil 0,1,1,1.0,0,1,1.3,0.0,0.0,0.0,16,0.0,0.0,18.983999999999998,5,0.0,0.0,0.0,24.0,2,0,28,0,0,6.79
Alexis Mac Allister,Liverpool,Big5,MF,2478,70000000.0,1,Atacantes,1,1,1.0,2,4,3.9,0.0,0.0,0.0,17,0.0,0.0,47.025,11,0.0,0.0,0.0,27.0,6,0,35,3,0,6.89
Deiver Machado,Nantes,Big5,DF,907,,0,Perfil 0,0,0,0.12,0,1,0.8,0.0,0.0,0.0,8,0.0,0.0,6.968999999999999,1,0.0,0.0,0.0,32.0,2,0,14,0,0,6.54
Lanroy Machine,Angers,Big5,FW,506,,0,Perfil 0,0,0,0.02,1,0,1.7,0.0,0.0,0.0,0,0.0,0.0,14.951999999999998,4,0.0,0.0,0.0,20.0,1,0,21,1,0,6.74
Brian Madjo,Metz,Big5,FW,157,,0,Perfil 0,0,0,0.0,0,0,0.3,0.0,0.0,0.0,0,0.0,0.0,2.924,1,0.0,0.0,0.0,17.0,0,0,5,1,0,6.74
Noni Madueke,Arsenal,Big5,FW,1129,50000000.0,0,Perfil 0,1,1,0.84,2,1,1.2,0.0,0.0,0.0,5,0.0,0.0,20.875,7,0.0,0.0,0.0,24.0,0,0,25,1,0,6.72
Pablo Maffeo,Mallorca,Big5,DF,2482,,0,Perfil 0,1,1,1.0,1,1,0.4,0.0,0.0,0.0,32,0.0,0.0,6.9,1,0.0,0.0,0.0,28.0,11,0,29,0,0,7.07
Soungoutou Magassa,West Ham United,Big5,MF,981,,0,Perfil 0,0,0,0.33,1,0,0.4,0.0,0.0,0.0,17,0.0,0.0,6.976,2,0.0,0.0,0.0,22.0,4,0,22,3,0,6.86
Hugo Magnetti,Brest,Big5,MF,2670,,0,Perfil 0,1,1,1.0,1,1,0.7,0.0,0.0,0.0,44,0.0,0.0,21.087,5,0.0,0.0,0.0,27.0,4,1,32,3,0,6.87
Frank Magri,Toulouse,Big5,FW,1253,,1,Atacantes,1,1,0.84,5,1,4.5,0.0,0.0,0.0,3,0.0,0.0,32.943000000000005,12,0.0,0.0,0.0,26.0,3,0,17,1,0,6.72
Mike Maignan,Milan,Big5,GK,3115,,2,Goleiros,1,1,1.0,0,0,0.0,0.0,0.0,0.0,1,0.0,0.0,0.0,0,96.0,77.7,14.0,30.0,3,0,35,2,0,7.25
Ainsley Maitland-Niles,Lyon,Big5,DF,2438,,0,Perfil 0,1,1,1.0,1,4,2.4,0.0,0.0,0.0,33,0.0,0.0,14.092,7,0.0,0.0,0.0,28.0,7,1,29,0,0,6.89
Hamidou Makalou,Brest,Big5,MF,251,,0,Perfil 0,0,0,0.0,0,0,0.2,0.0,0.0,0.0,4,0.0,0.0,3.024,0,0.0,0.0,0.0,19.0,0,0,16,3,0,6.86
Jean-Victor Makengo,Lorient,Big5,MF,1734,,1,Atacantes,1,1,1.0,4,2,3.1,0.0,0.0,0.0,14,0.0,0.0,37.056,14,0.0,0.0,0.0,27.0,2,0,30,3,0,6.87
Andrija Maksimović,RB Leipzig,Big5,FW,93,,0,Perfil 0,0,0,0.0,0,0,0.1,0.0,0.0,0.0,0,0.0,0.0,1.94,0,0.0,0.0,0.0,18.0,0,0,8,1,0,6.74
Daniel Maldini,Lazio,Big5,FW,638,,0,Perfil 0,0,0,0.02,2,1,3.2,0.0,0.0,0.0,3,0.0,0.0,12.993,4,0.0,0.0,0.0,24.0,0,0,10,1,0,6.74
Youssef Maleh,Cremonese,Big5,MF,1004,,0,Perfil 0,0,0,0.05,1,0,1.0,0.0,0.0,0.0,8,0.0,0.0,13.104,2,0.0,0.0,0.0,27.0,2,1,12,3,0,6.4
Donyell Malen,Aston Villa,Big5,FW,656,45000000.0,0,Perfil 0,0,0,0.14,4,1,4.1,0.0,0.0,0.0,0,0.0,0.0,27.01,9,0.0,0.0,0.0,27.0,0,0,21,1,0,6.74
Donyell Malen,Roma,Big5,FW,1302,45000000.0,1,Atacantes,1,1,0.91,13,2,14.2,0.0,0.0,0.0,3,0.0,0.0,65.105,28,0.0,0.0,0.0,27.0,1,0,16,1,0,6.74
Giorgi Mamardashvili,Liverpool,Big5,GK,777,,0,Perfil 0,0,0,0.03,0,0,0.0,0.0,0.0,0.0,1,0.0,0.0,0.0,0,28.0,67.5,2.0,25.0,0,0,9,2,0,6.93
Felix Mambimbi,Le Havre,Big5,FW,524,,0,Perfil 0,0,0,0.0,1,0,0.7,0.0,0.0,0.0,4,0.0,0.0,5.974,2,0.0,0.0,0.0,25.0,1,0,16,1,0,6.74
Aitor Mañas,Alavés,Big5,FW,99,,0,Perfil 0,0,0,0.0,0,0,0.7,0.0,0.0,0.0,1,0.0,0.0,2.0020000000000002,1,0.0,0.0,0.0,23.0,0,0,8,1,0,6.74
Gianluca Mancini,Roma,Big5,DF,2887,,0,Perfil 0,1,1,1.0,2,2,2.5,0.0,0.0,0.0,42,0.0,0.0,17.976000000000003,6,0.0,0.0,0.0,30.0,9,0,34,0,0,7.21
Aïssa Mandi,Lille,Big5,DF,2334,,0,Perfil 0,1,1,1.0,1,0,1.2,0.0,0.0,0.0,43,0.0,0.0,13.986,4,0.0,0.0,0.0,34.0,8,0,28,0,0,7.21
Rolando Mandragora,Fiorentina,Big5,MF,2304,,1,Atacantes,1,1,1.0,6,3,4.7,0.0,0.0,0.0,15,0.0,0.0,60.928,16,0.0,0.0,0.0,28.0,7,0,32,3,0,7.03
Orel Mangala,Lyon,Big5,MF,344,,0,Perfil 0,0,0,0.0,0,0,0.2,0.0,0.0,0.0,4,0.0,0.0,3.9899999999999998,1,0.0,0.0,0.0,28.0,0,0,8,3,0,6.86
Sekou Mara,Auxerre,Big5,FW,1145,,0,Perfil 0,1,1,0.91,3,2,3.1,0.0,0.0,0.0,3,0.0,0.0,32.004,12,0.0,0.0,0.0,23.0,0,0,26,1,0,6.52
Alessandro Marcandalli,Genoa,Big5,DF,2425,,0,Perfil 0,1,1,1.0,0,2,0.3,0.0,0.0,0.0,17,0.0,0.0,2.959,2,0.0,0.0,0.0,23.0,4,0,30,0,0,6.75
Marcão,Sevilla,Big5,DF,938,,0,Perfil 0,0,0,0.05,1,0,0.7,0.0,0.0,0.0,4,0.0,0.0,9.984,2,0.0,0.0,0.0,29.0,5,1,13,0,0,6.86
Vincent Marchetti,Paris FC,Big5,MF,811,,0,Perfil 0,0,0,0.13,2,1,2.2,0.0,0.0,0.0,5,0.0,0.0,23.94,7,0.0,0.0,0.0,28.0,1,0,22,3,0,6.86
Pablo Marí,Fiorentina,Big5,DF,808,,0,Perfil 0,0,0,0.12,0,0,0.0,0.0,0.0,0.0,19,0.0,0.0,1.98,0,0.0,0.0,0.0,32.0,3,0,11,0,0,6.86
Luca Marianucci,Torino,Big5,DF,530,,0,Perfil 0,0,0,0.0,0,0,0.0,0.0,0.0,0.0,8,0.0,0.0,1.0030000000000001,0,0.0,0.0,0.0,21.0,2,0,9,0,0,6.86
Marius Marin,Pisa,Big5,MF,1281,,0,Perfil 0,1,1,0.85,0,0,0.1,0.0,0.0,0.0,14,0.0,0.0,2.9819999999999998,0,0.0,0.0,0.0,27.0,7,0,23,3,0,6.48
Pablo Marín,Real Sociedad,Big5,MF,1332,,0,Perfil 0,1,1,0.9,0,1,1.2,0.0,0.0,0.0,6,0.0,0.0,13.024000000000001,4,0.0,0.0,0.0,22.0,2,0,31,3,0,6.36
Rafa Marín,Villarreal,Big5,DF,1799,,0,Perfil 0,1,1,0.96,1,0,0.4,0.0,0.0,0.0,20,0.0,0.0,5.0,1,0.0,0.0,0.0,23.0,1,0,21,0,0,7.03
Renato Marin,Paris Saint-Germain,Big5,GK,180,,0,Perfil 0,0,0,0.0,0,0,0.0,0.0,0.0,0.0,0,0.0,0.0,0.0,0,3.0,60.0,1.0,19.0,0,0,2,2,0,6.93
Guillermo Maripán,Torino,Big5,DF,2100,,0,Perfil 0,1,1,1.0,2,0,1.6,0.0,0.0,0.0,27,0.0,0.0,17.941000000000003,8,0.0,0.0,0.0,32.0,3,0,26,0,0,6.82
Omar Marmoush,Manchester City,Big5,FW,685,50000000.0,0,Perfil 0,0,0,0.16,3,3,2.7,0.0,0.0,0.0,2,0.0,0.0,28.956,9,0.0,0.0,0.0,27.0,3,0,20,1,0,6.74
Marquinhos,Paris Saint-Germain,Big5,DF,962,,0,Perfil 0,0,0,0.01,0,0,0.1,0.0,0.0,0.0,6,0.0,0.0,2.033,0,0.0,0.0,0.0,32.0,0,0,13,0,0,6.86
Aarón Martín,Genoa,Big5,MF,2096,,0,Perfil 0,1,1,0.97,1,5,1.3,0.0,0.0,0.0,10,0.0,0.0,10.951,4,0.0,0.0,0.0,29.0,2,0,31,3,0,6.99
Carlos Martín,Rayo Vallecano,Big5,MF,396,,0,Perfil 0,0,0,0.0,0,0,1.3,0.0,0.0,0.0,0,0.0,0.0,6.996000000000001,3,0.0,0.0,0.0,24.0,1,0,9,3,0,6.86
Gerard Martín,Barcelona,Big5,DF,1939,,0,Perfil 0,1,1,0.99,0,0,0.2,0.0,0.0,0.0,29,0.0,0.0,6.0200000000000005,3,0.0,0.0,0.0,24.0,6,0,30,0,0,7.23
Iván Martín,Girona,Big5,MF,2296,,0,Perfil 0,1,1,1.0,0,1,0.9,0.0,0.0,0.0,16,0.0,0.0,11.985,5,0.0,0.0,0.0,27.0,5,1,32,3,0,6.87
Jon Martin,Real Sociedad,Big5,DF,2070,,0,Perfil 0,1,1,0.99,1,0,2.0,0.0,0.0,0.0,34,0.0,0.0,14.03,4,0.0,0.0,0.0,20.0,5,0,23,0,0,6.95
Mario Martín,Getafe,Big5,MF,1953,,0,Perfil 0,1,1,0.88,2,1,2.6,0.0,0.0,0.0,15,0.0,0.0,26.04,6,0.0,0.0,0.0,22.0,11,0,33,3,0,6.35
Gabriel Martinelli,Arsenal,Big5,FW,990,45000000.0,0,Perfil 0,0,0,0.22,1,3,4.0,0.0,0.0,0.0,1,0.0,0.0,28.049999999999997,12,0.0,0.0,0.0,24.0,3,0,28,1,0,6.53
Arnau Martinez,Girona,Big5,DF,2443,,0,Perfil 0,1,1,1.0,1,2,1.6,0.0,0.0,0.0,34,0.0,0.0,15.989,2,0.0,0.0,0.0,23.0,6,0,32,0,0,7.06
Emiliano Martínez,Aston Villa,Big5,GK,2745,,2,Goleiros,1,1,1.0,0,1,0.0,0.0,0.0,0.0,0,0.0,0.0,0.0,0,92.0,71.1,8.0,33.0,2,0,31,2,0,7.07
Pablo Martínez,Levante,Big5,MF,1682,,0,Perfil 0,1,1,1.0,1,4,1.9,0.0,0.0,0.0,18,0.0,0.0,28.049999999999997,4,0.0,0.0,0.0,28.0,3,0,25,3,0,6.82
Ramón Martínez,Sevilla,Big5,DF,102,,0,Perfil 0,0,0,0.0,0,0,0.0,0.0,0.0,0.0,1,0.0,0.0,0.0,0,0.0,0.0,0.0,23.0,0,0,2,0,0,6.86
Toni Martínez,Alavés,Big5,FW,2543,,1,Atacantes,1,1,1.0,12,3,11.2,0.0,0.0,0.0,4,0.0,0.0,89.145,33,0.0,0.0,0.0,28.0,2,0,35,1,0,7.03
Adam Marušić,Lazio,Big5,DF,2610,,0,Perfil 0,1,1,0.96,1,2,1.3,0.0,0.0,0.0,32,0.0,0.0,13.92,7,0.0,0.0,0.0,33.0,1,1,31,0,0,6.82
Omar Mascarell,Mallorca,Big5,MF,2187,,0,Perfil 0,1,1,0.99,2,2,0.3,0.0,0.0,0.0,35,0.0,0.0,7.047,3,0.0,0.0,0.0,33.0,5,0,29,3,0,6.74
Adam Masina,Torino,Big5,DF,235,,0,Perfil 0,0,0,0.0,0,1,0.0,0.0,0.0,0.0,5,0.0,0.0,0.0,0,0.0,0.0,0.0,32.0,0,0,5,0,0,6.86
Patrizio Masini,Genoa,Big5,MF,1331,,0,Perfil 0,1,1,0.99,0,1,1.9,0.0,0.0,0.0,26,0.0,0.0,15.984000000000002,4,0.0,0.0,0.0,25.0,5,0,27,3,0,6.77
Franco Mastantuono,Real Madrid,Big5,MF,867,45000000.0,0,Perfil 0,0,0,0.13,1,0,3.1,0.0,0.0,0.0,2,0.0,0.0,26.88,6,0.0,0.0,0.0,18.0,5,1,20,3,0,6.71
Arthur Masuaku,Sunderland,Big5,DF,126,,0,Perfil 0,0,0,0.0,0,0,0.1,0.0,0.0,0.0,2,0.0,0.0,0.9939999999999999,0,0.0,0.0,0.0,32.0,1,0,3,0,0,6.86
Arthur Masuaku,Lens,Big5,DF,137,,0,Perfil 0,0,0,0.0,0,0,0.0,0.0,0.0,0.0,1,0.0,0.0,0.99,1,0.0,0.0,0.0,32.0,1,0,3,0,0,6.86
Clinton Mata,Lyon,Big5,DF,2743,,0,Perfil 0,1,1,0.98,0,0,0.1,0.0,0.0,0.0,26,0.0,0.0,4.88,0,0.0,0.0,0.0,33.0,5,0,31,0,0,6.8
Jean-Philippe Mateta,Crystal Palace,Big5,FW,2174,,1,Atacantes,1,1,1.0,11,0,14.5,0.0,0.0,0.0,6,0.0,0.0,62.193999999999996,31,0.0,0.0,0.0,28.0,2,0,30,1,0,6.68
Nemanja Matić,Sassuolo,Big5,MF,2572,,0,Perfil 0,1,1,1.0,1,1,0.4,0.0,0.0,0.0,25,0.0,0.0,10.868,4,0.0,0.0,0.0,37.0,7,1,32,3,0,6.9
Rudy Matondo,Paris FC,Big5,MF,667,,0,Perfil 0,0,0,0.01,2,0,1.0,0.0,0.0,0.0,5,0.0,0.0,8.954,5,0.0,0.0,0.0,18.0,1,1,10,3,0,6.52
Alan Matturro,Levante,Big5,DF,947,,0,Perfil 0,0,0,0.07,1,1,0.6,0.0,0.0,0.0,6,0.0,0.0,7.98,1,0.0,0.0,0.0,21.0,0,1,19,0,0,6.86
Neal Maupay,Sevilla,Big5,FW,786,,0,Perfil 0,0,0,0.0,2,1,1.8,0.0,0.0,0.0,1,0.0,0.0,12.963,6,0.0,0.0,0.0,29.0,1,0,10,1,0,6.74
Konstantinos Mavropanos,West Ham United,Big5,DF,2354,,0,Perfil 0,1,1,0.99,3,0,2.6,0.0,0.0,0.0,44,0.0,0.0,22.008,8,0.0,0.0,0.0,28.0,2,0,29,0,0,6.92
Christian Mawissa,Monaco,Big5,DF,1101,,0,Perfil 0,1,1,0.91,0,0,0.3,0.0,0.0,0.0,15,0.0,0.0,0.976,1,0.0,0.0,0.0,21.0,3,0,17,0,0,6.99
Eliezer Mayenda,Sunderland,Big5,FW,759,,0,Perfil 0,0,0,0.01,2,0,2.1,0.0,0.0,0.0,1,0.0,0.0,12.936000000000002,6,0.0,0.0,0.0,21.0,0,0,20,1,0,6.74
Ezra Mayers,West Ham United,Big5,DF,117,,0,Perfil 0,0,0,0.0,0,0,0.1,0.0,0.0,0.0,1,0.0,0.0,1.0010000000000001,0,0.0,0.0,0.0,19.0,0,0,6,0,0,6.86
Borja Mayoral,Getafe,Big5,FW,1058,,0,Perfil 0,1,1,0.64,4,1,3.1,0.0,0.0,0.0,4,0.0,0.0,15.104000000000001,7,0.0,0.0,0.0,29.0,0,0,16,1,0,6.74
Senny Mayulu,Paris Saint-Germain,Big5,MF,1639,40000000.0,1,Atacantes,1,1,0.99,4,4,4.1,0.0,0.0,0.0,12,0.0,0.0,34.943999999999996,11,0.0,0.0,0.0,19.0,2,0,25,3,0,7.19
Luca Mazzitelli,Cagliari,Big5,MF,767,,0,Perfil 0,0,0,0.22,2,2,0.7,0.0,0.0,0.0,10,0.0,0.0,14.96,5,0.0,0.0,0.0,30.0,3,0,18,3,0,6.86
Pasquale Mazzocchi,Napoli,Big5,MF,296,,0,Perfil 0,0,0,0.0,0,0,0.0,0.0,0.0,0.0,4,0.0,0.0,2.013,1,0.0,0.0,0.0,30.0,0,1,14,3,0,6.86
Nathan Mbala,Metz,Big5,MF,441,,0,Perfil 0,0,0,0.03,2,2,0.8,0.0,0.0,0.0,1,0.0,0.0,14.994000000000002,4,0.0,0.0,0.0,18.0,0,0,13,3,0,6.86
Ethan Mbappé,Lille,Big5,MF,522,,0,Perfil 0,0,0,0.0,3,1,1.5,0.0,0.0,0.0,1,0.0,0.0,13.978,7,0.0,0.0,0.0,19.0,1,0,17,3,0,6.86
Kylian Mbappé,Real Madrid,Big5,FW,2397,180000000.0,1,Atacantes,1,1,1.0,24,4,23.9,0.0,0.0,0.0,3,0.0,0.0,131.936,61,0.0,0.0,0.0,27.0,4,0,28,1,0,8.02
Ibrahim Mbaye,Paris Saint-Germain,Big5,FW,973,,0,Perfil 0,0,0,0.11,3,2,3.3,0.0,0.0,0.0,4,0.0,0.0,23.004,10,0.0,0.0,0.0,18.0,0,0,23,1,0,6.83
Malick Mbaye,Metz,Big5,MF,300,,0,Perfil 0,0,0,0.0,0,0,0.1,0.0,0.0,0.0,3,0.0,0.0,1.9799999999999998,1,0.0,0.0,0.0,22.0,1,0,5,3,0,6.86
Chancel Mbemba,Lille,Big5,DF,954,,0,Perfil 0,0,0,0.26,0,0,0.5,0.0,0.0,0.0,13,0.0,0.0,6.996,3,0.0,0.0,0.0,31.0,3,0,13,0,0,6.86
Pathé Mboup,Brest,Big5,MF,973,,0,Perfil 0,0,0,0.27,1,0,3.1,0.0,0.0,0.0,12,0.0,0.0,20.952,10,0.0,0.0,0.0,22.0,6,0,27,3,0,6.34
James Mcatee,Nottingham Forest,Big5,MF,278,,0,Perfil 0,0,0,0.0,0,1,0.2,0.0,0.0,0.0,3,0.0,0.0,3.999,0,0.0,0.0,0.0,23.0,1,0,12,3,0,6.86
John McGinn,Aston Villa,Big5,MF,2043,,1,Atacantes,1,1,0.99,4,4,3.0,0.0,0.0,0.0,12,0.0,0.0,26.104999999999997,10,0.0,0.0,0.0,31.0,4,0,28,3,0,7.0
Weston McKennie,Juventus,Big5,MF,2655,,1,Atacantes,1,1,1.0,5,5,7.5,0.0,0.0,0.0,23,0.0,0.0,41.89,15,0.0,0.0,0.0,27.0,5,0,34,3,0,7.22
Mark McKenzie,Toulouse,Big5,DF,2404,,0,Perfil 0,1,1,1.0,0,2,0.3,0.0,0.0,0.0,25,0.0,0.0,5.874,1,0.0,0.0,0.0,27.0,7,1,29,0,0,6.88
Dwight McNeil,Everton,Big5,MF,1165,,0,Perfil 0,1,1,0.82,0,1,1.4,0.0,0.0,0.0,10,0.0,0.0,23.865000000000002,5,0.0,0.0,0.0,26.0,1,0,21,3,0,6.62
Scott McTominay,Napoli,Big5,MF,2611,,1,Atacantes,1,1,1.0,9,3,11.0,0.0,0.0,0.0,22,0.0,0.0,95.99,33,0.0,0.0,0.0,29.0,1,0,31,3,0,7.3
Facundo Medina,Marseille,Big5,DF,1275,,0,Perfil 0,1,1,0.93,0,1,0.3,0.0,0.0,0.0,21,0.0,0.0,3.976,1,0.0,0.0,0.0,26.0,7,0,16,0,0,6.86
Jonas Meffert,Hamburger SV,Big5,MF,145,,0,Perfil 0,0,0,0.0,0,0,0.0,0.0,0.0,0.0,1,0.0,0.0,0.0,0,0.0,0.0,0.0,31.0,0,0,4,3,0,6.86
Henrik Meister,Pisa,Big5,FW,1484,,0,Perfil 0,1,1,0.71,2,0,3.6,0.0,0.0,0.0,0,0.0,0.0,19.965,8,0.0,0.0,0.0,22.0,2,0,27,1,0,6.11
Bamo Meïté,Lorient,Big5,DF,1961,,0,Perfil 0,1,1,1.0,0,3,0.8,0.0,0.0,0.0,13,0.0,0.0,8.066,1,0.0,0.0,0.0,24.0,5,0,24,0,0,6.8
Hannibal Mejbri,Burnley,Big5,MF,1095,,0,Perfil 0,1,1,0.93,1,4,0.9,0.0,0.0,0.0,7,0.0,0.0,16.104,4,0.0,0.0,0.0,23.0,8,0,25,3,0,6.64
Nuno Mendes,Paris Saint-Germain,Big5,DF,1256,80000000.0,1,Atacantes,1,1,1.0,4,5,4.3,0.0,0.0,0.0,14,0.0,0.0,30.099999999999998,15,0.0,0.0,0.0,23.0,1,0,20,0,0,7.53
Brais Méndez,Real Sociedad,Big5,MF,1604,,1,Atacantes,1,1,0.98,6,2,5.8,0.0,0.0,0.0,7,0.0,0.0,35.956,16,0.0,0.0,0.0,29.0,4,1,28,3,0,6.95
Antoine Mendy,Nice,Big5,DF,2007,,0,Perfil 0,1,1,0.99,1,0,2.2,0.0,0.0,0.0,18,0.0,0.0,16.056,7,0.0,0.0,0.0,21.0,5,0,24,0,0,6.81
Batista Mendy,Sevilla,Big5,MF,1617,,0,Perfil 0,1,1,1.0,1,0,1.1,0.0,0.0,0.0,18,0.0,0.0,17.099999999999998,5,0.0,0.0,0.0,26.0,6,0,27,3,0,6.65
Ferland Mendy,Real Madrid,Big5,DF,207,,0,Perfil 0,0,0,0.0,0,0,0.0,0.0,0.0,0.0,2,0.0,0.0,0.0,0,0.0,0.0,0.0,30.0,0,0,5,0,0,6.86
Formose Mendy,Lorient,Big5,DF,135,,0,Perfil 0,0,0,0.0,0,0,0.0,0.0,0.0,0.0,3,0.0,0.0,0.0,0,0.0,0.0,0.0,25.0,1,0,2,0,0,6.86
Nobel Mendy,Rayo Vallecano,Big5,DF,1617,,0,Perfil 0,1,1,0.97,2,0,1.6,0.0,0.0,0.0,23,0.0,0.0,10.98,3,0.0,0.0,0.0,21.0,9,2,22,0,0,6.8
Paul Mendy,Cagliari,Big5,FW,237,,0,Perfil 0,0,0,0.0,2,0,1.9,0.0,0.0,0.0,1,0.0,0.0,9.879999999999999,2,0.0,0.0,0.0,19.0,0,0,7,1,0,6.74
Gideon Mensah,Auxerre,Big5,DF,2237,,0,Perfil 0,1,1,0.99,0,1,0.0,0.0,0.0,0.0,23,0.0,0.0,0.996,0,0.0,0.0,0.0,27.0,8,0,29,0,0,7.01
Khalis Merah,Lyon,Big5,MF,1130,,0,Perfil 0,1,1,0.7,0,1,1.0,0.0,0.0,0.0,6,0.0,0.0,6.048,3,0.0,0.0,0.0,19.0,2,0,22,3,0,6.66
Alex Meret,Napoli,Big5,GK,810,,0,Perfil 0,0,0,0.01,0,1,0.0,0.0,0.0,0.0,0,0.0,0.0,0.0,0,17.0,63.0,2.0,29.0,1,0,9,2,0,6.93
Mikel Merino,Arsenal,Big5,MF,1007,,0,Perfil 0,0,0,0.32,4,3,3.4,0.0,0.0,0.0,9,0.0,0.0,21.055999999999997,8,0.0,0.0,0.0,29.0,1,0,21,3,0,6.93
Quentin Merlin,Rennes,Big5,DF,2443,,0,Perfil 0,1,1,1.0,1,5,1.3,0.0,0.0,0.0,27,0.0,0.0,24.932000000000002,7,0.0,0.0,0.0,23.0,2,0,32,0,0,7.14
Rafik Messali,Toulouse,Big5,MF,502,,0,Perfil 0,0,0,0.03,0,0,0.0,0.0,0.0,0.0,12,0.0,0.0,0.0,0,0.0,0.0,0.0,23.0,2,0,12,3,0,6.86
Junior Messias,Genoa,Big5,MF,685,,0,Perfil 0,0,0,0.12,3,1,1.9,0.0,0.0,0.0,5,0.0,0.0,19.0,7,0.0,0.0,0.0,35.0,1,0,20,3,0,6.79
Dayann Methalie,Toulouse,Big5,MF,1871,,0,Perfil 0,1,1,1.0,2,1,0.9,0.0,0.0,0.0,23,0.0,0.0,14.975999999999999,7,0.0,0.0,0.0,20.0,9,0,27,3,0,6.6
Thomas Meunier,Lille,Big5,DF,1909,,0,Perfil 0,1,1,1.0,2,2,1.3,0.0,0.0,0.0,17,0.0,0.0,19.08,5,0.0,0.0,0.0,34.0,3,0,25,0,0,7.11
Lucas Michal,Metz,Big5,MF,212,,0,Perfil 0,0,0,0.0,0,0,0.8,0.0,0.0,0.0,0,0.0,0.0,7.128,2,0.0,0.0,0.0,20.0,1,0,9,3,0,6.86
Georges Mikautadze,Villarreal,Big5,FW,2021,,1,Atacantes,1,1,1.0,12,6,11.4,0.0,0.0,0.0,5,0.0,0.0,62.099999999999994,29,0.0,0.0,0.0,25.0,1,0,31,1,0,7.12
Georges Mikautadze,Lyon,Big5,FW,179,,0,Perfil 0,0,0,0.0,1,0,1.1,0.0,0.0,0.0,1,0.0,0.0,10.06,4,0.0,0.0,0.0,25.0,0,0,2,1,0,6.74
William Mikelbrencis,Hamburger SV,Big5,MF,1370,,0,Perfil 0,1,1,0.91,0,4,1.1,0.0,0.0,0.0,6,0.0,0.0,12.008,6,0.0,0.0,0.0,22.0,3,0,25,3,0,6.6
Nikola Milenković,Nottingham Forest,Big5,DF,3195,,0,Perfil 0,1,1,1.0,0,0,0.8,0.0,0.0,0.0,29,0.0,0.0,14.91,1,0.0,0.0,0.0,28.0,6,0,36,0,0,6.68
Lewis Miley,Newcastle United,Big5,MF,1496,,0,Perfil 0,1,1,0.97,1,4,1.3,0.0,0.0,0.0,20,0.0,0.0,11.952,4,0.0,0.0,0.0,20.0,0,0,23,3,0,7.14
Vanja Milinković-Savić,Napoli,Big5,GK,2430,,2,Goleiros,1,1,1.0,0,1,0.0,0.0,0.0,0.0,0,0.0,0.0,0.0,0,52.0,72.5,11.0,29.0,0,0,27,2,0,7.16
Éder Militão,Real Madrid,Big5,DF,1139,,0,Perfil 0,1,1,0.9,2,1,1.8,0.0,0.0,0.0,10,0.0,0.0,21.081999999999997,9,0.0,0.0,0.0,28.0,2,0,16,0,0,6.86
Luis Milla,Getafe,Big5,MF,3091,,1,Atacantes,1,1,1.0,0,10,1.2,0.0,0.0,0.0,42,0.0,0.0,24.009999999999998,2,0.0,0.0,0.0,31.0,5,1,35,3,0,7.35
Pere Milla,Espanyol,Big5,MF,1853,,1,Atacantes,1,1,1.0,7,0,7.1,0.0,0.0,0.0,16,0.0,0.0,56.03200000000001,20,0.0,0.0,0.0,33.0,6,1,31,3,0,6.81
Lennon Miller,Udinese,Big5,MF,836,,0,Perfil 0,0,0,0.16,0,2,0.4,0.0,0.0,0.0,8,0.0,0.0,9.021,1,0.0,0.0,0.0,19.0,3,0,22,3,0,6.86
Veljko Milosavljević,Bournemouth,Big5,DF,368,,0,Perfil 0,0,0,0.0,0,0,0.2,0.0,0.0,0.0,4,0.0,0.0,0.9839999999999999,0,0.0,0.0,0.0,18.0,0,0,7,0,0,6.86
Yerry Mina,Cagliari,Big5,DF,1970,,0,Perfil 0,1,1,1.0,1,0,1.6,0.0,0.0,0.0,23,0.0,0.0,8.103,2,0.0,0.0,0.0,31.0,5,1,24,0,0,6.82
Takumi Minamino,Monaco,Big5,MF,944,,0,Perfil 0,0,0,0.09,3,2,3.2,0.0,0.0,0.0,3,0.0,0.0,21.0,7,0.0,0.0,0.0,31.0,4,0,15,3,0,6.86
Tyrone Mings,Aston Villa,Big5,DF,1234,,0,Perfil 0,1,1,0.89,0,0,1.4,0.0,0.0,0.0,10,0.0,0.0,9.042,1,0.0,0.0,0.0,33.0,1,0,16,0,0,6.86
Rafa Mir,Elche,Big5,FW,1803,,1,Atacantes,1,1,1.0,8,0,8.1,0.0,0.0,0.0,4,0.0,0.0,68.8,36,0.0,0.0,0.0,28.0,4,0,27,1,0,6.77
Juan Miranda,Bologna,Big5,DF,2393,,0,Perfil 0,1,1,1.0,1,3,0.6,0.0,0.0,0.0,32,0.0,0.0,13.034,5,0.0,0.0,0.0,26.0,6,0,30,0,0,7.27
Fabio Miretti,Juventus,Big5,MF,595,,0,Perfil 0,0,0,0.09,1,2,2.1,0.0,0.0,0.0,4,0.0,0.0,16.962,5,0.0,0.0,0.0,22.0,1,0,21,3,0,6.86
Tyrick Mitchell,Crystal Palace,Big5,MF,3116,,0,Perfil 0,1,1,1.0,1,2,1.6,0.0,0.0,0.0,32,0.0,0.0,16.954,7,0.0,0.0,0.0,26.0,6,0,36,3,0,7.06
Branimir Mlacic,Udinese,Big5,DF,155,,0,Perfil 0,0,0,0.0,0,0,0.0,0.0,0.0,0.0,2,0.0,0.0,0.0,0,0.0,0.0,0.0,19.0,2,0,6,0,0,6.86
Rui Modesto,Udinese,Big5,MF,119,,0,Perfil 0,0,0,0.0,0,1,0.0,0.0,0.0,0.0,1,0.0,0.0,0.9880000000000001,1,0.0,0.0,0.0,26.0,0,0,3,3,0,6.86
Luka Modrić,Milan,Big5,MF,2782,,0,Perfil 0,1,1,0.99,2,3,1.6,0.0,0.0,0.0,35,0.0,0.0,18.849,8,0.0,0.0,0.0,40.0,4,0,33,3,0,7.58
Terem Moffi,Nice,Big5,FW,488,,0,Perfil 0,0,0,0.0,2,0,3.3,0.0,0.0,0.0,0,0.0,0.0,15.930000000000001,8,0.0,0.0,0.0,26.0,0,0,10,1,0,6.74
Mostafa Mohamed,Nantes,Big5,FW,1152,,0,Perfil 0,1,1,0.85,4,0,2.9,0.0,0.0,0.0,7,0.0,0.0,34.944,8,0.0,0.0,0.0,28.0,1,0,24,1,0,6.41
Johan Mojica,Mallorca,Big5,DF,2640,,0,Perfil 0,1,1,1.0,0,4,0.5,0.0,0.0,0.0,23,0.0,0.0,16.115000000000002,2,0.0,0.0,0.0,33.0,6,0,34,0,0,6.88
Alberto Moleiro,Villarreal,Big5,MF,2298,50000000.0,1,Atacantes,1,1,1.0,10,5,5.8,0.0,0.0,0.0,10,0.0,0.0,43.86,20,0.0,0.0,0.0,22.0,4,0,35,3,0,6.96
Jon Moncayola,Osasuna,Big5,MF,2879,,0,Perfil 0,1,1,1.0,0,4,2.0,0.0,0.0,0.0,25,0.0,0.0,22.08,5,0.0,0.0,0.0,28.0,9,0,34,3,0,6.93
Álvaro Morata,Como,Big5,FW,913,,0,Perfil 0,0,0,0.11,0,1,4.9,0.0,0.0,0.0,1,0.0,0.0,21.916999999999998,7,0.0,0.0,0.0,33.0,4,1,24,1,0,6.26
Morato,Nottingham Forest,Big5,DF,1165,,0,Perfil 0,1,1,0.84,0,0,1.3,0.0,0.0,0.0,9,0.0,0.0,3.999,1,0.0,0.0,0.0,24.0,5,0,19,0,0,6.86
Afonso Moreira,Lyon,Big5,MF,1632,,1,Atacantes,1,1,1.0,4,7,2.7,0.0,0.0,0.0,11,0.0,0.0,36.92400000000001,13,0.0,0.0,0.0,21.0,3,0,26,3,0,7.17
Diego Moreira,Strasbourg,Big5,MF,1944,,0,Perfil 0,1,1,1.0,3,4,2.0,0.0,0.0,0.0,18,0.0,0.0,23.976000000000003,9,0.0,0.0,0.0,21.0,4,0,26,3,0,7.2
Alberto Moreno,Como,Big5,DF,1068,,0,Perfil 0,1,1,0.85,1,1,1.5,0.0,0.0,0.0,7,0.0,0.0,9.044,3,0.0,0.0,0.0,33.0,2,0,17,0,0,6.86
Álex Moreno,Girona,Big5,DF,2289,,0,Perfil 0,1,1,1.0,0,3,1.5,0.0,0.0,0.0,25,0.0,0.0,16.002,4,0.0,0.0,0.0,32.0,5,0,28,0,0,6.88
Gerard Moreno,Villarreal,Big5,FW,1315,,1,Atacantes,1,1,0.94,10,0,6.3,0.0,0.0,0.0,3,0.0,0.0,38.982,16,0.0,0.0,0.0,34.0,0,0,21,1,0,7.14
Matias Moreno,Levante,Big5,DF,2072,,0,Perfil 0,1,1,0.96,0,0,1.0,0.0,0.0,0.0,32,0.0,0.0,9.89,0,0.0,0.0,0.0,22.0,8,0,26,0,0,6.8
Tete Morente,Elche,Big5,MF,749,,0,Perfil 0,0,0,0.02,1,1,0.5,0.0,0.0,0.0,9,0.0,0.0,6.972,1,0.0,0.0,0.0,29.0,1,0,11,3,0,6.86
Tete Morente,Lecce,Big5,FW,859,,0,Perfil 0,0,0,0.0,0,0,0.7,0.0,0.0,0.0,3,0.0,0.0,13.965,2,0.0,0.0,0.0,29.0,2,0,16,1,0,6.74
Stefano Moreo,Pisa,Big5,FW,2147,,1,Atacantes,1,1,1.0,6,1,5.9,0.0,0.0,0.0,20,0.0,0.0,48.99499999999999,18,0.0,0.0,0.0,32.0,2,0,35,1,0,6.77
Mateu Morey,Mallorca,Big5,DF,704,,0,Perfil 0,0,0,0.04,1,0,0.3,0.0,0.0,0.0,6,0.0,0.0,3.9779999999999998,2,0.0,0.0,0.0,26.0,2,0,18,0,0,6.86
Manu Morlanes,Mallorca,Big5,MF,1597,,0,Perfil 0,1,1,0.97,2,0,2.0,0.0,0.0,0.0,16,0.0,0.0,10.974,3,0.0,0.0,0.0,27.0,4,1,30,3,0,6.73
Luca Moro,Sassuolo,Big5,FW,211,,0,Perfil 0,0,0,0.02,0,0,0.6,0.0,0.0,0.0,2,0.0,0.0,5.888,1,0.0,0.0,0.0,25.0,1,0,14,1,0,6.74
Nikola Moro,Bologna,Big5,MF,1752,,0,Perfil 0,1,1,0.97,2,0,0.9,0.0,0.0,0.0,17,0.0,0.0,21.060000000000002,2,0.0,0.0,0.0,28.0,1,0,28,3,0,6.97
Raúl Moro,Osasuna,Big5,MF,616,,0,Perfil 0,0,0,0.0,0,2,0.2,0.0,0.0,0.0,1,0.0,0.0,5.984,0,0.0,0.0,0.0,23.0,0,0,13,3,0,6.86
Tyler Morton,Lyon,Big5,MF,2517,,0,Perfil 0,1,1,1.0,2,2,1.7,0.0,0.0,0.0,24,0.0,0.0,28.0,8,0.0,0.0,0.0,23.0,6,1,29,3,0,7.13
Daren Mosengo,Le Havre,Big5,MF,108,,0,Perfil 0,0,0,0.0,0,0,0.0,0.0,0.0,0.0,1,0.0,0.0,0.0,0,0.0,0.0,0.0,19.0,0,0,7,3,0,6.86
Cristhian Mosquera,Arsenal,Big5,DF,814,40000000.0,0,Perfil 0,0,0,0.15,0,0,0.1,0.0,0.0,0.0,8,0.0,0.0,0.99,0,0.0,0.0,0.0,21.0,4,0,18,0,0,6.86
Edoardo Motta,Lazio,Big5,GK,810,,0,Perfil 0,0,0,0.0,0,0,0.0,0.0,0.0,0.0,0,0.0,0.0,0.0,0,22.0,67.7,3.0,21.0,1,0,9,2,0,6.93
Samir El Mourabet,Strasbourg,Big5,MF,2038,,0,Perfil 0,1,1,0.99,1,2,0.3,0.0,0.0,0.0,27,0.0,0.0,11.074,1,0.0,0.0,0.0,20.0,4,0,32,3,0,6.87
Santiago Mouriño,Villarreal,Big5,DF,2197,,0,Perfil 0,1,1,1.0,1,2,1.1,0.0,0.0,0.0,27,0.0,0.0,13.907999999999998,3,0.0,0.0,0.0,24.0,10,1,26,0,0,7.28
Louis Mouton,Angers,Big5,MF,1891,,0,Perfil 0,1,1,0.97,2,1,3.0,0.0,0.0,0.0,12,0.0,0.0,35.91,8,0.0,0.0,0.0,23.0,2,1,32,3,0,6.53
Tarik Muharemovic,Sassuolo,Big5,DF,2745,,0,Perfil 0,1,1,1.0,2,2,1.6,0.0,0.0,0.0,45,0.0,0.0,20.130000000000003,7,0.0,0.0,0.0,23.0,6,0,31,0,0,6.91
Miro Muheim,Hamburger SV,Big5,MF,2407,,0,Perfil 0,1,1,1.0,0,4,1.2,0.0,0.0,0.0,27,0.0,0.0,24.03,7,0.0,0.0,0.0,28.0,7,1,28,3,0,7.16
Nordi Mukiele,Sunderland,Big5,DF,2604,,0,Perfil 0,1,1,1.0,3,3,1.9,0.0,0.0,0.0,33,0.0,0.0,21.964,4,0.0,0.0,0.0,28.0,5,0,30,0,0,7.13
Romaine Mundle,Sunderland,Big5,MF,411,,0,Perfil 0,0,0,0.0,0,0,0.9,0.0,0.0,0.0,1,0.0,0.0,7.037999999999999,2,0.0,0.0,0.0,23.0,1,0,14,3,0,6.86
Marshall Munetsi,Paris FC,Big5,MF,909,,0,Perfil 0,0,0,0.11,4,1,3.7,0.0,0.0,0.0,3,0.0,0.0,15.958,8,0.0,0.0,0.0,29.0,0,0,14,3,0,6.86
Rodrigo Muniz,Fulham,Big5,FW,863,,0,Perfil 0,0,0,0.13,1,1,3.3,0.0,0.0,0.0,2,0.0,0.0,28.032,4,0.0,0.0,0.0,25.0,2,0,19,1,0,6.33
Believe Munongo,Metz,Big5,MF,367,,0,Perfil 0,0,0,0.0,0,0,0.3,0.0,0.0,0.0,6,0.0,0.0,4.018,0,0.0,0.0,0.0,16.0,1,0,10,3,0,6.86
Aihen Muñoz,Real Sociedad,Big5,DF,769,,0,Perfil 0,0,0,0.04,0,0,0.5,0.0,0.0,0.0,5,0.0,0.0,5.015,1,0.0,0.0,0.0,28.0,1,0,19,0,0,6.86
Daniel Muñoz,Crystal Palace,Big5,MF,2264,,0,Perfil 0,1,1,1.0,4,2,2.4,0.0,0.0,0.0,23,0.0,0.0,22.932,10,0.0,0.0,0.0,29.0,7,0,27,3,0,7.15
Iker Muñoz,Osasuna,Big5,MF,919,,0,Perfil 0,0,0,0.26,0,0,0.3,0.0,0.0,0.0,12,0.0,0.0,7.9559999999999995,3,0.0,0.0,0.0,23.0,4,0,18,3,0,6.86
Víctor Muñoz,Osasuna,Big5,MF,2566,,1,Atacantes,1,1,1.0,5,2,5.9,0.0,0.0,0.0,10,0.0,0.0,76.95,29,0.0,0.0,0.0,22.0,3,0,33,3,0,6.9
Arijanet Muric,Sassuolo,Big5,GK,2880,,2,Goleiros,1,1,0.98,0,0,0.0,0.0,0.0,0.0,0,0.0,0.0,0.0,0,118.0,75.5,6.0,27.0,4,0,32,2,0,7.29
Murillo,Nottingham Forest,Big5,DF,2130,50000000.0,0,Perfil 0,1,1,1.0,1,0,0.7,0.0,0.0,0.0,29,0.0,0.0,10.902000000000001,4,0.0,0.0,0.0,23.0,5,0,25,0,0,6.94
Vedat Muriqi,Mallorca,Big5,FW,2948,,1,Atacantes,1,1,0.98,22,1,18.5,0.0,0.0,0.0,3,0.0,0.0,102.99199999999999,47,0.0,0.0,0.0,32.0,4,1,35,1,0,7.2
Jacob Murphy,Newcastle United,Big5,FW,1556,,1,Atacantes,1,1,0.96,3,2,3.1,0.0,0.0,0.0,4,0.0,0.0,39.963,12,0.0,0.0,0.0,31.0,2,0,31,1,0,6.59
Yunus Musah,Atalanta,Big5,MF,456,,0,Perfil 0,0,0,0.01,1,0,0.6,0.0,0.0,0.0,4,0.0,0.0,6.017999999999999,1,0.0,0.0,0.0,23.0,1,0,17,3,0,6.86
Yvon Mvogo,Lorient,Big5,GK,2700,,2,Goleiros,1,1,1.0,0,0,0.0,0.0,0.0,0.0,1,0.0,0.0,0.0,0,73.0,66.4,6.0,31.0,0,0,30,2,0,6.79
Joel Mvuka,Lorient,Big5,MF,560,,0,Perfil 0,0,0,0.0,0,0,0.5,0.0,0.0,0.0,6,0.0,0.0,7.998,1,0.0,0.0,0.0,23.0,0,0,15,3,0,6.86
Junior Mwanga,Strasbourg,Big5,DF,377,,0,Perfil 0,0,0,0.04,0,0,1.2,0.0,0.0,0.0,1,0.0,0.0,1.008,0,0.0,0.0,0.0,23.0,0,0,5,0,0,6.82
Vitaliy Mykolenko,Everton,Big5,DF,2778,,0,Perfil 0,1,1,1.0,0,1,0.3,0.0,0.0,0.0,27,0.0,0.0,8.960999999999999,2,0.0,0.0,0.0,26.0,6,0,31,0,0,6.76
Bilal Nadir,Marseille,Big5,MF,598,,0,Perfil 0,0,0,0.23,0,4,0.5,0.0,0.0,0.0,6,0.0,0.0,6.93,1,0.0,0.0,0.0,22.0,6,1,20,3,0,6.54
Mahamadou Nagida,Rennes,Big5,DF,715,,0,Perfil 0,0,0,0.29,0,0,0.6,0.0,0.0,0.0,19,0.0,0.0,11.929,3,0.0,0.0,0.0,20.0,2,0,18,0,0,6.86
Younes Namli,Le Havre,Big5,FW,327,,0,Perfil 0,0,0,0.0,0,1,0.1,0.0,0.0,0.0,5,0.0,0.0,3.9600000000000004,0,0.0,0.0,0.0,31.0,2,0,12,1,0,6.74
Sebastian Nanasi,Strasbourg,Big5,MF,961,,0,Perfil 0,0,0,0.15,5,2,4.1,0.0,0.0,0.0,5,0.0,0.0,16.049999999999997,9,0.0,0.0,0.0,23.0,0,0,18,3,0,7.03
Noah Nartey,Lyon,Big5,MF,545,,0,Perfil 0,0,0,0.0,2,0,1.1,0.0,0.0,0.0,2,0.0,0.0,5.063,2,0.0,0.0,0.0,20.0,0,0,11,3,0,6.86
Natan,Real Betis,Big5,DF,2639,,0,Perfil 0,1,1,1.0,0,0,0.5,0.0,0.0,0.0,35,0.0,0.0,9.962000000000002,1,0.0,0.0,0.0,25.0,8,0,31,0,0,6.77
Pau Navarro,Villarreal,Big5,DF,1831,,0,Perfil 0,1,1,0.97,0,0,0.1,0.0,0.0,0.0,18,0.0,0.0,2.0300000000000002,2,0.0,0.0,0.0,21.0,4,0,22,0,0,6.83
Corrie Ndaba,Lecce,Big5,DF,543,,0,Perfil 0,0,0,0.03,0,0,0.1,0.0,0.0,0.0,3,0.0,0.0,1.98,0,0.0,0.0,0.0,26.0,0,0,14,0,0,6.86
Michel Ndary Adopo,Cagliari,Big5,MF,2889,,0,Perfil 0,1,1,0.99,1,2,2.5,0.0,0.0,0.0,29,0.0,0.0,26.964,11,0.0,0.0,0.0,25.0,4,0,36,3,0,6.74
Iliman Ndiaye,Everton,Big5,MF,2598,55000000.0,1,Atacantes,1,1,1.0,6,3,6.7,0.0,0.0,0.0,17,0.0,0.0,41.038,22,0.0,0.0,0.0,26.0,2,0,30,3,0,7.22
Rassoul Ndiaye,Le Havre,Big5,MF,2476,,1,Atacantes,1,1,1.0,4,4,3.1,0.0,0.0,0.0,16,0.0,0.0,34.1,9,0.0,0.0,0.0,24.0,2,0,32,3,0,7.04
Tanguy Ndombele,Nice,Big5,MF,275,,0,Perfil 0,0,0,0.0,0,1,0.5,0.0,0.0,0.0,1,0.0,0.0,5.084,1,0.0,0.0,0.0,29.0,0,0,8,3,0,6.86
Cher Ndour,Fiorentina,Big5,MF,1762,,0,Perfil 0,1,1,0.99,2,0,2.6,0.0,0.0,0.0,13,0.0,0.0,22.932,7,0.0,0.0,0.0,21.0,2,0,31,3,0,6.55
Dan Ndoye,Nottingham Forest,Big5,MF,1173,,0,Perfil 0,1,1,0.85,1,1,1.1,0.0,0.0,0.0,10,0.0,0.0,14.95,4,0.0,0.0,0.0,25.0,1,0,24,3,0,6.55
Kosta Nedeljković,RB Leipzig,Big5,DF,251,,0,Perfil 0,0,0,0.0,0,0,0.0,0.0,0.0,0.0,1,0.0,0.0,0.0,0,0.0,0.0,0.0,20.0,0,0,5,0,0,6.86
Loïc Nego,Le Havre,Big5,DF,2321,,0,Perfil 0,1,1,1.0,0,0,0.8,0.0,0.0,0.0,32,0.0,0.0,15.996,3,0.0,0.0,0.0,35.0,3,0,29,0,0,6.88
Reiss Nelson,Brentford,Big5,FW,124,,0,Perfil 0,0,0,0.0,0,1,0.7,0.0,0.0,0.0,0,0.0,0.0,5.082,1,0.0,0.0,0.0,26.0,0,0,9,1,0,6.74
David Neres,Napoli,Big5,FW,922,,0,Perfil 0,0,0,0.03,3,3,1.5,0.0,0.0,0.0,1,0.0,0.0,16.932,4,0.0,0.0,0.0,29.0,3,0,16,1,0,6.74
Martim Neto,Elche,Big5,MF,1347,,0,Perfil 0,1,1,0.8,2,5,0.8,0.0,0.0,0.0,2,0.0,0.0,12.0,4,0.0,0.0,0.0,23.0,2,0,25,3,0,6.79
Pedro Neto,Chelsea,Big5,MF,2479,60000000.0,1,Atacantes,1,1,1.0,5,4,4.6,0.0,0.0,0.0,6,0.0,0.0,44.0,12,0.0,0.0,0.0,26.0,4,1,32,3,0,7.04
Luca Netz,Nottingham Forest,Big5,MF,246,,0,Perfil 0,0,0,0.0,0,0,0.0,0.0,0.0,0.0,0,0.0,0.0,0.0,0,0.0,0.0,0.0,22.0,0,0,5,3,0,6.86
João Neves,Paris Saint-Germain,Big5,MF,1264,140000000.0,0,Perfil 0,1,1,0.9,5,1,2.8,0.0,0.0,0.0,6,0.0,0.0,25.900000000000002,6,0.0,0.0,0.0,21.0,0,0,20,3,0,7.18
Oumar Ngom,Lecce,Big5,MF,707,,0,Perfil 0,0,0,0.01,0,0,0.2,0.0,0.0,0.0,11,0.0,0.0,5.056,2,0.0,0.0,0.0,22.0,1,0,13,3,0,6.86
Cyril Ngonge,Torino,Big5,FW,994,,0,Perfil 0,0,0,0.23,1,1,1.8,0.0,0.0,0.0,2,0.0,0.0,23.869999999999997,12,0.0,0.0,0.0,25.0,2,0,20,1,0,6.74
Cyril Ngonge,Espanyol,Big5,MF,424,,0,Perfil 0,0,0,0.01,0,2,0.5,0.0,0.0,0.0,4,0.0,0.0,10.951,4,0.0,0.0,0.0,25.0,4,0,9,3,0,6.86
Nathan Ngoy,Lille,Big5,DF,2315,,0,Perfil 0,1,1,1.0,1,2,1.3,0.0,0.0,0.0,36,0.0,0.0,21.073999999999998,6,0.0,0.0,0.0,22.0,9,1,28,0,0,6.95
Bernard Nguene,Nice,Big5,FW,138,,0,Perfil 0,0,0,0.0,0,0,0.2,0.0,0.0,0.0,3,0.0,0.0,2.94,0,0.0,0.0,0.0,19.0,1,0,6,1,0,6.74
Rio Ngumoha,Liverpool,Big5,MF,398,,0,Perfil 0,0,0,0.0,2,1,1.3,0.0,0.0,0.0,3,0.0,0.0,10.956000000000001,6,0.0,0.0,0.0,17.0,0,0,17,3,0,6.86
Moussa Niakhate,Lyon,Big5,DF,2669,,0,Perfil 0,1,1,0.99,0,2,0.3,0.0,0.0,0.0,32,0.0,0.0,3.861,0,0.0,0.0,0.0,30.0,3,0,31,0,0,7.16
Tanguy Nianzou,Sevilla,Big5,DF,655,,0,Perfil 0,0,0,0.01,0,0,0.5,0.0,0.0,0.0,4,0.0,0.0,9.052,0,0.0,0.0,0.0,23.0,5,1,12,0,0,6.86
Rasmus Nicolaisen,Toulouse,Big5,DF,2564,,0,Perfil 0,1,1,1.0,1,0,0.8,0.0,0.0,0.0,40,0.0,0.0,15.105,5,0.0,0.0,0.0,29.0,4,0,32,0,0,6.75
Hans Nicolussi Caviglia,Parma,Big5,MF,709,,0,Perfil 0,0,0,0.02,0,3,0.9,0.0,0.0,0.0,3,0.0,0.0,13.035,1,0.0,0.0,0.0,25.0,0,0,13,3,0,6.63
Alieu Njie,Torino,Big5,MF,257,,0,Perfil 0,0,0,0.01,1,1,1.0,0.0,0.0,0.0,0,0.0,0.0,5.075,2,0.0,0.0,0.0,21.0,2,0,13,3,0,6.86
Obed Nkambadio,Paris FC,Big5,GK,1080,,0,Perfil 0,1,1,0.71,0,0,0.0,0.0,0.0,0.0,0,0.0,0.0,0.0,0,26.0,56.8,1.0,23.0,0,0,12,2,0,6.93
Niels Nkounkou,Torino,Big5,MF,327,,0,Perfil 0,0,0,0.01,0,1,0.2,0.0,0.0,0.0,8,0.0,0.0,3.9600000000000004,1,0.0,0.0,0.0,25.0,3,0,10,3,0,6.86
Christopher Nkunku,Milan,Big5,FW,1221,,1,Atacantes,1,1,0.89,6,3,9.5,0.0,0.0,0.0,1,0.0,0.0,26.112,14,0.0,0.0,0.0,28.0,0,0,30,1,0,6.81
Lukas Nmecha,Leeds United,Big5,FW,962,,1,Atacantes,0,0,0.27,6,1,7.2,0.0,0.0,0.0,3,0.0,0.0,28.996999999999996,16,0.0,0.0,0.0,27.0,0,0,29,1,0,6.42
Tochukwu Nnadi,Marseille,Big5,MF,270,,0,Perfil 0,0,0,0.01,0,1,0.6,0.0,0.0,0.0,2,0.0,0.0,3.0,1,0.0,0.0,0.0,22.0,1,0,7,3,0,6.86
Arnaud Nordin,Rennes,Big5,FW,546,,0,Perfil 0,0,0,0.0,1,2,1.0,0.0,0.0,0.0,0,0.0,0.0,19.093,4,0.0,0.0,0.0,27.0,1,0,9,1,0,6.74
Brooke Norton-Cuffy,Genoa,Big5,MF,2181,,0,Perfil 0,1,1,0.97,2,1,1.6,0.0,0.0,0.0,11,0.0,0.0,15.004,6,0.0,0.0,0.0,22.0,5,1,26,3,0,6.8
Tijjani Noslin,Lazio,Big5,FW,980,,0,Perfil 0,0,0,0.25,4,1,4.8,0.0,0.0,0.0,2,0.0,0.0,32.046,11,0.0,0.0,0.0,26.0,5,1,27,1,0,6.62
Randy Nteka,Rayo Vallecano,Big5,FW,225,,0,Perfil 0,0,0,0.0,2,0,2.5,0.0,0.0,0.0,0,0.0,0.0,9.0,3,0.0,0.0,0.0,28.0,2,0,11,1,0,6.74
Matheus Nunes,Manchester City,Big5,DF,2772,50000000.0,0,Perfil 0,1,1,0.99,1,5,0.3,0.0,0.0,0.0,28,0.0,0.0,7.0840000000000005,2,0.0,0.0,0.0,27.0,5,0,33,0,0,7.45
Antonio Nusa,RB Leipzig,Big5,FW,1999,,1,Atacantes,1,1,1.0,4,3,4.4,0.0,0.0,0.0,7,0.0,0.0,59.940000000000005,20,0.0,0.0,0.0,21.0,0,0,30,1,0,7.16
Ethan Nwaneri,Arsenal,Big5,MF,171,,0,Perfil 0,0,0,0.0,0,0,0.2,0.0,0.0,0.0,0,0.0,0.0,6.004,0,0.0,0.0,0.0,19.0,0,0,6,3,0,6.86
Ethan Nwaneri,Marseille,Big5,MF,324,,0,Perfil 0,0,0,0.0,2,1,0.7,0.0,0.0,0.0,3,0.0,0.0,9.0,3,0.0,0.0,0.0,19.0,1,0,9,3,0,6.86
Allan Nyom,Getafe,Big5,DF,363,,0,Perfil 0,0,0,0.1,0,1,0.2,0.0,0.0,0.0,1,0.0,0.0,2.96,1,0.0,0.0,0.0,38.0,6,1,13,0,0,6.86
M'Bala Nzola,Sassuolo,Big5,FW,386,,0,Perfil 0,0,0,0.01,1,1,7.3,0.0,0.0,0.0,1,0.0,0.0,9.03,4,0.0,0.0,0.0,29.0,1,0,12,1,0,6.48
Jake O'Brien,Everton,Big5,DF,2972,,0,Perfil 0,1,1,0.99,1,1,1.7,0.0,0.0,0.0,13,0.0,0.0,10.89,5,0.0,0.0,0.0,24.0,4,1,35,0,0,6.72
Luke O'Nien,Sunderland,Big5,DF,411,,0,Perfil 0,0,0,0.0,0,0,0.1,0.0,0.0,0.0,5,0.0,0.0,1.012,0,0.0,0.0,0.0,31.0,1,1,10,0,0,6.86
Adam Obert,Cagliari,Big5,DF,2591,,0,Perfil 0,1,1,0.99,0,3,1.4,0.0,0.0,0.0,42,0.0,0.0,10.08,3,0.0,0.0,0.0,23.0,10,1,33,0,0,6.9
Jens Odgaard,Bologna,Big5,MF,1353,,1,Atacantes,1,1,0.96,5,1,2.5,0.0,0.0,0.0,4,0.0,0.0,34.95,13,0.0,0.0,0.0,27.0,1,0,25,3,0,6.67
Wilson Odobert,Tottenham Hotspur,Big5,MF,985,,0,Perfil 0,0,0,0.17,0,2,1.9,0.0,0.0,0.0,0,0.0,0.0,20.928,8,0.0,0.0,0.0,21.0,0,0,24,3,0,6.56
Álvaro Odriozola,Real Sociedad,Big5,DF,201,,0,Perfil 0,0,0,0.0,1,0,0.5,0.0,0.0,0.0,1,0.0,0.0,0.9900000000000001,1,0.0,0.0,0.0,30.0,0,0,5,0,0,6.86
Noah Okafor,Leeds United,Big5,FW,1561,,1,Atacantes,1,1,0.98,8,1,5.3,0.0,0.0,0.0,12,0.0,0.0,34.946000000000005,15,0.0,0.0,0.0,25.0,3,0,28,1,0,6.94
David Okereke,Cremonese,Big5,FW,372,,0,Perfil 0,0,0,0.0,2,0,0.7,0.0,0.0,0.0,1,0.0,0.0,7.953999999999999,5,0.0,0.0,0.0,28.0,0,0,9,1,0,6.74
Bryan Okoh,Auxerre,Big5,DF,1005,,0,Perfil 0,0,0,0.14,3,0,0.7,0.0,0.0,0.0,26,0.0,0.0,8.064,3,0.0,0.0,0.0,22.0,2,0,13,0,0,6.86
Maduka Okoye,Udinese,Big5,GK,2436,,2,Goleiros,1,1,1.0,0,0,0.0,0.0,0.0,0.0,0,0.0,0.0,0.0,0,72.0,70.3,10.0,26.0,1,1,28,2,0,7.01
Mathías Olivera,Napoli,Big5,DF,1293,,0,Perfil 0,1,1,0.97,0,0,1.4,0.0,0.0,0.0,14,0.0,0.0,8.064000000000002,3,0.0,0.0,0.0,28.0,3,0,23,0,0,6.84
Tuomas Ollila,Paris FC,Big5,DF,308,,0,Perfil 0,0,0,0.0,0,0,0.1,0.0,0.0,0.0,4,0.0,0.0,3.9779999999999998,1,0.0,0.0,0.0,26.0,0,0,10,0,0,6.86
Dani Olmo,Barcelona,Big5,MF,1990,60000000.0,1,Atacantes,1,1,1.0,7,8,7.7,0.0,0.0,0.0,13,0.0,0.0,68.95200000000001,21,0.0,0.0,0.0,28.0,1,0,31,3,0,7.34
Tani Oluwaseyi,Villarreal,Big5,FW,839,,0,Perfil 0,0,0,0.27,2,2,3.4,0.0,0.0,0.0,0,0.0,0.0,14.973000000000003,7,0.0,0.0,0.0,25.0,1,0,26,1,0,6.24
Warmed Omari,Hamburger SV,Big5,DF,1529,,0,Perfil 0,1,1,0.94,0,1,0.1,0.0,0.0,0.0,25,0.0,0.0,3.06,1,0.0,0.0,0.0,26.0,0,0,19,0,0,6.65
Andrew Omobamidele,Strasbourg,Big5,DF,1267,,0,Perfil 0,1,1,1.0,1,0,0.5,0.0,0.0,0.0,15,0.0,0.0,2.961,2,0.0,0.0,0.0,23.0,4,0,24,0,0,6.67
Amadou Onana,Aston Villa,Big5,MF,1740,45000000.0,0,Perfil 0,1,1,1.0,2,0,1.7,0.0,0.0,0.0,19,0.0,0.0,18.914,7,0.0,0.0,0.0,24.0,3,0,24,3,0,6.91
Jacob Ondrejka,Parma,Big5,FW,773,,0,Perfil 0,0,0,0.04,0,0,1.2,0.0,0.0,0.0,2,0.0,0.0,21.07,7,0.0,0.0,0.0,23.0,2,0,16,1,0,6.74
Frank Onyeka,Brentford,Big5,MF,92,,0,Perfil 0,0,0,0.0,0,1,0.0,0.0,0.0,0.0,0,0.0,0.0,0.0,0,0.0,0.0,0.0,28.0,0,0,6,3,0,6.86
Loïs Openda,Juventus,Big5,FW,666,,0,Perfil 0,0,0,0.08,1,0,3.6,0.0,0.0,0.0,1,0.0,0.0,25.974,6,0.0,0.0,0.0,26.0,0,0,24,1,0,6.74
Fredrik Oppegard,Auxerre,Big5,MF,1246,,0,Perfil 0,1,1,0.86,0,0,0.5,0.0,0.0,0.0,14,0.0,0.0,9.936,2,0.0,0.0,0.0,23.0,1,1,23,3,0,6.47
Willi Orban,RB Leipzig,Big5,DF,2859,,0,Perfil 0,1,1,1.0,2,0,2.4,0.0,0.0,0.0,42,0.0,0.0,20.034,9,0.0,0.0,0.0,33.0,4,0,32,0,0,7.23
Christian Ordoñez,Parma,Big5,MF,932,,0,Perfil 0,0,0,0.35,1,0,0.5,0.0,0.0,0.0,7,0.0,0.0,8.008000000000001,2,0.0,0.0,0.0,21.0,5,1,26,3,0,6.23
Luis Orejuela,Mallorca,Big5,DF,90,,0,Perfil 0,0,0,0.0,0,0,0.0,0.0,0.0,0.0,1,0.0,0.0,1.0,0,0.0,0.0,0.0,26.0,0,0,1,0,0,6.86
Gaetano Oristanio,Parma,Big5,FW,859,,0,Perfil 0,0,0,0.04,1,0,2.0,0.0,0.0,0.0,2,0.0,0.0,23.845,4,0.0,0.0,0.0,23.0,1,0,20,1,0,6.4
Aimar Oroz,Osasuna,Big5,MF,2001,,0,Perfil 0,1,1,0.96,0,2,1.7,0.0,0.0,0.0,7,0.0,0.0,28.86,4,0.0,0.0,0.0,24.0,6,0,29,3,0,6.77
Riccardo Orsolini,Bologna,Big5,MF,2089,,1,Atacantes,1,1,1.0,9,1,9.7,0.0,0.0,0.0,7,0.0,0.0,80.04,30,0.0,0.0,0.0,29.0,2,0,34,3,0,7.02
Stefan Ortega,Nottingham Forest,Big5,GK,270,,0,Perfil 0,0,0,0.0,0,0,0.0,0.0,0.0,0.0,0,0.0,0.0,0.0,0,8.0,66.7,1.0,33.0,0,0,3,2,0,6.93
Ángel Ortíz,Real Betis,Big5,DF,584,,0,Perfil 0,0,0,0.04,0,0,0.0,0.0,0.0,0.0,1,0.0,0.0,0.975,0,0.0,0.0,0.0,21.0,1,0,13,0,0,6.86
Asier Osambela,Osasuna,Big5,DF,333,,0,Perfil 0,0,0,0.01,1,0,0.4,0.0,0.0,0.0,4,0.0,0.0,4.995000000000001,2,0.0,0.0,0.0,22.0,1,1,16,0,0,6.86
Gabriel Osho,Auxerre,Big5,DF,134,,0,Perfil 0,0,0,0.0,0,0,0.0,0.0,0.0,0.0,0,0.0,0.0,0.0,0,0.0,0.0,0.0,27.0,0,0,2,0,0,6.86
Ibrahim Osman,Auxerre,Big5,MF,625,,0,Perfil 0,0,0,0.03,0,2,1.9,0.0,0.0,0.0,6,0.0,0.0,17.871,6,0.0,0.0,0.0,21.0,0,0,14,3,0,6.86
William Osula,Newcastle United,Big5,FW,670,,0,Perfil 0,0,0,0.05,5,0,4.3,0.0,0.0,0.0,1,0.0,0.0,19.906,10,0.0,0.0,0.0,22.0,0,0,22,1,0,6.74
Philip Otele,Hamburger SV,Big5,MF,471,,0,Perfil 0,0,0,0.01,1,1,1.1,0.0,0.0,0.0,3,0.0,0.0,6.968000000000001,3,0.0,0.0,0.0,27.0,3,1,9,3,0,6.86
Sebastian Otoa,Genoa,Big5,DF,649,,0,Perfil 0,0,0,0.02,0,0,0.1,0.0,0.0,0.0,8,0.0,0.0,3.024,2,0.0,0.0,0.0,22.0,1,0,11,0,0,6.86
Abdoul Ouattara,Strasbourg,Big5,MF,1678,,0,Perfil 0,1,1,0.99,2,0,2.5,0.0,0.0,0.0,19,0.0,0.0,26.970000000000002,11,0.0,0.0,0.0,20.0,2,0,27,3,0,6.79
Dango Ouattara,Brentford,Big5,MF,2096,,1,Atacantes,1,1,1.0,5,3,7.7,0.0,0.0,0.0,23,0.0,0.0,47.998000000000005,17,0.0,0.0,0.0,24.0,5,0,30,3,0,6.97
Kassoum Ouattara,Monaco,Big5,MF,967,,0,Perfil 0,0,0,0.11,0,3,0.9,0.0,0.0,0.0,19,0.0,0.0,11.984,0,0.0,0.0,0.0,21.0,3,0,15,3,0,6.86
Assan Ouedraogo,RB Leipzig,Big5,MF,858,,0,Perfil 0,0,0,0.04,3,3,2.4,0.0,0.0,0.0,3,0.0,0.0,24.89,11,0.0,0.0,0.0,20.0,0,0,18,3,0,6.86
Azzedine Ounahi,Girona,Big5,MF,1490,,1,Atacantes,1,1,1.0,5,2,3.4,0.0,0.0,0.0,16,0.0,0.0,41.168000000000006,14,0.0,0.0,0.0,26.0,6,0,21,3,0,7.28
Elisha Owusu,Auxerre,Big5,MF,2254,,0,Perfil 0,1,1,0.99,0,0,0.2,0.0,0.0,0.0,20,0.0,0.0,7.000000000000001,0,0.0,0.0,0.0,28.0,7,0,28,3,0,6.89
Mikel Oyarzabal,Real Sociedad,Big5,FW,2572,,1,Atacantes,1,1,1.0,15,3,15.2,0.0,0.0,0.0,4,0.0,0.0,78.078,36,0.0,0.0,0.0,29.0,2,0,31,1,0,7.29
Berke Özer,Lille,Big5,GK,2744,,2,Goleiros,1,1,1.0,0,1,0.0,0.0,0.0,0.0,0,0.0,0.0,0.0,0,68.0,68.7,13.0,25.0,5,0,31,2,0,7.19
Pablo,West Ham United,Big5,MF,750,,0,Perfil 0,0,0,0.0,0,1,1.0,0.0,0.0,0.0,5,0.0,0.0,9.96,2,0.0,0.0,0.0,22.0,0,0,12,3,0,6.86
Jon Pacheco,Alavés,Big5,DF,1735,,0,Perfil 0,1,1,0.89,0,0,0.3,0.0,0.0,0.0,11,0.0,0.0,4.053,1,0.0,0.0,0.0,25.0,5,1,22,0,0,6.64
Willian Pacho,Paris Saint-Germain,Big5,DF,1914,80000000.0,0,Perfil 0,1,1,0.99,0,0,1.0,0.0,0.0,0.0,26,0.0,0.0,8.094000000000001,1,0.0,0.0,0.0,24.0,0,0,23,0,0,7.05
Daniele Padelli,Udinese,Big5,GK,180,,0,Perfil 0,0,0,0.0,0,0,0.0,0.0,0.0,0.0,0,0.0,0.0,0.0,0,3.0,75.0,0.0,40.0,0,0,2,2,0,6.93
Kendry Páez,Strasbourg,Big5,MF,424,,0,Perfil 0,0,0,0.0,1,0,0.8,0.0,0.0,0.0,3,0.0,0.0,9.964,4,0.0,0.0,0.0,19.0,0,0,15,3,0,6.86
Pablo Pagis,Lorient,Big5,MF,1690,,1,Atacantes,1,1,1.0,10,5,7.7,0.0,0.0,0.0,18,0.0,0.0,56.024,18,0.0,0.0,0.0,23.0,1,0,27,3,0,7.3
Igor Paixão,Marseille,Big5,MF,1904,,1,Atacantes,1,1,1.0,6,5,6.5,0.0,0.0,0.0,16,0.0,0.0,52.152,21,0.0,0.0,0.0,25.0,3,0,29,3,0,7.04
Alberto Paleari,Torino,Big5,GK,2430,,2,Goleiros,1,1,1.0,0,0,0.0,0.0,0.0,0.0,1,0.0,0.0,0.0,0,79.0,66.9,9.0,33.0,1,0,27,2,0,6.93
Marco Palestra,Cagliari,Big5,MF,2963,,0,Perfil 0,1,1,1.0,1,4,1.7,0.0,0.0,0.0,18,0.0,0.0,25.003999999999998,6,0.0,0.0,0.0,21.0,3,0,35,3,0,7.03
João Palhinha,Tottenham Hotspur,Big5,MF,2041,,0,Perfil 0,1,1,1.0,4,2,2.7,0.0,0.0,0.0,25,0.0,0.0,27.921,8,0.0,0.0,0.0,30.0,7,0,31,3,0,6.95
Matteo Palma,Udinese,Big5,DF,120,,0,Perfil 0,0,0,0.0,0,0,0.0,0.0,0.0,0.0,3,0.0,0.0,0.0,0,0.0,0.0,0.0,18.0,0,0,5,0,0,6.86
Cole Palmer,Chelsea,Big5,MF,1777,100000000.0,1,Atacantes,1,1,0.99,9,1,10.6,0.0,0.0,0.0,13,0.0,0.0,57.918,22,0.0,0.0,0.0,24.0,4,0,24,3,0,7.04
Diego Pampín,Levante,Big5,DF,534,,0,Perfil 0,0,0,0.02,0,0,0.2,0.0,0.0,0.0,5,0.0,0.0,3.0090000000000003,0,0.0,0.0,0.0,26.0,3,0,8,0,0,6.86
Joaquín Panichelli,Strasbourg,Big5,FW,2193,,1,Atacantes,1,1,1.0,16,1,14.2,0.0,0.0,0.0,13,0.0,0.0,58.071999999999996,31,0.0,0.0,0.0,23.0,3,0,27,1,0,7.25
Lucas Paquetá,West Ham United,Big5,MF,1511,,0,Perfil 0,1,1,0.87,4,1,2.8,0.0,0.0,0.0,7,0.0,0.0,23.016000000000002,11,0.0,0.0,0.0,28.0,7,1,18,3,0,6.86
Victor Parada,Alavés,Big5,DF,2024,,0,Perfil 0,1,1,0.95,0,3,1.0,0.0,0.0,0.0,9,0.0,0.0,11.025,2,0.0,0.0,0.0,24.0,9,1,28,0,0,6.52
Aitor Paredes,Athletic Club,Big5,DF,1540,,0,Perfil 0,1,1,0.96,2,0,1.1,0.0,0.0,0.0,24,0.0,0.0,12.996,4,0.0,0.0,0.0,26.0,4,0,18,0,0,6.86
Fabiano Parisi,Fiorentina,Big5,MF,1489,,0,Perfil 0,1,1,0.99,1,1,1.3,0.0,0.0,0.0,17,0.0,0.0,23.925,7,0.0,0.0,0.0,25.0,6,0,22,3,0,6.94
Thomas Partey,Villarreal,Big5,MF,907,,0,Perfil 0,0,0,0.19,0,0,0.7,0.0,0.0,0.0,13,0.0,0.0,7.979,1,0.0,0.0,0.0,32.0,1,0,24,3,0,6.43
Mario Pašalić,Atalanta,Big5,MF,1818,,0,Perfil 0,1,1,0.99,3,4,2.7,0.0,0.0,0.0,11,0.0,0.0,17.977999999999998,6,0.0,0.0,0.0,31.0,2,0,31,3,0,6.82
Patric,Lazio,Big5,MF,667,,0,Perfil 0,0,0,0.01,0,0,0.3,0.0,0.0,0.0,3,0.0,0.0,4.958,0,0.0,0.0,0.0,33.0,2,0,14,3,0,6.86
Nathan Patterson,Everton,Big5,DF,241,,0,Perfil 0,0,0,0.0,0,0,0.0,0.0,0.0,0.0,2,0.0,0.0,0.999,1,0.0,0.0,0.0,24.0,0,0,7,0,0,6.86
Benjamin Pavard,Marseille,Big5,DF,1925,,0,Perfil 0,1,1,1.0,1,2,0.8,0.0,0.0,0.0,24,0.0,0.0,10.914,3,0.0,0.0,0.0,30.0,5,0,26,0,0,6.91
Strahinja Pavlović,Milan,Big5,DF,2689,40000000.0,0,Perfil 0,1,1,1.0,5,1,3.5,0.0,0.0,0.0,20,0.0,0.0,25.115999999999996,6,0.0,0.0,0.0,24.0,3,0,32,0,0,7.17
Leonardo Pavoletti,Cagliari,Big5,FW,227,,0,Perfil 0,0,0,0.01,1,1,1.2,0.0,0.0,0.0,1,0.0,0.0,5.949999999999999,1,0.0,0.0,0.0,37.0,1,0,13,1,0,6.74
Martín Payero,Cremonese,Big5,MF,1457,,0,Perfil 0,1,1,0.89,1,0,1.8,0.0,0.0,0.0,10,0.0,0.0,23.003999999999998,8,0.0,0.0,0.0,27.0,8,0,25,3,0,6.43
Alfonso Pedraza,Villarreal,Big5,DF,1623,,0,Perfil 0,1,1,1.0,1,3,1.1,0.0,0.0,0.0,26,0.0,0.0,10.98,3,0.0,0.0,0.0,30.0,8,0,26,0,0,6.96
Pedri,Barcelona,Big5,MF,2014,150000000.0,1,Atacantes,1,1,1.0,2,8,1.6,0.0,0.0,0.0,22,0.0,0.0,21.055999999999997,10,0.0,0.0,0.0,23.0,2,1,28,3,0,7.8
Pedro,Lazio,Big5,FW,910,,0,Perfil 0,0,0,0.26,4,2,2.4,0.0,0.0,0.0,3,0.0,0.0,19.997999999999998,9,0.0,0.0,0.0,38.0,4,0,27,1,0,6.73
Adrià Pedrosa,Elche,Big5,DF,1049,,0,Perfil 0,1,1,0.99,1,1,0.6,0.0,0.0,0.0,16,0.0,0.0,12.051,3,0.0,0.0,0.0,28.0,4,0,24,0,0,6.5
Lorenzo Pellegrini,Roma,Big5,MF,1463,,1,Atacantes,1,1,1.0,4,2,5.3,0.0,0.0,0.0,15,0.0,0.0,32.111000000000004,12,0.0,0.0,0.0,29.0,2,0,24,3,0,6.92
Luca Pellegrini,Lazio,Big5,DF,1388,,0,Perfil 0,1,1,0.98,1,0,0.7,0.0,0.0,0.0,16,0.0,0.0,6.006,4,0.0,0.0,0.0,27.0,8,0,23,0,0,6.58
Mateo Pellegrino,Parma,Big5,FW,2804,,1,Atacantes,1,1,1.0,8,1,8.6,0.0,0.0,0.0,3,0.0,0.0,70.2,21,0.0,0.0,0.0,25.0,5,0,35,1,0,6.63
Timothee Pembele,Le Havre,Big5,MF,336,,0,Perfil 0,0,0,0.01,0,0,0.4,0.0,0.0,0.0,2,0.0,0.0,3.9590000000000005,2,0.0,0.0,0.0,23.0,1,0,13,3,0,6.86
Iñaki Peña,Elche,Big5,GK,1440,,2,Goleiros,1,1,1.0,0,0,0.0,0.0,0.0,0.0,0,0.0,0.0,0.0,0,55.0,67.9,4.0,27.0,0,0,16,2,0,6.93
Mike Penders,Strasbourg,Big5,GK,2880,,2,Goleiros,1,1,0.98,0,0,0.0,0.0,0.0,0.0,0,0.0,0.0,0.0,0,101.0,71.9,8.0,20.0,3,0,32,2,0,6.86
Nicolas Pépé,Villarreal,Big5,MF,2303,,1,Atacantes,1,1,1.0,8,6,8.3,0.0,0.0,0.0,14,0.0,0.0,59.136,24,0.0,0.0,0.0,30.0,4,0,35,3,0,7.3
Kojo Peprah Oppong,Nice,Big5,DF,2335,,0,Perfil 0,1,1,1.0,1,0,1.6,0.0,0.0,0.0,28,0.0,0.0,10.100999999999999,3,0.0,0.0,0.0,21.0,3,0,28,0,0,6.91
Ángel Pérez,Alavés,Big5,MF,1108,,0,Perfil 0,1,1,0.7,1,3,1.0,0.0,0.0,0.0,7,0.0,0.0,10.947000000000001,3,0.0,0.0,0.0,23.0,3,0,14,3,0,6.86
Ayoze Pérez,Villarreal,Big5,FW,960,,0,Perfil 0,0,0,0.15,3,3,5.4,0.0,0.0,0.0,3,0.0,0.0,19.046,9,0.0,0.0,0.0,32.0,4,0,23,1,0,6.64
Mattia Perin,Juventus,Big5,GK,675,,0,Perfil 0,0,0,0.0,0,0,0.0,0.0,0.0,0.0,0,0.0,0.0,0.0,0,10.0,58.8,3.0,33.0,0,0,8,2,0,6.93
Romain Perraud,Lille,Big5,DF,2196,,1,Atacantes,1,1,1.0,3,4,2.2,0.0,0.0,0.0,23,0.0,0.0,32.94,12,0.0,0.0,0.0,28.0,4,1,29,0,0,7.2
Lucas Perri,Leeds United,Big5,GK,1440,,0,Perfil 0,1,1,0.93,0,0,0.0,0.0,0.0,0.0,0,0.0,0.0,0.0,0,38.0,60.3,3.0,28.0,2,0,16,2,0,6.93
Gaëtan Perrin,Lille,Big5,MF,329,,0,Perfil 0,0,0,0.0,1,0,0.5,0.0,0.0,0.0,2,0.0,0.0,7.067,4,0.0,0.0,0.0,29.0,2,0,11,3,0,6.86
Máximo Perrone,Como,Big5,MF,2562,,0,Perfil 0,1,1,1.0,3,4,2.1,0.0,0.0,0.0,20,0.0,0.0,17.099999999999998,8,0.0,0.0,0.0,23.0,8,0,34,3,0,7.12
Massimo Pessina,Bologna,Big5,GK,353,,0,Perfil 0,0,0,0.0,0,0,0.0,0.0,0.0,0.0,0,0.0,0.0,0.0,0,7.0,77.8,3.0,18.0,0,0,4,2,0,6.93
Prosper Peter,Angers,Big5,FW,1273,,1,Atacantes,1,1,0.8,5,0,5.5,0.0,0.0,0.0,4,0.0,0.0,22.982999999999997,14,0.0,0.0,0.0,18.0,0,0,29,1,0,6.3
Léo Pétrot,Elche,Big5,DF,1571,,0,Perfil 0,1,1,0.95,0,0,0.6,0.0,0.0,0.0,17,0.0,0.0,8.05,0,0.0,0.0,0.0,29.0,2,1,31,0,0,6.65
Giuseppe Pezzella,Cremonese,Big5,MF,2405,,0,Perfil 0,1,1,0.93,0,1,0.1,0.0,0.0,0.0,11,0.0,0.0,5.0729999999999995,0,0.0,0.0,0.0,28.0,8,1,29,3,0,6.63
Rayan Philippe,Hamburger SV,Big5,FW,1223,,1,Atacantes,1,1,0.99,5,0,5.2,0.0,0.0,0.0,3,0.0,0.0,36.04,15,0.0,0.0,0.0,25.0,2,0,27,1,0,6.56
Gabriele Piccinini,Pisa,Big5,MF,815,,0,Perfil 0,0,0,0.07,0,0,2.3,0.0,0.0,0.0,1,0.0,0.0,18.108999999999998,7,0.0,0.0,0.0,25.0,2,0,23,3,0,6.25
Roberto Piccoli,Fiorentina,Big5,FW,1492,,1,Atacantes,1,1,0.96,3,1,6.5,0.0,0.0,0.0,4,0.0,0.0,41.998,14,0.0,0.0,0.0,25.0,1,0,30,1,0,6.46
Charles Pickel,Espanyol,Big5,MF,671,,0,Perfil 0,0,0,0.12,1,0,0.8,0.0,0.0,0.0,6,0.0,0.0,9.075,3,0.0,0.0,0.0,28.0,4,2,23,3,0,6.2
Jordan Pickford,Everton,Big5,GK,3240,,2,Goleiros,1,1,1.0,0,0,0.0,0.0,0.0,0.0,0,0.0,0.0,0.0,0,98.0,69.3,11.0,32.0,4,0,36,2,0,6.94
Nicholas Pierini,Sassuolo,Big5,FW,142,,0,Perfil 0,0,0,0.0,0,0,0.3,0.0,0.0,0.0,2,0.0,0.0,5.072,2,0.0,0.0,0.0,27.0,1,0,11,1,0,6.74
Santiago Pierotti,Lecce,Big5,MF,2440,,0,Perfil 0,1,1,1.0,1,1,3.3,0.0,0.0,0.0,20,0.0,0.0,30.894,8,0.0,0.0,0.0,25.0,4,0,35,3,0,6.49
Andrea Pinamonti,Sassuolo,Big5,FW,2434,,1,Atacantes,1,1,0.99,8,3,8.8,0.0,0.0,0.0,2,0.0,0.0,69.92999999999999,27,0.0,0.0,0.0,26.0,2,1,34,1,0,6.55
Ethan Pinnock,Brentford,Big5,DF,318,,0,Perfil 0,0,0,0.0,0,0,0.0,0.0,0.0,0.0,5,0.0,0.0,0.9800000000000001,1,0.0,0.0,0.0,32.0,1,0,4,0,0,6.86
Yeremi Pino,Villarreal,Big5,MF,159,,0,Perfil 0,0,0,0.0,0,1,0.2,0.0,0.0,0.0,3,0.0,0.0,2.034,1,0.0,0.0,0.0,23.0,0,0,2,3,0,6.86
Yeremi Pino,Crystal Palace,Big5,MF,1990,,1,Atacantes,1,1,0.96,2,1,4.5,0.0,0.0,0.0,7,0.0,0.0,41.99,11,0.0,0.0,0.0,23.0,4,0,32,3,0,6.71
Jakub Piotrowski,Udinese,Big5,MF,1643,,0,Perfil 0,1,1,1.0,1,1,2.7,0.0,0.0,0.0,15,0.0,0.0,36.051,9,0.0,0.0,0.0,28.0,2,0,32,3,0,6.63
Joël Piroe,Leeds United,Big5,FW,228,,0,Perfil 0,0,0,0.01,0,0,1.0,0.0,0.0,0.0,1,0.0,0.0,10.85,2,0.0,0.0,0.0,26.0,0,0,14,1,0,6.74
Niccolò Pisilli,Roma,Big5,MF,1205,,0,Perfil 0,1,1,0.97,2,3,1.7,0.0,0.0,0.0,21,0.0,0.0,17.956000000000003,5,0.0,0.0,0.0,21.0,3,0,23,3,0,6.85
Tommaso Pobega,Bologna,Big5,MF,1301,,0,Perfil 0,1,1,0.95,2,1,1.7,0.0,0.0,0.0,18,0.0,0.0,24.07,9,0.0,0.0,0.0,26.0,1,1,24,3,0,6.69
Paul Pogba,Monaco,Big5,MF,119,,0,Perfil 0,0,0,0.0,0,0,0.1,0.0,0.0,0.0,1,0.0,0.0,1.963,0,0.0,0.0,0.0,33.0,0,0,6,3,0,6.86
Matteo Politano,Napoli,Big5,MF,2121,,1,Atacantes,1,1,1.0,2,5,2.4,0.0,0.0,0.0,4,0.0,0.0,46.02,12,0.0,0.0,0.0,32.0,4,0,33,3,0,6.96
Oumar Pona,Angers,Big5,GK,180,,0,Perfil 0,0,0,0.0,0,0,0.0,0.0,0.0,0.0,0,0.0,0.0,0.0,0,6.0,46.2,0.0,19.0,1,0,2,2,0,6.93
Marin Pongračić,Fiorentina,Big5,DF,2804,,0,Perfil 0,1,1,1.0,0,0,0.7,0.0,0.0,0.0,35,0.0,0.0,8.112,1,0.0,0.0,0.0,28.0,11,0,33,0,0,6.82
Nick Pope,Newcastle United,Big5,GK,2236,,2,Goleiros,1,1,0.98,0,0,0.2,0.0,0.0,0.0,0,0.0,0.0,0.9920000000000001,1,78.0,70.3,7.0,34.0,2,0,25,2,0,6.92
Pedro Porro,Tottenham Hotspur,Big5,DF,2616,,0,Perfil 0,1,1,1.0,1,2,1.0,0.0,0.0,0.0,30,0.0,0.0,29.973000000000003,8,0.0,0.0,0.0,26.0,9,0,32,0,0,7.14
Portu,Girona,Big5,FW,474,,0,Perfil 0,0,0,0.01,0,0,1.4,0.0,0.0,0.0,2,0.0,0.0,9.062999999999999,5,0.0,0.0,0.0,33.0,2,0,10,1,0,6.74
Stefan Posch,Como,Big5,DF,393,,0,Perfil 0,0,0,0.08,1,0,0.8,0.0,0.0,0.0,4,0.0,0.0,8.052000000000001,3,0.0,0.0,0.0,29.0,1,0,14,0,0,6.86
Freddie Potts,West Ham United,Big5,MF,1171,,0,Perfil 0,1,1,0.87,0,1,0.2,0.0,0.0,0.0,16,0.0,0.0,2.99,1,0.0,0.0,0.0,22.0,1,0,22,3,0,6.61
Yussuf Poulsen,Hamburger SV,Big5,FW,320,,0,Perfil 0,0,0,0.05,1,0,0.8,0.0,0.0,0.0,1,0.0,0.0,7.092,3,0.0,0.0,0.0,31.0,4,0,14,1,0,6.74
Matteo Prati,Torino,Big5,MF,534,,0,Perfil 0,0,0,0.01,0,0,1.6,0.0,0.0,0.0,4,0.0,0.0,10.915000000000001,0,0.0,0.0,0.0,22.0,2,0,11,3,0,6.55
Abdón Prats,Mallorca,Big5,FW,125,,0,Perfil 0,0,0,0.01,0,0,0.9,0.0,0.0,0.0,0,0.0,0.0,4.032,1,0.0,0.0,0.0,33.0,0,0,13,1,0,6.74
Ivan Provedel,Lazio,Big5,GK,2430,,2,Goleiros,1,1,1.0,0,0,0.0,0.0,0.0,0.0,0,0.0,0.0,0.0,0,87.0,78.6,12.0,32.0,1,0,27,2,0,7.21
Javi Puado,Espanyol,Big5,MF,674,,0,Perfil 0,0,0,0.02,2,0,3.5,0.0,0.0,0.0,3,0.0,0.0,15.0,9,0.0,0.0,0.0,27.0,2,0,10,3,0,6.86
Christian Pulisic,Milan,Big5,FW,1549,,1,Atacantes,1,1,0.97,8,3,8.1,0.0,0.0,0.0,3,0.0,0.0,50.052,24,0.0,0.0,0.0,27.0,0,0,28,1,0,7.11
Kenny Quetant,Le Havre,Big5,FW,372,,0,Perfil 0,0,0,0.0,1,0,0.7,0.0,0.0,0.0,1,0.0,0.0,7.953999999999999,2,0.0,0.0,0.0,19.0,1,0,9,1,0,6.74
Adrien Rabiot,Marseille,Big5,MF,90,,0,Perfil 0,0,0,0.0,0,0,0.0,0.0,0.0,0.0,0,0.0,0.0,1.0,0,0.0,0.0,0.0,31.0,1,0,1,3,0,6.86
Adrien Rabiot,Milan,Big5,MF,2370,,1,Atacantes,1,1,0.99,6,4,4.3,0.0,0.0,0.0,16,0.0,0.0,41.028000000000006,11,0.0,0.0,0.0,31.0,6,1,27,3,0,7.48
Uroš Radaković,Nantes,Big5,DF,101,,0,Perfil 0,0,0,0.0,0,0,0.0,0.0,0.0,0.0,4,0.0,0.0,0.9790000000000001,0,0.0,0.0,0.0,32.0,0,0,6,0,0,6.86
Ugo Raghouber,Levante,Big5,MF,692,,0,Perfil 0,0,0,0.06,0,0,0.1,0.0,0.0,0.0,15,0.0,0.0,3.003,0,0.0,0.0,0.0,22.0,1,0,14,3,0,6.86
Antonio Raillo,Mallorca,Big5,DF,2032,,0,Perfil 0,1,1,0.99,0,1,0.5,0.0,0.0,0.0,12,0.0,0.0,11.978000000000002,1,0.0,0.0,0.0,34.0,4,0,23,0,0,6.74
Ylber Ramadani,Lecce,Big5,MF,3031,,0,Perfil 0,1,1,1.0,1,0,1.1,0.0,0.0,0.0,44,0.0,0.0,33.026,5,0.0,0.0,0.0,30.0,8,0,35,3,0,6.96
Jacobo Ramón,Como,Big5,DF,2562,,0,Perfil 0,1,1,1.0,2,0,4.6,0.0,0.0,0.0,34,0.0,0.0,33.915,7,0.0,0.0,0.0,21.0,10,1,30,0,0,7.24
Gonçalo Ramos,Paris Saint-Germain,Big5,FW,1254,,1,Atacantes,1,1,0.99,6,1,9.0,0.0,0.0,0.0,4,0.0,0.0,56.851,25,0.0,0.0,0.0,24.0,4,1,29,1,0,6.7
Aaron Ramsdale,Newcastle United,Big5,GK,1004,,0,Perfil 0,0,0,0.17,0,0,0.0,0.0,0.0,0.0,0,0.0,0.0,0.0,0,24.0,63.2,1.0,28.0,2,0,12,2,0,6.93
Jacob Ramsey,Newcastle United,Big5,MF,1270,,0,Perfil 0,1,1,0.96,2,2,1.2,0.0,0.0,0.0,9,0.0,0.0,15.932999999999998,4,0.0,0.0,0.0,24.0,5,1,26,3,0,6.79
Luca Ranieri,Fiorentina,Big5,DF,2395,,0,Perfil 0,1,1,1.0,1,0,1.9,0.0,0.0,0.0,24,0.0,0.0,18.088,3,0.0,0.0,0.0,27.0,8,0,33,0,0,6.81
Raphinha,Barcelona,Big5,MF,1318,70000000.0,1,Atacantes,1,1,0.99,11,3,10.4,0.0,0.0,0.0,6,0.0,0.0,59.85999999999999,20,0.0,0.0,0.0,29.0,5,0,21,3,0,7.77
Marcus Rashford,Barcelona,Big5,MF,1673,,1,Atacantes,1,1,0.99,8,7,7.5,0.0,0.0,0.0,2,0.0,0.0,76.074,29,0.0,0.0,0.0,28.0,3,0,31,3,0,7.18
Giacomo Raspadori,Atalanta,Big5,MF,643,,0,Perfil 0,0,0,0.03,3,1,3.2,0.0,0.0,0.0,1,0.0,0.0,23.855999999999998,11,0.0,0.0,0.0,26.0,0,0,11,3,0,6.86
Andrei Ratiu,Rayo Vallecano,Big5,DF,2696,,0,Perfil 0,1,1,1.0,0,3,2.3,0.0,0.0,0.0,39,0.0,0.0,30.0,9,0.0,0.0,0.0,27.0,9,0,32,0,0,7.24
Petar Ratkov,Lazio,Big5,FW,233,,0,Perfil 0,0,0,0.0,0,0,0.6,0.0,0.0,0.0,1,0.0,0.0,6.032,1,0.0,0.0,0.0,22.0,0,0,8,1,0,6.74
David Raum,RB Leipzig,Big5,DF,2553,,1,Atacantes,1,1,1.0,3,7,2.2,0.0,0.0,0.0,33,0.0,0.0,24.139999999999997,8,0.0,0.0,0.0,28.0,6,0,30,0,0,7.63
Federico Ravaglia,Bologna,Big5,GK,1470,,0,Perfil 0,1,1,0.97,0,0,0.0,0.0,0.0,0.0,0,0.0,0.0,0.0,0,52.0,65.8,2.0,26.0,4,0,17,2,0,6.93
David Raya,Arsenal,Big5,GK,3240,,2,Goleiros,1,1,1.0,0,0,0.0,0.0,0.0,0.0,1,0.0,0.0,0.0,0,59.0,69.8,18.0,30.0,1,0,36,2,0,7.21
Rayan,Bournemouth,Big5,MF,956,60000000.0,0,Perfil 0,0,0,0.14,5,2,2.9,0.0,0.0,0.0,6,0.0,0.0,24.91,8,0.0,0.0,0.0,19.0,1,0,13,3,0,6.86
Federico Redondo,Elche,Big5,MF,179,,0,Perfil 0,0,0,0.0,0,0,0.1,0.0,0.0,0.0,5,0.0,0.0,1.0,0,0.0,0.0,0.0,23.0,0,1,11,3,0,6.86
Harrison Reed,Fulham,Big5,MF,94,,0,Perfil 0,0,0,0.0,1,0,0.1,0.0,0.0,0.0,0,0.0,0.0,1.91,1,0.0,0.0,0.0,31.0,0,0,7,3,0,6.86
Alejandro Rego,Athletic Club,Big5,MF,1228,,0,Perfil 0,1,1,0.98,1,1,0.6,0.0,0.0,0.0,20,0.0,0.0,11.016,3,0.0,0.0,0.0,22.0,6,0,27,3,0,6.57
Tijjani Reijnders,Manchester City,Big5,MF,1555,50000000.0,1,Atacantes,1,1,1.0,5,2,4.5,0.0,0.0,0.0,11,0.0,0.0,44.980000000000004,15,0.0,0.0,0.0,27.0,2,0,27,3,0,6.96
Vitor Reis,Girona,Big5,DF,2868,,0,Perfil 0,1,1,0.99,1,1,1.6,0.0,0.0,0.0,33,0.0,0.0,15.95,3,0.0,0.0,0.0,20.0,8,1,33,0,0,6.86
Nicolai Remberg,Hamburger SV,Big5,MF,2790,,0,Perfil 0,1,1,1.0,0,2,1.0,0.0,0.0,0.0,43,0.0,0.0,16.12,8,0.0,0.0,0.0,25.0,11,0,31,3,0,7.02
Álex Remiro,Real Sociedad,Big5,GK,3150,,2,Goleiros,1,1,1.0,0,0,0.0,0.0,0.0,0.0,1,0.0,0.0,0.0,0,93.0,65.0,3.0,31.0,1,0,35,2,0,6.63
Devyne Rensch,Roma,Big5,MF,1040,,0,Perfil 0,1,1,0.82,1,4,0.3,0.0,0.0,0.0,12,0.0,0.0,4.9879999999999995,2,0.0,0.0,0.0,23.0,1,0,22,3,0,6.86
Guillaume Restes,Toulouse,Big5,GK,2939,,2,Goleiros,1,1,0.98,0,0,0.0,0.0,0.0,0.0,1,0.0,0.0,0.0,0,84.0,67.7,9.0,21.0,3,0,33,2,0,6.85
Oriol Rey,Levante,Big5,MF,1274,,0,Perfil 0,1,1,0.88,0,1,0.5,0.0,0.0,0.0,11,0.0,0.0,8.094,1,0.0,0.0,0.0,28.0,4,0,19,3,0,6.86
Chadi Riad,Crystal Palace,Big5,DF,389,,0,Perfil 0,0,0,0.0,0,1,0.3,0.0,0.0,0.0,1,0.0,0.0,1.978,1,0.0,0.0,0.0,22.0,2,0,7,0,0,6.86
Alexsandro Ribeiro,Lille,Big5,DF,509,,0,Perfil 0,0,0,0.04,0,0,0.4,0.0,0.0,0.0,11,0.0,0.0,7.0680000000000005,2,0.0,0.0,0.0,26.0,0,1,9,0,0,6.86
Samuele Ricci,Milan,Big5,MF,1289,,0,Perfil 0,1,1,0.98,1,4,1.5,0.0,0.0,0.0,9,0.0,0.0,18.018,6,0.0,0.0,0.0,24.0,2,0,30,3,0,6.72
Declan Rice,Arsenal,Big5,MF,3004,120000000.0,1,Atacantes,1,1,1.0,4,5,3.2,0.0,0.0,0.0,32,0.0,0.0,40.08,13,0.0,0.0,0.0,27.0,3,0,35,3,0,7.56
Chris Richards,Crystal Palace,Big5,DF,2797,,0,Perfil 0,1,1,0.98,1,0,2.4,0.0,0.0,0.0,43,0.0,0.0,14.928,2,0.0,0.0,0.0,26.0,3,0,32,0,0,6.87
Richarlison,Tottenham Hotspur,Big5,FW,1802,,1,Atacantes,1,1,1.0,10,4,8.1,0.0,0.0,0.0,7,0.0,0.0,56.0,24,0.0,0.0,0.0,29.0,5,0,30,1,0,6.87
Diego Rico,Getafe,Big5,DF,1758,,0,Perfil 0,1,1,1.0,0,0,0.3,0.0,0.0,0.0,33,0.0,0.0,10.920000000000002,1,0.0,0.0,0.0,33.0,4,0,28,0,0,6.78
Clemens Riedel,Espanyol,Big5,DF,1306,,0,Perfil 0,1,1,0.89,0,1,0.1,0.0,0.0,0.0,11,0.0,0.0,3.045,1,0.0,0.0,0.0,22.0,5,0,19,0,0,6.77
Fabian Rieder,Rennes,Big5,MF,133,,0,Perfil 0,0,0,0.0,0,0,0.0,0.0,0.0,0.0,2,0.0,0.0,1.02,0,0.0,0.0,0.0,24.0,0,0,3,3,0,6.86
Chris Rigg,Sunderland,Big5,MF,746,,0,Perfil 0,0,0,0.0,1,0,0.8,0.0,0.0,0.0,3,0.0,0.0,12.035,3,0.0,0.0,0.0,18.0,1,0,16,3,0,6.86
Filippo Rinaldi,Parma,Big5,GK,90,,0,Perfil 0,0,0,0.0,0,0,0.0,0.0,0.0,0.0,0,0.0,0.0,0.0,0,4.0,100.0,1.0,23.0,1,0,1,2,0,6.93
Hugo Rincón,Girona,Big5,DF,1717,,0,Perfil 0,1,1,0.86,1,1,0.9,0.0,0.0,0.0,5,0.0,0.0,7.067,2,0.0,0.0,0.0,23.0,4,0,32,0,0,6.64
Rodrigo Riquelme,Real Betis,Big5,MF,809,,0,Perfil 0,0,0,0.19,1,1,2.2,0.0,0.0,0.0,5,0.0,0.0,24.03,7,0.0,0.0,0.0,26.0,2,0,24,3,0,6.47
Robin Risser,Lens,Big5,GK,2970,,2,Goleiros,1,1,0.99,0,1,0.0,0.0,0.0,0.0,0,0.0,0.0,0.0,0,76.0,69.8,11.0,21.0,2,0,33,2,0,7.02
Sergi Roberto,Como,Big5,MF,527,,0,Perfil 0,0,0,0.01,0,0,1.0,0.0,0.0,0.0,5,0.0,0.0,7.08,2,0.0,0.0,0.0,34.0,3,0,18,3,0,6.86
Andrew Robertson,Liverpool,Big5,DF,1094,,0,Perfil 0,1,1,0.83,1,0,1.1,0.0,0.0,0.0,6,0.0,0.0,9.027999999999999,3,0.0,0.0,0.0,32.0,0,0,23,0,0,6.75
Antonee Robinson,Fulham,Big5,DF,1312,,0,Perfil 0,1,1,0.94,0,0,1.1,0.0,0.0,0.0,23,0.0,0.0,3.942,0,0.0,0.0,0.0,28.0,4,0,20,0,0,7.16
Joel Roca,Girona,Big5,MF,1255,,1,Atacantes,1,1,0.95,3,1,3.7,0.0,0.0,0.0,2,0.0,0.0,38.92,14,0.0,0.0,0.0,20.0,3,1,29,3,0,6.54
Marc Roca,Real Betis,Big5,MF,1925,,0,Perfil 0,1,1,0.99,1,1,1.4,0.0,0.0,0.0,23,0.0,0.0,13.91,5,0.0,0.0,0.0,29.0,1,0,27,3,0,6.79
Joe Rodon,Leeds United,Big5,DF,2771,,0,Perfil 0,1,1,1.0,2,0,1.4,0.0,0.0,0.0,29,0.0,0.0,17.864,7,0.0,0.0,0.0,28.0,3,0,33,0,0,6.7
Rodri,Manchester City,Big5,MF,1421,50000000.0,0,Perfil 0,1,1,0.95,1,0,1.1,0.0,0.0,0.0,11,0.0,0.0,12.008000000000001,2,0.0,0.0,0.0,29.0,2,0,20,3,0,7.51
Álvaro Rodríguez,Elche,Big5,FW,2042,,1,Atacantes,1,1,1.0,6,5,8.8,0.0,0.0,0.0,4,0.0,0.0,71.051,22,0.0,0.0,0.0,21.0,1,0,32,1,0,6.93
Guido Rodríguez,West Ham United,Big5,MF,180,,0,Perfil 0,0,0,0.0,0,0,0.0,0.0,0.0,0.0,2,0.0,0.0,1.0,0,0.0,0.0,0.0,32.0,1,0,6,3,0,6.86
Jesus Rodríguez,Como,Big5,MF,1630,,1,Atacantes,1,1,0.95,1,7,4.0,0.0,0.0,0.0,4,0.0,0.0,43.983000000000004,11,0.0,0.0,0.0,20.0,2,1,29,3,0,6.93
Juan Rodríguez,Cagliari,Big5,DF,1240,,0,Perfil 0,1,1,0.85,0,0,0.8,0.0,0.0,0.0,17,0.0,0.0,2.07,1,0.0,0.0,0.0,20.0,3,0,15,0,0,6.86
Ricardo Rodríguez,Real Betis,Big5,DF,1457,,0,Perfil 0,1,1,0.84,0,1,0.1,0.0,0.0,0.0,8,0.0,0.0,3.078,0,0.0,0.0,0.0,33.0,0,0,22,0,0,6.72
Rodrygo,Real Madrid,Big5,MF,684,45000000.0,0,Perfil 0,0,0,0.15,1,3,2.6,0.0,0.0,0.0,3,0.0,0.0,26.979999999999997,11,0.0,0.0,0.0,25.0,3,0,19,3,0,6.86
Robin Roefs,Sunderland,Big5,GK,2970,,2,Goleiros,1,1,1.0,0,0,0.0,0.0,0.0,0.0,0,0.0,0.0,0.0,0,103.0,70.8,10.0,23.0,4,0,33,2,0,6.95
Morgan Rogers,Aston Villa,Big5,MF,3190,90000000.0,1,Atacantes,1,1,1.0,9,5,6.8,0.0,0.0,0.0,13,0.0,0.0,82.836,31,0.0,0.0,0.0,23.0,7,0,36,3,0,7.0
Merlin Röhl,Everton,Big5,MF,534,,0,Perfil 0,0,0,0.0,0,0,0.8,0.0,0.0,0.0,3,0.0,0.0,7.965000000000001,0,0.0,0.0,0.0,23.0,0,0,14,3,0,6.86
Filippo Romagna,Sassuolo,Big5,DF,313,,0,Perfil 0,0,0,0.0,0,0,0.0,0.0,0.0,0.0,5,0.0,0.0,2.03,0,0.0,0.0,0.0,28.0,0,0,5,0,0,6.86
Alessio Romagnoli,Lazio,Big5,DF,2576,,0,Perfil 0,1,1,1.0,0,0,1.5,0.0,0.0,0.0,31,0.0,0.0,8.866,4,0.0,0.0,0.0,31.0,6,1,31,0,0,6.86
Leo Román,Mallorca,Big5,GK,2790,,2,Goleiros,1,1,0.99,0,0,0.0,0.0,0.0,0.0,1,0.0,0.0,0.0,0,98.0,69.8,3.0,25.0,4,0,31,2,0,6.79
Carlos Romero,Espanyol,Big5,DF,3011,,1,Atacantes,1,1,1.0,5,3,2.8,0.0,0.0,0.0,35,0.0,0.0,38.19,10,0.0,0.0,0.0,24.0,4,0,34,0,0,7.15
Cristian Romero,Tottenham Hotspur,Big5,DF,1868,45000000.0,0,Perfil 0,1,1,1.0,4,1,1.3,0.0,0.0,0.0,31,0.0,0.0,17.056,6,0.0,0.0,0.0,28.0,11,2,23,0,0,7.06
Isaac Romero,Sevilla,Big5,FW,1408,,1,Atacantes,1,1,0.94,4,0,5.3,0.0,0.0,0.0,5,0.0,0.0,37.908,13,0.0,0.0,0.0,25.0,6,1,27,1,0,6.42
Iván Romero,Levante,Big5,FW,2093,,1,Atacantes,1,1,1.0,7,1,8.6,0.0,0.0,0.0,11,0.0,0.0,57.08500000000001,17,0.0,0.0,0.0,25.0,5,0,30,1,0,6.84
Rômulo,RB Leipzig,Big5,FW,2170,,1,Atacantes,1,1,1.0,9,4,14.4,0.0,0.0,0.0,11,0.0,0.0,61.937,27,0.0,0.0,0.0,24.0,3,0,29,1,0,7.06
Valentin Rongier,Rennes,Big5,MF,2655,,1,Atacantes,1,1,1.0,2,5,1.0,0.0,0.0,0.0,36,0.0,0.0,20.945,10,0.0,0.0,0.0,31.0,6,0,30,3,0,7.54
Marten de Roon,Atalanta,Big5,MF,2549,,0,Perfil 0,1,1,0.99,1,2,0.8,0.0,0.0,0.0,22,0.0,0.0,13.867,4,0.0,0.0,0.0,35.0,8,1,32,3,0,7.07
Valentin Rosier,Osasuna,Big5,DF,2380,,0,Perfil 0,1,1,1.0,1,1,0.7,0.0,0.0,0.0,42,0.0,0.0,16.896,3,0.0,0.0,0.0,29.0,6,1,29,0,0,6.99
Anthony Rouault,Rennes,Big5,DF,1634,,0,Perfil 0,1,1,1.0,1,0,1.5,0.0,0.0,0.0,16,0.0,0.0,9.1,3,0.0,0.0,0.0,24.0,4,0,20,0,0,6.84
Nicolò Rovella,Lazio,Big5,MF,443,,0,Perfil 0,0,0,0.0,0,1,0.0,0.0,0.0,0.0,8,0.0,0.0,0.9800000000000001,0,0.0,0.0,0.0,24.0,2,0,10,3,0,6.86
Jonathan Rowe,Bologna,Big5,MF,1428,,1,Atacantes,1,1,0.99,3,1,4.0,0.0,0.0,0.0,7,0.0,0.0,44.043,15,0.0,0.0,0.0,23.0,2,0,26,3,0,6.82
Amir Rrahmani,Napoli,Big5,DF,1615,,0,Perfil 0,1,1,0.99,1,1,1.4,0.0,0.0,0.0,21,0.0,0.0,11.993,2,0.0,0.0,0.0,32.0,2,0,19,0,0,7.34
Antonio Rüdiger,Real Madrid,Big5,DF,1400,,0,Perfil 0,1,1,0.74,1,0,0.9,0.0,0.0,0.0,4,0.0,0.0,12.012,1,0.0,0.0,0.0,33.0,0,0,17,0,0,6.86
Daniele Rugani,Fiorentina,Big5,DF,261,,0,Perfil 0,0,0,0.0,0,0,0.1,0.0,0.0,0.0,3,0.0,0.0,0.0,0,0.0,0.0,0.0,31.0,2,0,5,0,0,6.86
Aitor Ruibal,Real Betis,Big5,DF,1808,,1,Atacantes,1,1,1.0,4,2,3.8,0.0,0.0,0.0,20,0.0,0.0,30.954000000000004,12,0.0,0.0,0.0,30.0,6,1,27,0,0,6.93
Abel Ruiz,Girona,Big5,FW,187,,0,Perfil 0,0,0,0.0,0,0,0.3,0.0,0.0,0.0,1,0.0,0.0,5.061000000000001,1,0.0,0.0,0.0,26.0,0,0,9,1,0,6.74
Gerónimo Rulli,Marseille,Big5,GK,2520,,2,Goleiros,1,1,1.0,0,0,0.0,0.0,0.0,0.0,0,0.0,0.0,1.12,0,72.0,72.0,8.0,33.0,3,0,28,2,0,7.17
Jacen Russell-Rowe,Toulouse,Big5,FW,472,,0,Perfil 0,0,0,0.0,1,0,1.4,0.0,0.0,0.0,1,0.0,0.0,10.920000000000002,4,0.0,0.0,0.0,23.0,0,0,13,1,0,6.74
Mathew Ryan,Levante,Big5,GK,3060,,2,Goleiros,1,1,0.99,0,0,0.2,0.0,0.0,0.0,1,0.0,0.0,2.04,0,115.0,69.1,8.0,34.0,3,0,34,2,0,7.05
Stefano Sabelli,Genoa,Big5,MF,854,,0,Perfil 0,0,0,0.0,0,0,0.5,0.0,0.0,0.0,3,0.0,0.0,5.035,0,0.0,0.0,0.0,33.0,0,0,15,3,0,6.86
Noah Sadiki,Sunderland,Big5,MF,2723,,0,Perfil 0,1,1,1.0,0,1,1.5,0.0,0.0,0.0,33,0.0,0.0,19.089000000000002,5,0.0,0.0,0.0,21.0,8,0,31,3,0,6.81
Alexis Saelemaekers,Milan,Big5,MF,2698,,1,Atacantes,1,1,1.0,2,3,3.3,0.0,0.0,0.0,30,0.0,0.0,42.0,10,0.0,0.0,0.0,26.0,5,0,34,3,0,7.37
Emir Sahiti,Hamburger SV,Big5,FW,120,,0,Perfil 0,0,0,0.0,0,0,0.0,0.0,0.0,0.0,0,0.0,0.0,0.0,0,0.0,0.0,0.0,27.0,0,0,2,1,0,6.74
Osame Sahraoui,Lille,Big5,MF,476,,0,Perfil 0,0,0,0.0,1,2,0.9,0.0,0.0,0.0,4,0.0,0.0,11.024,4,0.0,0.0,0.0,24.0,0,0,17,3,0,6.86
Wesley Saïd,Lens,Big5,MF,1901,,1,Atacantes,1,1,1.0,10,2,9.9,0.0,0.0,0.0,9,0.0,0.0,54.86000000000001,25,0.0,0.0,0.0,31.0,2,0,28,3,0,7.24
Allan Saint-Maximin,Lens,Big5,MF,410,,0,Perfil 0,0,0,0.03,3,3,1.6,0.0,0.0,0.0,0,0.0,0.0,21.206,3,0.0,0.0,0.0,29.0,0,0,10,3,0,6.86
Bukayo Saka,Arsenal,Big5,FW,2132,110000000.0,1,Atacantes,1,1,1.0,7,4,7.6,0.0,0.0,0.0,15,0.0,0.0,68.019,27,0.0,0.0,0.0,24.0,2,0,30,1,0,7.52
Álex Sala,Lecce,Big5,MF,167,,0,Perfil 0,0,0,0.0,0,1,0.3,0.0,0.0,0.0,3,0.0,0.0,4.104,2,0.0,0.0,0.0,25.0,0,0,9,3,0,6.86
Mohamed Salah,Liverpool,Big5,MF,2056,,1,Atacantes,1,1,1.0,7,6,8.2,0.0,0.0,0.0,3,0.0,0.0,63.839999999999996,17,0.0,0.0,0.0,33.0,1,0,25,3,0,7.07
Kike Salas,Sevilla,Big5,DF,2023,,0,Perfil 0,1,1,1.0,2,0,1.5,0.0,0.0,0.0,35,0.0,0.0,17.1,7,0.0,0.0,0.0,24.0,1,0,24,0,0,7.25
William Saliba,Arsenal,Big5,DF,2524,100000000.0,0,Perfil 0,1,1,0.96,1,0,0.9,0.0,0.0,0.0,15,0.0,0.0,5.04,1,0.0,0.0,0.0,25.0,2,0,30,0,0,7.16
José Salinas,Espanyol,Big5,DF,257,,0,Perfil 0,0,0,0.0,0,0,0.2,0.0,0.0,0.0,3,0.0,0.0,1.015,0,0.0,0.0,0.0,25.0,2,0,11,0,0,6.86
Mohammed Salisu,Monaco,Big5,DF,1080,,0,Perfil 0,1,1,0.73,1,0,0.8,0.0,0.0,0.0,19,0.0,0.0,8.040000000000001,2,0.0,0.0,0.0,27.0,3,0,12,0,0,6.86
Lazar Samardzic,Atalanta,Big5,MF,969,,0,Perfil 0,0,0,0.28,2,1,3.0,0.0,0.0,0.0,9,0.0,0.0,22.032000000000004,7,0.0,0.0,0.0,24.0,1,0,25,3,0,6.7
Mbwana Samatta,Le Havre,Big5,FW,1452,,1,Atacantes,1,1,0.87,2,1,3.9,0.0,0.0,0.0,4,0.0,0.0,41.86000000000001,16,0.0,0.0,0.0,33.0,4,0,26,1,0,6.41
Brice Samba,Rennes,Big5,GK,2880,,2,Goleiros,1,1,1.0,0,0,0.0,0.0,0.0,0.0,0,0.0,0.0,0.0,0,84.0,67.5,10.0,32.0,5,0,32,2,0,6.94
Albert Sambi Lokonga,Hamburger SV,Big5,MF,1620,,0,Perfil 0,1,1,0.98,5,0,2.1,0.0,0.0,0.0,13,0.0,0.0,16.02,10,0.0,0.0,0.0,26.0,3,0,25,3,0,6.88
Antonio Sanabria,Cremonese,Big5,FW,945,,0,Perfil 0,0,0,0.18,1,1,2.9,0.0,0.0,0.0,1,0.0,0.0,11.969999999999999,4,0.0,0.0,0.0,30.0,2,0,25,1,0,6.19
Oihan Sancet,Athletic Club,Big5,MF,1788,,1,Atacantes,1,1,0.98,4,0,6.5,0.0,0.0,0.0,3,0.0,0.0,48.157999999999994,15,0.0,0.0,0.0,26.0,4,1,28,3,0,6.61
Alexis Sánchez,Sevilla,Big5,FW,1207,,0,Perfil 0,1,1,0.84,4,2,3.8,0.0,0.0,0.0,7,0.0,0.0,23.986,8,0.0,0.0,0.0,37.0,2,0,26,1,0,6.67
Antonio Sánchez,Mallorca,Big5,MF,1044,,0,Perfil 0,1,1,0.86,0,0,0.4,0.0,0.0,0.0,16,0.0,0.0,6.032,3,0.0,0.0,0.0,29.0,5,1,29,3,0,6.27
Juanlu Sánchez,Sevilla,Big5,MF,1969,,0,Perfil 0,1,1,0.99,0,3,0.8,0.0,0.0,0.0,11,0.0,0.0,14.016,1,0.0,0.0,0.0,22.0,5,1,31,3,0,6.75
Robert Sánchez,Chelsea,Big5,GK,2859,,2,Goleiros,1,1,1.0,0,1,0.0,0.0,0.0,0.0,1,0.0,0.0,0.0,0,90.0,67.4,9.0,28.0,3,1,33,2,0,7.07
Selton Sánchez,Athletic Club,Big5,MF,196,,0,Perfil 0,0,0,0.0,0,1,0.3,0.0,0.0,0.0,1,0.0,0.0,4.048000000000001,1,0.0,0.0,0.0,19.0,0,0,7,3,0,6.86
Jadon Sancho,Aston Villa,Big5,MF,875,,0,Perfil 0,0,0,0.09,0,2,0.6,0.0,0.0,0.0,2,0.0,0.0,9.991,3,0.0,0.0,0.0,26.0,0,0,22,3,0,6.52
Álex Sancris,Getafe,Big5,MF,708,,0,Perfil 0,0,0,0.05,0,1,0.4,0.0,0.0,0.0,2,0.0,0.0,13.035,5,0.0,0.0,0.0,29.0,4,1,18,3,0,6.86
Ibou Sané,Metz,Big5,FW,541,,0,Perfil 0,0,0,0.0,1,1,0.4,0.0,0.0,0.0,1,0.0,0.0,6.0,3,0.0,0.0,0.0,21.0,2,0,16,1,0,6.74
Sadibou Sané,Metz,Big5,DF,1850,,0,Perfil 0,1,1,0.98,2,1,0.3,0.0,0.0,0.0,39,0.0,0.0,4.944,2,0.0,0.0,0.0,21.0,5,2,22,0,0,6.6
Arouna Sangante,Le Havre,Big5,DF,2235,,0,Perfil 0,1,1,0.99,1,1,0.4,0.0,0.0,0.0,35,0.0,0.0,8.927999999999999,5,0.0,0.0,0.0,24.0,4,2,27,0,0,6.88
Buba Sangaré,Elche,Big5,DF,487,,0,Perfil 0,0,0,0.0,0,0,0.1,0.0,0.0,0.0,6,0.0,0.0,1.998,0,0.0,0.0,0.0,18.0,2,0,10,0,0,6.86
Ibrahim Sangaré,Nottingham Forest,Big5,MF,1990,,0,Perfil 0,1,1,0.99,2,2,1.1,0.0,0.0,0.0,18,0.0,0.0,15.912,5,0.0,0.0,0.0,28.0,5,0,26,3,0,6.94
Mamadou Sangare,Lens,Big5,MF,2323,40000000.0,1,Atacantes,1,1,1.0,3,4,3.3,0.0,0.0,0.0,40,0.0,0.0,52.88999999999999,14,0.0,0.0,0.0,23.0,5,0,29,3,0,7.69
Nhoa Sangui,Paris FC,Big5,DF,1737,,0,Perfil 0,1,1,0.97,0,0,0.3,0.0,0.0,0.0,21,0.0,0.0,4.053,1,0.0,0.0,0.0,20.0,0,0,26,0,0,6.74
Maroan Sannadi,Athletic Club,Big5,FW,279,,0,Perfil 0,0,0,0.0,1,0,1.1,0.0,0.0,0.0,1,0.0,0.0,7.998,4,0.0,0.0,0.0,25.0,2,0,9,1,0,6.74
Morgan Sanson,Nice,Big5,MF,1686,,0,Perfil 0,1,1,0.96,0,2,2.5,0.0,0.0,0.0,24,0.0,0.0,17.017,4,0.0,0.0,0.0,31.0,4,0,30,3,0,6.45
Yago Santiago,Elche,Big5,MF,281,,0,Perfil 0,0,0,0.0,0,0,0.1,0.0,0.0,0.0,1,0.0,0.0,1.9840000000000002,0,0.0,0.0,0.0,23.0,1,0,9,3,0,6.86
Alisson Santos,Napoli,Big5,MF,746,,0,Perfil 0,0,0,0.1,4,0,1.4,0.0,0.0,0.0,2,0.0,0.0,27.058,15,0.0,0.0,0.0,23.0,0,0,12,3,0,6.86
Andrey Santos,Chelsea,Big5,MF,1170,40000000.0,0,Perfil 0,1,1,1.0,0,0,2.0,0.0,0.0,0.0,18,0.0,0.0,10.01,1,0.0,0.0,0.0,22.0,4,0,26,3,0,6.73
Tiago Santos,Lille,Big5,DF,709,,0,Perfil 0,0,0,0.08,0,0,0.4,0.0,0.0,0.0,5,0.0,0.0,9.006,0,0.0,0.0,0.0,23.0,0,0,15,0,0,6.86
Jeremy Sarmiento,Cremonese,Big5,MF,142,,0,Perfil 0,0,0,0.0,0,0,0.1,0.0,0.0,0.0,2,0.0,0.0,2.032,2,0.0,0.0,0.0,23.0,0,0,7,3,0,6.86
Bouna Sarr,Metz,Big5,MF,805,,0,Perfil 0,0,0,0.04,0,0,1.6,0.0,0.0,0.0,9,0.0,0.0,12.905,3,0.0,0.0,0.0,34.0,1,0,11,3,0,6.86
Ismaila Sarr,Crystal Palace,Big5,MF,2040,,1,Atacantes,1,1,1.0,8,1,10.9,0.0,0.0,0.0,7,0.0,0.0,46.080999999999996,20,0.0,0.0,0.0,28.0,2,0,26,3,0,6.91
Malang Sarr,Lens,Big5,DF,2880,,0,Perfil 0,1,1,1.0,0,1,1.4,0.0,0.0,0.0,76,0.0,0.0,22.08,5,0.0,0.0,0.0,27.0,3,0,32,0,0,7.39
Mamadou Sarr,Strasbourg,Big5,DF,1305,,0,Perfil 0,1,1,0.65,0,0,0.1,0.0,0.0,0.0,5,0.0,0.0,1.0150000000000001,0,0.0,0.0,0.0,20.0,3,0,15,0,0,6.86
Mamadou Sarr,Chelsea,Big5,DF,92,,0,Perfil 0,0,0,0.0,0,0,0.4,0.0,0.0,0.0,1,0.0,0.0,0.98,0,0.0,0.0,0.0,20.0,0,0,2,0,0,6.86
Martin Satriano,Getafe,Big5,FW,1513,,1,Atacantes,1,1,0.95,6,1,4.3,0.0,0.0,0.0,9,0.0,0.0,33.936,14,0.0,0.0,0.0,25.0,4,0,17,1,0,6.74
Martin Satriano,Lyon,Big5,FW,692,,0,Perfil 0,0,0,0.02,2,1,1.8,0.0,0.0,0.0,5,0.0,0.0,16.016000000000002,7,0.0,0.0,0.0,25.0,1,0,11,1,0,6.74
Mario Sauer,Toulouse,Big5,MF,651,,0,Perfil 0,0,0,0.31,1,0,1.8,0.0,0.0,0.0,10,0.0,0.0,13.968,3,0.0,0.0,0.0,21.0,4,0,25,3,0,6.86
Razvan Sava,Udinese,Big5,GK,620,,0,Perfil 0,0,0,0.0,0,0,0.0,0.0,0.0,0.0,0,0.0,0.0,0.0,0,14.0,50.0,1.0,23.0,1,0,7,2,0,6.93
Nicolò Savona,Nottingham Forest,Big5,DF,1028,,0,Perfil 0,1,1,0.69,2,0,1.3,0.0,0.0,0.0,5,0.0,0.0,5.016,3,0.0,0.0,0.0,23.0,2,0,14,0,0,6.86
Giorgio Scalvini,Atalanta,Big5,DF,1652,,0,Perfil 0,1,1,0.99,3,1,2.6,0.0,0.0,0.0,38,0.0,0.0,20.056,6,0.0,0.0,0.0,22.0,2,0,22,0,0,7.29
Gianluca Scamacca,Atalanta,Big5,FW,1305,,1,Atacantes,1,1,0.95,10,1,6.7,0.0,0.0,0.0,3,0.0,0.0,56.985,22,0.0,0.0,0.0,27.0,2,0,23,1,0,6.93
Oliver Scarles,West Ham United,Big5,DF,659,,0,Perfil 0,0,0,0.07,0,0,0.2,0.0,0.0,0.0,13,0.0,0.0,2.993,0,0.0,0.0,0.0,20.0,2,0,13,0,0,6.86
Kevin Schade,Brentford,Big5,MF,2627,,1,Atacantes,1,1,1.0,7,3,12.2,0.0,0.0,0.0,19,0.0,0.0,51.1,22,0.0,0.0,0.0,24.0,6,1,33,3,0,6.83
Fabian Schär,Newcastle United,Big5,DF,1091,,0,Perfil 0,1,1,0.9,0,0,1.0,0.0,0.0,0.0,16,0.0,0.0,16.939999999999998,4,0.0,0.0,0.0,34.0,1,0,16,0,0,6.86
Xaver Schlager,RB Leipzig,Big5,MF,1837,,0,Perfil 0,1,1,0.98,3,1,2.1,0.0,0.0,0.0,7,0.0,0.0,21.012,7,0.0,0.0,0.0,28.0,6,0,26,3,0,7.12
Alex Scott,Bournemouth,Big5,MF,2759,50000000.0,1,Atacantes,1,1,1.0,3,1,3.8,0.0,0.0,0.0,35,0.0,0.0,44.208,13,0.0,0.0,0.0,22.0,5,0,36,3,0,7.17
Simone Scuffet,Pisa,Big5,GK,630,,0,Perfil 0,0,0,0.0,0,0,0.0,0.0,0.0,0.0,0,0.0,0.0,0.0,0,14.0,53.8,1.0,29.0,0,0,7,2,0,6.93
Jenson Seelt,Sunderland,Big5,DF,134,,0,Perfil 0,0,0,0.0,0,0,0.0,0.0,0.0,0.0,0,0.0,0.0,0.0,0,0.0,0.0,0.0,22.0,0,0,2,0,0,6.86
Alidu Seidu,Rennes,Big5,DF,1186,,0,Perfil 0,1,1,0.9,0,1,0.1,0.0,0.0,0.0,17,0.0,0.0,5.016,1,0.0,0.0,0.0,25.0,1,0,21,0,0,6.87
Nicolas Seiwald,RB Leipzig,Big5,MF,2622,,0,Perfil 0,1,1,1.0,0,2,1.8,0.0,0.0,0.0,60,0.0,0.0,20.079,7,0.0,0.0,0.0,25.0,2,0,32,3,0,7.16
Ayumu Seko,Le Havre,Big5,MF,2625,,0,Perfil 0,1,1,0.99,0,0,1.0,0.0,0.0,0.0,35,0.0,0.0,16.936,6,0.0,0.0,0.0,25.0,6,0,30,3,0,6.8
Matz Sels,Nottingham Forest,Big5,GK,2488,,2,Goleiros,1,1,1.0,0,0,0.0,0.0,0.0,0.0,0,0.0,0.0,0.0,0,85.0,73.0,7.0,34.0,2,0,29,2,0,6.93
Antoine Semenyo,Manchester City,Big5,MF,1285,80000000.0,1,Atacantes,1,1,0.93,6,1,11.1,0.0,0.0,0.0,5,0.0,0.0,32.032000000000004,12,0.0,0.0,0.0,26.0,1,0,15,3,0,7.34
Adrian Šemper,Pisa,Big5,GK,2070,,2,Goleiros,1,1,1.0,0,0,0.0,0.0,0.0,0.0,0,0.0,0.0,0.0,0,73.0,67.6,4.0,28.0,0,0,23,2,0,6.69
Marvin Senaya,Auxerre,Big5,DF,1771,,0,Perfil 0,1,1,1.0,1,0,1.4,0.0,0.0,0.0,34,0.0,0.0,14.972,5,0.0,0.0,0.0,25.0,5,0,24,0,0,6.85
Marcos Senesi,Bournemouth,Big5,DF,3108,,0,Perfil 0,1,1,1.0,0,5,1.5,0.0,0.0,0.0,49,0.0,0.0,16.905,5,0.0,0.0,0.0,29.0,8,0,35,0,0,7.19
Ryan Sessegnon,Fulham,Big5,DF,1823,,0,Perfil 0,1,1,1.0,3,1,1.6,0.0,0.0,0.0,23,0.0,0.0,16.037000000000003,4,0.0,0.0,0.0,25.0,0,0,27,0,0,6.69
Stephan El Shaarawy,Roma,Big5,MF,602,,0,Perfil 0,0,0,0.05,0,2,1.5,0.0,0.0,0.0,5,0.0,0.0,15.008000000000003,6,0.0,0.0,0.0,33.0,3,0,18,3,0,6.86
Djibril Sidibé,Toulouse,Big5,MF,2141,,0,Perfil 0,1,1,0.96,3,4,2.8,0.0,0.0,0.0,18,0.0,0.0,8.092,5,0.0,0.0,0.0,33.0,1,0,32,3,0,6.84
Jamil Siebert,Lecce,Big5,DF,1521,,0,Perfil 0,1,1,0.97,1,0,0.4,0.0,0.0,0.0,15,0.0,0.0,6.084,2,0.0,0.0,0.0,24.0,3,0,19,0,0,6.65
Francisco Sierralta,Auxerre,Big5,DF,861,,0,Perfil 0,0,0,0.06,1,0,1.0,0.0,0.0,0.0,9,0.0,0.0,7.008,2,0.0,0.0,0.0,29.0,2,0,10,0,0,6.86
André Silva,Elche,Big5,FW,1768,,1,Atacantes,1,1,1.0,10,0,10.5,0.0,0.0,0.0,4,0.0,0.0,54.88,28,0.0,0.0,0.0,30.0,2,0,29,1,0,6.82
Bernardo Silva,Manchester City,Big5,MF,2759,,1,Atacantes,1,1,1.0,2,4,2.6,0.0,0.0,0.0,20,0.0,0.0,27.937,6,0.0,0.0,0.0,31.0,10,0,36,3,0,7.16
Marco Silvestri,Cremonese,Big5,GK,360,,0,Perfil 0,0,0,0.0,0,0,0.0,0.0,0.0,0.0,0,0.0,0.0,0.0,0,15.0,68.2,0.0,35.0,0,0,4,2,0,6.93
Abdallah Sima,Lens,Big5,MF,688,,0,Perfil 0,0,0,0.13,2,2,3.0,0.0,0.0,0.0,1,0.0,0.0,28.804,9,0.0,0.0,0.0,24.0,3,0,20,3,0,6.6
Giovanni Simeone,Torino,Big5,FW,2050,,1,Atacantes,1,1,1.0,11,0,9.9,0.0,0.0,0.0,5,0.0,0.0,72.96000000000001,28,0.0,0.0,0.0,30.0,1,0,30,1,0,6.81
Moses Simon,Paris FC,Big5,MF,1935,,1,Atacantes,1,1,0.97,3,3,2.7,0.0,0.0,0.0,8,0.0,0.0,32.895,10,0.0,0.0,0.0,30.0,1,0,28,3,0,6.7
Unai Simón,Athletic Club,Big5,GK,3240,,2,Goleiros,1,1,1.0,0,0,0.0,0.0,0.0,0.0,0,0.0,0.0,0.0,0,96.0,65.3,6.0,28.0,1,0,36,2,0,6.97
Xavi Simons,Tottenham Hotspur,Big5,MF,1755,40000000.0,1,Atacantes,1,1,0.99,2,5,3.1,0.0,0.0,0.0,15,0.0,0.0,41.925,10,0.0,0.0,0.0,23.0,5,1,28,3,0,6.92
Xavi Simons,RB Leipzig,Big5,MF,90,40000000.0,0,Perfil 0,0,0,0.0,0,0,0.0,0.0,0.0,0.0,1,0.0,0.0,0.0,0,0.0,0.0,0.0,23.0,0,0,1,3,0,6.86
Lassine Sinayoko,Auxerre,Big5,FW,2680,,1,Atacantes,1,1,1.0,10,4,11.9,0.0,0.0,0.0,24,0.0,0.0,89.99600000000001,36,0.0,0.0,0.0,26.0,8,0,31,1,0,7.17
Ibrahima Sissoko,Nantes,Big5,MF,803,,0,Perfil 0,0,0,0.14,0,0,0.2,0.0,0.0,0.0,16,0.0,0.0,5.963000000000001,0,0.0,0.0,0.0,28.0,4,0,13,3,0,6.86
Antonio Sivera,Alavés,Big5,GK,3240,,2,Goleiros,1,1,1.0,0,0,0.0,0.0,0.0,0.0,0,0.0,0.0,0.0,0,92.0,65.2,4.0,29.0,3,0,36,2,0,6.85
Telli Siwe,Auxerre,Big5,DF,225,,0,Perfil 0,0,0,0.0,0,0,0.1,0.0,0.0,0.0,4,0.0,0.0,1.0,0,0.0,0.0,0.0,21.0,0,0,3,0,0,6.86
Ellyes Skhiri,Eintracht Frankfurt,Big5,MF,1354,,0,Perfil 0,1,1,0.94,0,0,0.6,0.0,0.0,0.0,24,0.0,0.0,7.05,0,0.0,0.0,0.0,31.0,3,1,24,3,0,6.49
Adam Smith,Bournemouth,Big5,DF,899,,0,Perfil 0,0,0,0.19,0,2,0.0,0.0,0.0,0.0,7,0.0,0.0,0.0,0,0.0,0.0,0.0,35.0,3,0,20,0,0,6.86
Emile Smith Rowe,Fulham,Big5,MF,1774,,0,Perfil 0,1,1,0.99,3,0,4.8,0.0,0.0,0.0,22,0.0,0.0,33.884,9,0.0,0.0,0.0,25.0,1,0,35,3,0,6.69
Ivan Smolčić,Como,Big5,DF,1552,,0,Perfil 0,1,1,1.0,0,1,0.9,0.0,0.0,0.0,23,0.0,0.0,12.04,4,0.0,0.0,0.0,25.0,8,0,26,0,0,6.96
Simon Sohm,Bologna,Big5,MF,717,,0,Perfil 0,0,0,0.02,0,0,0.8,0.0,0.0,0.0,3,0.0,0.0,4.0,1,0.0,0.0,0.0,25.0,1,0,12,3,0,6.48
Dominic Solanke,Tottenham Hotspur,Big5,FW,1001,,0,Perfil 0,0,0,0.05,3,0,2.4,0.0,0.0,0.0,3,0.0,0.0,19.98,11,0.0,0.0,0.0,28.0,1,0,15,1,0,6.74
Carlos Soler,Real Sociedad,Big5,MF,2104,,1,Atacantes,1,1,1.0,4,3,2.7,0.0,0.0,0.0,15,0.0,0.0,33.93,19,0.0,0.0,0.0,29.0,3,1,30,3,0,6.88
Oumar Solet,Udinese,Big5,DF,2779,,0,Perfil 0,1,1,1.0,3,1,2.8,0.0,0.0,0.0,41,0.0,0.0,29.973,5,0.0,0.0,0.0,26.0,1,0,33,0,0,7.23
Jhon Solis,Girona,Big5,MF,380,,0,Perfil 0,0,0,0.0,0,0,0.2,0.0,0.0,0.0,4,0.0,0.0,2.9819999999999998,2,0.0,0.0,0.0,21.0,0,0,12,3,0,6.86
Manor Solomon,Villarreal,Big5,MF,150,,0,Perfil 0,0,0,0.0,1,1,0.4,0.0,0.0,0.0,0,0.0,0.0,2.04,1,0.0,0.0,0.0,26.0,0,0,6,3,0,6.86
Manor Solomon,Fiorentina,Big5,FW,785,,0,Perfil 0,0,0,0.0,2,0,0.9,0.0,0.0,0.0,0,0.0,0.0,8.004,3,0.0,0.0,0.0,26.0,1,0,14,1,0,6.74
Daniele Sommariva,Genoa,Big5,GK,176,,0,Perfil 0,0,0,0.0,0,0,0.0,0.0,0.0,0.0,0,0.0,0.0,0.0,0,8.0,66.7,0.0,28.0,0,0,2,2,0,6.93
Oliver Sonne,Burnley,Big5,DF,169,,0,Perfil 0,0,0,0.0,1,0,0.6,0.0,0.0,0.0,1,0.0,0.0,3.04,1,0.0,0.0,0.0,25.0,0,0,7,0,0,6.86
David Soria,Getafe,Big5,GK,3240,,2,Goleiros,1,1,1.0,0,0,0.0,0.0,0.0,0.0,0,0.0,0.0,0.0,0,108.0,74.8,11.0,33.0,2,0,36,2,0,7.11
Borna Sosa,Crystal Palace,Big5,DF,101,,0,Perfil 0,0,0,0.0,0,0,0.0,0.0,0.0,0.0,2,0.0,0.0,0.9790000000000001,0,0.0,0.0,0.0,28.0,1,0,7,0,0,6.86
Florian Sotoca,Lens,Big5,MF,417,,0,Perfil 0,0,0,0.14,0,0,0.7,0.0,0.0,0.0,7,0.0,0.0,11.913999999999998,0,0.0,0.0,0.0,35.0,1,0,25,3,0,6.86
Riccardo Sottil,Lecce,Big5,FW,1066,,0,Perfil 0,1,1,0.74,1,2,0.7,0.0,0.0,0.0,2,0.0,0.0,19.942,3,0.0,0.0,0.0,26.0,1,0,21,1,0,6.47
Tomáš Souček,West Ham United,Big5,MF,2048,,1,Atacantes,1,1,0.98,5,0,5.7,0.0,0.0,0.0,16,0.0,0.0,23.028000000000002,12,0.0,0.0,0.0,31.0,2,1,33,3,0,6.88
Matìas Soulé,Roma,Big5,MF,2060,,1,Atacantes,1,1,1.0,6,5,4.0,0.0,0.0,0.0,9,0.0,0.0,48.089999999999996,15,0.0,0.0,0.0,23.0,1,0,31,3,0,7.08
Aboubaka Soumahoro,Hamburger SV,Big5,MF,136,,0,Perfil 0,0,0,0.0,0,0,0.0,0.0,0.0,0.0,0,0.0,0.0,0.0,0,0.0,0.0,0.0,21.0,1,0,4,3,0,6.86
Sambou Soumano,Lorient,Big5,FW,931,,0,Perfil 0,0,0,0.27,4,2,5.4,0.0,0.0,0.0,4,0.0,0.0,27.913,10,0.0,0.0,0.0,25.0,2,0,30,1,0,6.39
Issa Soumaré,Le Havre,Big5,FW,2858,,1,Atacantes,1,1,1.0,7,5,14.7,0.0,0.0,0.0,12,0.0,0.0,74.09400000000001,26,0.0,0.0,0.0,25.0,3,0,33,1,0,7.09
Souza,Tottenham Hotspur,Big5,MF,144,,0,Perfil 0,0,0,0.0,0,0,0.0,0.0,0.0,0.0,2,0.0,0.0,0.992,1,0.0,0.0,0.0,19.0,1,0,4,3,0,6.86
Djibril Sow,Sevilla,Big5,MF,2007,,1,Atacantes,1,1,1.0,5,4,1.8,0.0,0.0,0.0,19,0.0,0.0,18.955000000000002,8,0.0,0.0,0.0,29.0,6,0,31,3,0,6.74
Djed Spence,Tottenham Hotspur,Big5,DF,1943,,0,Perfil 0,1,1,0.99,0,0,0.9,0.0,0.0,0.0,15,0.0,0.0,12.096000000000002,7,0.0,0.0,0.0,25.0,4,0,28,0,0,6.63
Leonardo Spinazzola,Napoli,Big5,MF,1823,,0,Perfil 0,1,1,0.97,3,3,1.2,0.0,0.0,0.0,4,0.0,0.0,21.112000000000002,7,0.0,0.0,0.0,33.0,2,0,31,3,0,6.94
Anton Stach,Leeds United,Big5,MF,2297,,1,Atacantes,1,1,1.0,5,3,2.9,0.0,0.0,0.0,19,0.0,0.0,54.06,14,0.0,0.0,0.0,27.0,3,0,28,3,0,7.31
Benjamin Stambouli,Metz,Big5,MF,896,,0,Perfil 0,0,0,0.04,0,0,0.3,0.0,0.0,0.0,9,0.0,0.0,6.0,1,0.0,0.0,0.0,35.0,0,0,18,3,0,6.86
Nicolae Stanciu,Genoa,Big5,MF,180,,0,Perfil 0,0,0,0.0,0,0,1.2,0.0,0.0,0.0,3,0.0,0.0,5.0,0,0.0,0.0,0.0,33.0,0,0,4,3,0,6.86
Otto Stange,Hamburger SV,Big5,FW,217,,0,Perfil 0,0,0,0.0,0,0,1.0,0.0,0.0,0.0,0,0.0,0.0,7.967999999999999,1,0.0,0.0,0.0,19.0,0,0,9,1,0,6.74
Filip Stojilković,Pisa,Big5,FW,538,,0,Perfil 0,0,0,0.0,0,0,2.7,0.0,0.0,0.0,0,0.0,0.0,8.040000000000001,3,0.0,0.0,0.0,26.0,0,0,11,1,0,6.74
John Stones,Manchester City,Big5,DF,362,,0,Perfil 0,0,0,0.0,0,0,0.0,0.0,0.0,0.0,2,0.0,0.0,0.0,0,0.0,0.0,0.0,31.0,0,0,8,0,0,6.86
Jørgen Strand Larsen,Crystal Palace,Big5,FW,767,40000000.0,0,Perfil 0,0,0,0.01,3,0,5.3,0.0,0.0,0.0,1,0.0,0.0,18.955,6,0.0,0.0,0.0,26.0,2,0,12,1,0,6.23
Gabriel Strefezza,Parma,Big5,FW,949,,0,Perfil 0,0,0,0.02,2,2,1.0,0.0,0.0,0.0,5,0.0,0.0,23.939999999999998,7,0.0,0.0,0.0,29.0,3,0,13,1,0,6.74
Pascal Struijk,Leeds United,Big5,DF,2846,,0,Perfil 0,1,1,1.0,0,1,3.0,0.0,0.0,0.0,30,0.0,0.0,30.968,5,0.0,0.0,0.0,26.0,5,0,33,0,0,6.91
Cristhian Stuani,Girona,Big5,FW,299,,0,Perfil 0,0,0,0.09,4,0,5.4,0.0,0.0,0.0,1,0.0,0.0,12.903,9,0.0,0.0,0.0,39.0,4,0,18,1,0,6.74
Nikola Štulić,Lecce,Big5,FW,1692,,0,Perfil 0,1,1,0.82,3,0,4.5,0.0,0.0,0.0,2,0.0,0.0,31.96,8,0.0,0.0,0.0,24.0,1,0,32,1,0,6.28
Denis Suárez,Alavés,Big5,MF,1321,,0,Perfil 0,1,1,0.93,1,2,1.0,0.0,0.0,0.0,7,0.0,0.0,8.085,3,0.0,0.0,0.0,32.0,6,0,28,3,0,6.59
Gabriel Suazo,Sevilla,Big5,DF,1916,,0,Perfil 0,1,1,1.0,0,2,0.5,0.0,0.0,0.0,24,0.0,0.0,4.899,2,0.0,0.0,0.0,28.0,7,0,27,0,0,7.01
Luka Sučić,Real Sociedad,Big5,MF,808,,0,Perfil 0,0,0,0.08,3,1,2.0,0.0,0.0,0.0,3,0.0,0.0,19.080000000000002,6,0.0,0.0,0.0,23.0,1,0,19,3,0,6.71
Pavel Šulc,Lyon,Big5,FW,1476,,1,Atacantes,1,1,1.0,11,3,9.1,0.0,0.0,0.0,6,0.0,0.0,41.983999999999995,17,0.0,0.0,0.0,25.0,2,0,26,1,0,7.05
Ibrahim Sulemana,Cagliari,Big5,MF,824,,0,Perfil 0,0,0,0.03,1,0,1.6,0.0,0.0,0.0,6,0.0,0.0,9.016,2,0.0,0.0,0.0,22.0,1,0,14,3,0,6.86
Kamaldeen Sulemana,Atalanta,Big5,MF,904,,0,Perfil 0,0,0,0.06,2,1,2.3,0.0,0.0,0.0,2,0.0,0.0,20.9,9,0.0,0.0,0.0,24.0,3,0,23,3,0,6.6
Crysencio Summerville,West Ham United,Big5,MF,2290,,1,Atacantes,1,1,1.0,5,1,5.2,0.0,0.0,0.0,14,0.0,0.0,51.815999999999995,15,0.0,0.0,0.0,24.0,6,0,29,3,0,7.04
Zion Suzuki,Parma,Big5,GK,1710,,2,Goleiros,1,1,1.0,0,0,0.0,0.0,0.0,0.0,0,0.0,0.0,0.0,0,59.0,69.9,5.0,23.0,1,0,19,2,0,6.95
Mile Svilar,Roma,Big5,GK,3240,,2,Goleiros,1,1,0.99,0,0,0.0,0.0,0.0,0.0,1,0.0,0.0,0.0,0,102.0,77.3,16.0,26.0,0,0,36,2,0,7.26
Lamine Sy,Auxerre,Big5,DF,1446,,0,Perfil 0,1,1,0.99,0,0,1.1,0.0,0.0,0.0,21,0.0,0.0,13.041000000000002,2,0.0,0.0,0.0,23.0,1,0,23,0,0,6.91
Fodé Sylla,Lens,Big5,MF,99,,0,Perfil 0,0,0,0.0,0,0,0.0,0.0,0.0,0.0,3,0.0,0.0,0.0,0,0.0,0.0,0.0,20.0,0,0,4,3,0,6.86
Wojciech Szczęsny,Barcelona,Big5,GK,630,,0,Perfil 0,0,0,0.0,0,0,0.0,0.0,0.0,0.0,0,0.0,0.0,0.0,0,19.0,62.1,0.0,36.0,0,0,7,2,0,6.93
Dominik Szoboszlai,Liverpool,Big5,MF,3051,100000000.0,1,Atacantes,1,1,1.0,6,5,4.8,0.0,0.0,0.0,28,0.0,0.0,68.139,21,0.0,0.0,0.0,25.0,8,1,34,3,0,7.5
Sebastian Szymański,Rennes,Big5,MF,731,,0,Perfil 0,0,0,0.02,1,3,0.7,0.0,0.0,0.0,3,0.0,0.0,11.988,5,0.0,0.0,0.0,27.0,2,0,15,3,0,6.86
Nicolás Tagliafico,Lyon,Big5,DF,1310,,0,Perfil 0,1,1,0.96,0,3,1.5,0.0,0.0,0.0,17,0.0,0.0,15.038,1,0.0,0.0,0.0,33.0,5,2,20,0,0,6.83
Chemsdine Talbi,Sunderland,Big5,MF,1530,,0,Perfil 0,1,1,0.91,4,1,2.1,0.0,0.0,0.0,3,0.0,0.0,24.99,10,0.0,0.0,0.0,21.0,0,0,27,3,0,6.55
Montassar Talbi,Lorient,Big5,DF,2520,,0,Perfil 0,1,1,1.0,0,1,0.7,0.0,0.0,0.0,27,0.0,0.0,12.88,2,0.0,0.0,0.0,27.0,3,0,28,0,0,6.9
Adrien Tameze,Torino,Big5,DF,1120,,0,Perfil 0,1,1,0.96,0,0,0.3,0.0,0.0,0.0,19,0.0,0.0,4.960000000000001,0,0.0,0.0,0.0,32.0,3,0,24,0,0,6.26
Ao Tanaka,Leeds United,Big5,MF,1179,,0,Perfil 0,1,1,0.98,2,0,1.6,0.0,0.0,0.0,19,0.0,0.0,17.03,5,0.0,0.0,0.0,27.0,1,0,26,3,0,6.85
James Tarkowski,Everton,Big5,DF,3150,,0,Perfil 0,1,1,1.0,2,3,2.7,0.0,0.0,0.0,27,0.0,0.0,17.85,9,0.0,0.0,0.0,33.0,7,0,35,0,0,7.13
Tylel Tati,Nantes,Big5,DF,1721,,0,Perfil 0,1,1,0.89,0,0,0.3,0.0,0.0,0.0,14,0.0,0.0,3.0560000000000005,0,0.0,0.0,0.0,18.0,5,1,20,0,0,6.21
Nuno Tavares,Lazio,Big5,DF,1383,,0,Perfil 0,1,1,0.96,0,0,0.6,0.0,0.0,0.0,17,0.0,0.0,15.092,1,0.0,0.0,0.0,26.0,4,0,22,0,0,7.0
Marcus Tavernier,Bournemouth,Big5,MF,2552,,1,Atacantes,1,1,1.0,6,4,9.1,0.0,0.0,0.0,14,0.0,0.0,67.02399999999999,23,0.0,0.0,0.0,27.0,6,0,32,3,0,7.24
Kenneth Taylor,Lazio,Big5,MF,1333,,0,Perfil 0,1,1,0.78,3,2,2.0,0.0,0.0,0.0,9,0.0,0.0,15.984000000000002,6,0.0,0.0,0.0,23.0,4,0,16,3,0,6.86
Loum Tchaouna,Burnley,Big5,MF,1117,,0,Perfil 0,1,1,0.83,2,0,1.3,0.0,0.0,0.0,2,0.0,0.0,20.956,9,0.0,0.0,0.0,22.0,2,0,27,3,0,6.34
Aurélien Tchouaméni,Real Madrid,Big5,MF,2483,70000000.0,0,Perfil 0,1,1,1.0,1,0,2.7,0.0,0.0,0.0,40,0.0,0.0,41.952000000000005,7,0.0,0.0,0.0,26.0,8,0,31,3,0,7.37
Mathys Tel,Tottenham Hotspur,Big5,MF,1187,,0,Perfil 0,1,1,0.96,4,1,2.4,0.0,0.0,0.0,4,0.0,0.0,31.02,8,0.0,0.0,0.0,21.0,1,0,29,3,0,6.65
Nahuel Tenaglia,Alavés,Big5,DF,3059,,0,Perfil 0,1,1,1.0,2,0,1.6,0.0,0.0,0.0,44,0.0,0.0,20.06,7,0.0,0.0,0.0,30.0,2,0,34,0,0,6.89
Arnau Tenas,Villarreal,Big5,GK,720,,0,Perfil 0,0,0,0.0,0,0,0.0,0.0,0.0,0.0,0,0.0,0.0,0.0,0,22.0,66.7,0.0,24.0,0,0,8,2,0,6.93
Marc-André ter Stegen,Girona,Big5,GK,180,,0,Perfil 0,0,0,0.0,0,0,0.0,0.0,0.0,0.0,0,0.0,0.0,0.0,0,4.0,66.7,0.0,34.0,0,0,2,2,0,6.93
Filippo Terracciano,Cremonese,Big5,DF,2839,,0,Perfil 0,1,1,0.98,2,0,1.9,0.0,0.0,0.0,54,0.0,0.0,13.86,4,0.0,0.0,0.0,23.0,6,0,34,0,0,6.73
Pietro Terracciano,Milan,Big5,GK,125,,0,Perfil 0,0,0,0.0,0,0,0.0,0.0,0.0,0.0,0,0.0,0.0,0.0,0,4.0,100.0,2.0,36.0,0,0,2,2,0,6.93
Ramón Terrats,Espanyol,Big5,MF,985,,0,Perfil 0,0,0,0.26,1,2,1.5,0.0,0.0,0.0,11,0.0,0.0,13.952,3,0.0,0.0,0.0,25.0,0,0,28,3,0,6.32
Tanner Tessmann,Lyon,Big5,MF,1953,,0,Perfil 0,1,1,1.0,1,0,2.3,0.0,0.0,0.0,13,0.0,0.0,26.04,8,0.0,0.0,0.0,24.0,2,0,29,3,0,6.91
Kenny Tete,Fulham,Big5,DF,1791,,0,Perfil 0,1,1,0.98,1,0,1.0,0.0,0.0,0.0,26,0.0,0.0,15.92,3,0.0,0.0,0.0,30.0,2,0,22,0,0,7.12
Jordan Teze,Monaco,Big5,MF,2423,,0,Perfil 0,1,1,1.0,1,2,0.7,0.0,0.0,0.0,29,0.0,0.0,13.988,5,0.0,0.0,0.0,26.0,8,0,32,3,0,7.02
Florian Thauvin,Lens,Big5,MF,2383,,1,Atacantes,1,1,1.0,10,5,10.9,0.0,0.0,0.0,11,0.0,0.0,72.08,26,0.0,0.0,0.0,33.0,6,0,32,3,0,7.42
Arthur Theate,Eintracht Frankfurt,Big5,DF,2141,,0,Perfil 0,1,1,1.0,1,0,1.1,0.0,0.0,0.0,34,0.0,0.0,14.994,7,0.0,0.0,0.0,25.0,8,0,24,0,0,6.7
Igor Thiago,Brentford,Big5,FW,3102,65000000.0,1,Atacantes,1,1,1.0,22,1,20.6,0.0,0.0,0.0,12,0.0,0.0,81.075,43,0.0,0.0,0.0,24.0,7,0,36,1,0,7.14
Malick Thiaw,Newcastle United,Big5,DF,2785,45000000.0,1,Atacantes,1,1,1.0,4,0,4.7,0.0,0.0,0.0,26,0.0,0.0,27.81,14,0.0,0.0,0.0,24.0,4,0,33,0,0,7.03
Adrien Thomasson,Lens,Big5,MF,2653,,1,Atacantes,1,1,1.0,3,9,7.0,0.0,0.0,0.0,20,0.0,0.0,43.07,13,0.0,0.0,0.0,32.0,11,0,31,3,0,7.51
Morten Thorsby,Cremonese,Big5,MF,517,,0,Perfil 0,0,0,0.0,1,0,2.3,0.0,0.0,0.0,2,0.0,0.0,10.887,4,0.0,0.0,0.0,30.0,1,0,9,3,0,6.64
Kristian Thorstvedt,Sassuolo,Big5,MF,2280,,1,Atacantes,1,1,1.0,4,4,6.3,0.0,0.0,0.0,29,0.0,0.0,41.998,13,0.0,0.0,0.0,27.0,8,0,30,3,0,7.09
Youri Tielemans,Aston Villa,Big5,MF,1755,,0,Perfil 0,1,1,0.98,0,4,1.2,0.0,0.0,0.0,16,0.0,0.0,22.034999999999997,5,0.0,0.0,0.0,29.0,0,0,23,3,0,7.15
Jurriën Timber,Arsenal,Big5,DF,2454,70000000.0,1,Atacantes,1,1,1.0,3,5,4.8,0.0,0.0,0.0,24,0.0,0.0,25.116000000000003,7,0.0,0.0,0.0,24.0,5,0,30,0,0,7.26
Quinten Timber,Marseille,Big5,MF,1096,,0,Perfil 0,1,1,0.69,0,0,1.0,0.0,0.0,0.0,9,0.0,0.0,10.004,2,0.0,0.0,0.0,24.0,4,0,14,3,0,6.86
Jean-Clair Todibo,West Ham United,Big5,DF,1789,,0,Perfil 0,1,1,0.95,0,1,0.2,0.0,0.0,0.0,16,0.0,0.0,1.99,0,0.0,0.0,0.0,26.0,5,1,22,0,0,6.66
Corentin Tolisso,Lyon,Big5,MF,2212,,1,Atacantes,1,1,1.0,11,4,11.0,0.0,0.0,0.0,16,0.0,0.0,48.954,26,0.0,0.0,0.0,31.0,4,0,29,3,0,7.29
Jeremy Toljan,Levante,Big5,DF,3052,,0,Perfil 0,1,1,1.0,1,4,1.0,0.0,0.0,0.0,31,0.0,0.0,9.153,1,0.0,0.0,0.0,31.0,7,0,35,0,0,6.59
Fikayo Tomori,Milan,Big5,DF,2419,,0,Perfil 0,1,1,1.0,0,2,0.6,0.0,0.0,0.0,26,0.0,0.0,8.877,2,0.0,0.0,0.0,28.0,7,1,31,0,0,6.97
Sandro Tonali,Newcastle United,Big5,MF,2482,80000000.0,0,Perfil 0,1,1,1.0,0,2,1.7,0.0,0.0,0.0,28,0.0,0.0,36.984,8,0.0,0.0,0.0,26.0,4,0,34,3,0,7.04
Pablo Torre,Mallorca,Big5,MF,1455,,0,Perfil 0,1,1,0.99,3,4,1.7,0.0,0.0,0.0,8,0.0,0.0,21.06,10,0.0,0.0,0.0,23.0,4,0,33,3,0,6.79
Ferrán Torres,Barcelona,Big5,FW,1883,50000000.0,1,Atacantes,1,1,1.0,16,1,13.2,0.0,0.0,0.0,4,0.0,0.0,66.88,36,0.0,0.0,0.0,26.0,2,0,32,1,0,7.1
Pau Torres,Aston Villa,Big5,DF,1568,,0,Perfil 0,1,1,0.86,0,0,1.3,0.0,0.0,0.0,11,0.0,0.0,6.96,0,0.0,0.0,0.0,29.0,1,0,19,0,0,6.75
Lucas Torró,Osasuna,Big5,MF,2169,,0,Perfil 0,1,1,1.0,0,1,1.6,0.0,0.0,0.0,29,0.0,0.0,22.895,5,0.0,0.0,0.0,31.0,6,0,32,3,0,6.81
Jordan Torunarigha,Hamburger SV,Big5,DF,1874,,0,Perfil 0,1,1,1.0,0,0,0.4,0.0,0.0,0.0,28,0.0,0.0,4.992,1,0.0,0.0,0.0,28.0,2,0,23,0,0,6.81
Abdoulaye Touré,Le Havre,Big5,MF,740,,0,Perfil 0,0,0,0.09,2,0,1.5,0.0,0.0,0.0,10,0.0,0.0,12.956,4,0.0,0.0,0.0,32.0,2,0,11,3,0,6.86
Alpha Touré,Metz,Big5,MF,1522,,0,Perfil 0,1,1,0.92,0,1,1.1,0.0,0.0,0.0,10,0.0,0.0,16.054999999999996,1,0.0,0.0,0.0,20.0,5,0,29,3,0,6.51
Idrissa Touré,Pisa,Big5,MF,2258,,0,Perfil 0,1,1,1.0,1,0,2.8,0.0,0.0,0.0,25,0.0,0.0,29.116,8,0.0,0.0,0.0,28.0,4,1,31,3,0,6.68
Lucas Tousart,Brest,Big5,MF,761,,0,Perfil 0,0,0,0.16,1,0,0.6,0.0,0.0,0.0,9,0.0,0.0,8.075,3,0.0,0.0,0.0,29.0,0,0,23,3,0,6.41
James Trafford,Manchester City,Big5,GK,270,,0,Perfil 0,0,0,0.0,0,0,0.0,0.0,0.0,0.0,0,0.0,0.0,0.0,0,11.0,78.6,1.0,23.0,0,0,3,2,0,6.93
Mattéo Tramoni,Pisa,Big5,MF,1600,,0,Perfil 0,1,1,0.97,2,2,3.3,0.0,0.0,0.0,15,0.0,0.0,28.124000000000002,9,0.0,0.0,0.0,26.0,3,0,27,3,0,6.61
Adama Traoré,West Ham United,Big5,FW,121,,0,Perfil 0,0,0,0.0,0,0,0.7,0.0,0.0,0.0,0,0.0,0.0,1.937,0,0.0,0.0,0.0,30.0,1,0,9,1,0,6.74
Bertrand Traoré,Sunderland,Big5,MF,632,,0,Perfil 0,0,0,0.0,1,0,0.5,0.0,0.0,0.0,2,0.0,0.0,11.969999999999999,6,0.0,0.0,0.0,30.0,1,0,12,3,0,6.86
Boubacar Traoré,Metz,Big5,MF,1361,,0,Perfil 0,1,1,0.99,1,0,1.0,0.0,0.0,0.0,15,0.0,0.0,17.968999999999998,3,0.0,0.0,0.0,24.0,3,0,19,3,0,6.57
Hamari Traoré,Paris FC,Big5,DF,1143,,0,Perfil 0,1,1,0.96,0,1,0.2,0.0,0.0,0.0,18,0.0,0.0,3.937,0,0.0,0.0,0.0,34.0,4,0,17,0,0,6.86
Kevin Trapp,Paris FC,Big5,GK,1890,,2,Goleiros,1,1,1.0,0,0,0.0,0.0,0.0,0.0,1,0.0,0.0,0.0,0,55.0,71.8,7.0,35.0,2,0,21,2,0,6.98
Yael Trepy,Cagliari,Big5,FW,91,,0,Perfil 0,0,0,0.0,1,0,0.6,0.0,0.0,0.0,0,0.0,0.0,6.92,2,0.0,0.0,0.0,26.0,0,0,8,1,0,6.74
Kieran Trippier,Newcastle United,Big5,DF,1502,,0,Perfil 0,1,1,0.81,0,1,0.1,0.0,0.0,0.0,7,0.0,0.0,2.004,0,0.0,0.0,0.0,35.0,3,0,20,0,0,6.81
Mariano Troilo,Parma,Big5,DF,1445,,0,Perfil 0,1,1,0.97,1,0,0.7,0.0,0.0,0.0,14,0.0,0.0,9.016000000000002,2,0.0,0.0,0.0,22.0,8,2,19,0,0,6.83
Leandro Trossard,Arsenal,Big5,FW,1911,,1,Atacantes,1,1,1.0,6,6,5.5,0.0,0.0,0.0,9,0.0,0.0,50.879999999999995,15,0.0,0.0,0.0,31.0,2,0,30,1,0,7.12
Adrien Truffert,Bournemouth,Big5,DF,3199,,0,Perfil 0,1,1,1.0,1,3,1.4,0.0,0.0,0.0,42,0.0,0.0,15.975,6,0.0,0.0,0.0,24.0,4,0,36,0,0,7.18
Axel Tuanzebe,Burnley,Big5,DF,1021,,0,Perfil 0,0,0,0.02,1,0,0.6,0.0,0.0,0.0,10,0.0,0.0,2.0340000000000003,1,0.0,0.0,0.0,28.0,1,0,12,0,0,6.86
Kareem Tunde,Levante,Big5,MF,1087,,0,Perfil 0,1,1,0.96,0,1,1.2,0.0,0.0,0.0,14,0.0,0.0,18.029,2,0.0,0.0,0.0,20.0,3,0,19,3,0,6.55
Stefano Turati,Sassuolo,Big5,GK,360,,0,Perfil 0,0,0,0.0,0,0,0.0,0.0,0.0,0.0,0,0.0,0.0,0.0,0,10.0,76.9,2.0,24.0,0,0,4,2,0,6.93
Beñat Turrientes,Real Sociedad,Big5,MF,1164,,0,Perfil 0,1,1,0.89,0,3,0.8,0.0,0.0,0.0,7,0.0,0.0,18.963,6,0.0,0.0,0.0,24.0,5,0,24,3,0,6.72
Christantus Uche,Crystal Palace,Big5,FW,173,,0,Perfil 0,0,0,0.0,0,0,0.5,0.0,0.0,0.0,0,0.0,0.0,5.928,2,0.0,0.0,0.0,22.0,0,0,14,1,0,6.74
Christantus Uche,Getafe,Big5,FW,270,,0,Perfil 0,0,0,0.0,1,1,1.4,0.0,0.0,0.0,0,0.0,0.0,6.0,1,0.0,0.0,0.0,22.0,1,0,3,1,0,6.74
Destiny Udogie,Tottenham Hotspur,Big5,DF,1182,,0,Perfil 0,1,1,0.81,0,1,0.2,0.0,0.0,0.0,7,0.0,0.0,3.013,1,0.0,0.0,0.0,23.0,3,0,18,0,0,6.69
Matthieu Udol,Lens,Big5,MF,2957,,1,Atacantes,1,1,0.99,1,7,4.5,0.0,0.0,0.0,50,0.0,0.0,46.059999999999995,17,0.0,0.0,0.0,30.0,2,0,33,3,0,7.28
Lesley Ugochukwu,Burnley,Big5,MF,2192,,0,Perfil 0,1,1,0.97,3,1,2.5,0.0,0.0,0.0,16,0.0,0.0,21.96,8,0.0,0.0,0.0,22.0,3,1,33,3,0,6.51
Enes Ünal,Bournemouth,Big5,FW,212,,0,Perfil 0,0,0,0.03,1,0,2.0,0.0,0.0,0.0,0,0.0,0.0,14.256,2,0.0,0.0,0.0,29.0,1,0,21,1,0,6.74
Can Uzun,Eintracht Frankfurt,Big5,MF,1097,45000000.0,1,Atacantes,1,1,0.94,8,4,3.9,0.0,0.0,0.0,3,0.0,0.0,40.016,18,0.0,0.0,0.0,20.0,3,0,20,3,0,7.13
Lautaro Valenti,Parma,Big5,DF,2102,,0,Perfil 0,1,1,1.0,0,0,0.6,0.0,0.0,0.0,26,0.0,0.0,16.145999999999997,4,0.0,0.0,0.0,27.0,6,0,25,0,0,6.89
Óscar Valentín,Rayo Vallecano,Big5,MF,1899,,0,Perfil 0,1,1,0.99,1,0,1.0,0.0,0.0,0.0,25,0.0,0.0,13.082,4,0.0,0.0,0.0,31.0,3,1,30,3,0,6.81
Germán Valera,Elche,Big5,MF,2678,,1,Atacantes,1,1,1.0,4,5,2.6,0.0,0.0,0.0,21,0.0,0.0,25.032,8,0.0,0.0,0.0,24.0,3,1,34,3,0,7.12
Emanuele Valeri,Parma,Big5,MF,2548,,0,Perfil 0,1,1,0.98,0,2,0.7,0.0,0.0,0.0,20,0.0,0.0,20.942,5,0.0,0.0,0.0,27.0,2,0,32,3,0,6.78
Martin Valjent,Mallorca,Big5,DF,3150,,0,Perfil 0,1,1,1.0,0,0,0.8,0.0,0.0,0.0,22,0.0,0.0,16.1,8,0.0,0.0,0.0,30.0,6,0,35,0,0,6.71
Álex Valle,Como,Big5,DF,2026,,0,Perfil 0,1,1,1.0,1,4,1.0,0.0,0.0,0.0,24,0.0,0.0,11.025,2,0.0,0.0,0.0,22.0,3,0,28,0,0,6.97
Álvaro Vallés,Real Betis,Big5,GK,2430,,2,Goleiros,1,1,1.0,0,0,0.0,0.0,0.0,0.0,1,0.0,0.0,0.0,0,81.0,73.4,8.0,28.0,1,0,27,2,0,7.02
Federico Valverde,Real Madrid,Big5,MF,2650,90000000.0,1,Atacantes,1,1,1.0,5,8,2.9,0.0,0.0,0.0,23,0.0,0.0,49.98,21,0.0,0.0,0.0,27.0,3,1,32,3,0,7.6
Ignace Van Der Brempt,Como,Big5,DF,846,,0,Perfil 0,0,0,0.08,0,1,0.2,0.0,0.0,0.0,8,0.0,0.0,1.974,0,0.0,0.0,0.0,24.0,2,0,18,0,0,6.86
Virgil van Dijk,Liverpool,Big5,DF,3240,,1,Atacantes,1,1,1.0,4,0,3.8,0.0,0.0,0.0,21,0.0,0.0,27.0,12,0.0,0.0,0.0,34.0,4,0,36,0,0,7.26
Vladyslav Vanat,Girona,Big5,FW,1942,,1,Atacantes,1,1,0.93,9,1,8.5,0.0,0.0,0.0,3,0.0,0.0,27.0,18,0.0,0.0,0.0,24.0,4,0,27,1,0,6.69
Jari Vandeputte,Cremonese,Big5,MF,1860,,0,Perfil 0,1,1,1.0,1,5,2.2,0.0,0.0,0.0,18,0.0,0.0,20.078999999999997,8,0.0,0.0,0.0,30.0,2,0,30,3,0,6.87
Vanderson,Monaco,Big5,DF,616,,0,Perfil 0,0,0,0.15,0,2,0.1,0.0,0.0,0.0,19,0.0,0.0,2.992,0,0.0,0.0,0.0,24.0,4,0,14,0,0,6.86
Maarten Vandevoordt,RB Leipzig,Big5,GK,1052,,0,Perfil 0,1,1,0.88,0,0,0.0,0.0,0.0,0.0,0,0.0,0.0,0.0,0,30.0,65.9,2.0,24.0,0,0,12,2,0,6.93
Charles Vanhoutte,Nice,Big5,MF,1727,,0,Perfil 0,1,1,0.97,0,2,0.2,0.0,0.0,0.0,21,0.0,0.0,4.032,1,0.0,0.0,0.0,27.0,7,0,25,3,0,6.85
Jamie Vardy,Cremonese,Big5,FW,1928,,1,Atacantes,1,1,0.91,6,2,4.9,0.0,0.0,0.0,3,0.0,0.0,28.89,13,0.0,0.0,0.0,39.0,4,0,27,1,0,6.56
Ruben Vargas,Sevilla,Big5,MF,1514,,1,Atacantes,1,1,0.95,3,6,3.2,0.0,0.0,0.0,7,0.0,0.0,36.96000000000001,8,0.0,0.0,0.0,27.0,2,0,22,3,0,7.0
Johan Vásquez,Genoa,Big5,DF,3125,,0,Perfil 0,1,1,1.0,0,0,1.3,0.0,0.0,0.0,46,0.0,0.0,22.902000000000005,5,0.0,0.0,0.0,27.0,2,0,35,0,0,6.88
Robinio Vaz,Marseille,Big5,FW,379,,0,Perfil 0,0,0,0.02,4,2,2.3,0.0,0.0,0.0,3,0.0,0.0,7.9799999999999995,6,0.0,0.0,0.0,19.0,2,0,14,1,0,6.74
Robinio Vaz,Roma,Big5,FW,209,,0,Perfil 0,0,0,0.0,1,0,0.5,0.0,0.0,0.0,2,0.0,0.0,4.944999999999999,2,0.0,0.0,0.0,19.0,0,0,11,1,0,6.74
Franco Vázquez,Cremonese,Big5,FW,524,,0,Perfil 0,0,0,0.03,1,1,1.4,0.0,0.0,0.0,4,0.0,0.0,11.948,4,0.0,0.0,0.0,37.0,1,0,15,1,0,6.74
Luis Vázquez,Getafe,Big5,FW,1084,,0,Perfil 0,1,1,0.65,3,0,2.0,0.0,0.0,0.0,4,0.0,0.0,22.919999999999998,9,0.0,0.0,0.0,25.0,2,0,15,1,0,6.74
Matías Vecino,Lazio,Big5,MF,603,,0,Perfil 0,0,0,0.01,0,1,0.3,0.0,0.0,0.0,7,0.0,0.0,6.968000000000001,1,0.0,0.0,0.0,34.0,1,0,13,3,0,6.86
Danilo Veiga,Lecce,Big5,DF,2846,,0,Perfil 0,1,1,0.99,0,1,0.2,0.0,0.0,0.0,30,0.0,0.0,6.0040000000000004,2,0.0,0.0,0.0,23.0,8,0,34,0,0,6.8
Renato Veiga,Villarreal,Big5,DF,2481,,0,Perfil 0,1,1,0.99,0,0,0.3,0.0,0.0,0.0,26,0.0,0.0,9.108,3,0.0,0.0,0.0,22.0,5,1,32,0,0,6.67
Micky van de Ven,Tottenham Hotspur,Big5,DF,2861,50000000.0,0,Perfil 0,1,1,1.0,4,1,2.5,0.0,0.0,0.0,20,0.0,0.0,14.946,6,0.0,0.0,0.0,25.0,8,1,33,0,0,6.69
Lorenzo Venturino,Roma,Big5,MF,207,,0,Perfil 0,0,0,0.0,0,0,0.2,0.0,0.0,0.0,0,0.0,0.0,4.002,0,0.0,0.0,0.0,19.0,0,0,10,3,0,6.86
Calvin Verdonk,Lille,Big5,DF,745,,0,Perfil 0,0,0,0.23,0,0,0.1,0.0,0.0,0.0,15,0.0,0.0,2.988,1,0.0,0.0,0.0,29.0,3,1,17,0,0,6.86
Antonio Vergara,Napoli,Big5,MF,601,,0,Perfil 0,0,0,0.01,1,2,0.8,0.0,0.0,0.0,4,0.0,0.0,10.05,3,0.0,0.0,0.0,23.0,2,0,11,3,0,6.86
Arthur Vermeeren,Marseille,Big5,MF,809,,0,Perfil 0,0,0,0.19,0,1,0.2,0.0,0.0,0.0,11,0.0,0.0,2.97,1,0.0,0.0,0.0,21.0,1,1,19,3,0,6.59
Jozhua Vertrouwd,Rayo Vallecano,Big5,DF,446,,0,Perfil 0,0,0,0.0,0,0,0.0,0.0,0.0,0.0,4,0.0,0.0,1.0,0,0.0,0.0,0.0,21.0,0,0,9,0,0,6.86
Mikel Vesga,Athletic Club,Big5,MF,459,,0,Perfil 0,0,0,0.1,0,0,0.1,0.0,0.0,0.0,9,0.0,0.0,3.0089999999999995,0,0.0,0.0,0.0,32.0,0,0,22,3,0,6.86
Guglielmo Vicario,Tottenham Hotspur,Big5,GK,2790,,2,Goleiros,1,1,1.0,0,0,0.0,0.0,0.0,0.0,0,0.0,0.0,0.0,0,83.0,63.4,7.0,29.0,1,0,31,2,0,6.68
Carlos Vicente,Alavés,Big5,MF,1258,,0,Perfil 0,1,1,0.85,5,0,3.6,0.0,0.0,0.0,7,0.0,0.0,12.04,6,0.0,0.0,0.0,27.0,1,0,21,3,0,7.0
Fabio Vieira,Hamburger SV,Big5,MF,2130,,1,Atacantes,1,1,1.0,6,5,4.6,0.0,0.0,0.0,15,0.0,0.0,56.169000000000004,17,0.0,0.0,0.0,25.0,4,2,28,3,0,7.23
Julián Vignolo,Toulouse,Big5,MF,195,,0,Perfil 0,0,0,0.0,2,0,1.4,0.0,0.0,0.0,0,0.0,0.0,8.118,7,0.0,0.0,0.0,19.0,0,0,13,3,0,6.86
Gonzalo Villar,Elche,Big5,MF,554,,0,Perfil 0,0,0,0.0,1,0,0.2,0.0,0.0,0.0,2,0.0,0.0,4.03,1,0.0,0.0,0.0,28.0,3,0,10,3,0,6.86
Jan Virgili,Mallorca,Big5,MF,1732,,1,Atacantes,1,1,0.99,2,4,2.3,0.0,0.0,0.0,7,0.0,0.0,31.871999999999996,16,0.0,0.0,0.0,19.0,0,1,29,3,0,6.59
Mattia Viti,Fiorentina,Big5,MF,265,,0,Perfil 0,0,0,0.0,0,0,0.0,0.0,0.0,0.0,3,0.0,0.0,0.0,0,0.0,0.0,0.0,24.0,3,1,10,3,0,6.86
Martin Vitík,Bologna,Big5,DF,1325,,0,Perfil 0,1,1,0.84,0,0,0.4,0.0,0.0,0.0,8,0.0,0.0,7.938,2,0.0,0.0,0.0,23.0,3,0,19,0,0,6.88
Vitinha,Paris Saint-Germain,Big5,MF,2052,140000000.0,1,Atacantes,1,1,1.0,1,7,1.1,0.0,0.0,0.0,25,0.0,0.0,31.919999999999998,10,0.0,0.0,0.0,26.0,2,0,28,3,0,7.55
Vitinha,Genoa,Big5,FW,2136,140000000.0,1,Atacantes,1,1,1.0,5,1,6.2,0.0,0.0,0.0,14,0.0,0.0,62.80499999999999,20,0.0,0.0,0.0,26.0,4,0,34,1,0,6.71
Daniel Vivian,Athletic Club,Big5,DF,2474,,0,Perfil 0,1,1,1.0,1,0,1.2,0.0,0.0,0.0,33,0.0,0.0,17.05,6,0.0,0.0,0.0,26.0,8,1,30,0,0,6.58
Odysseas Vlachodimos,Sevilla,Big5,GK,2880,,2,Goleiros,1,1,1.0,0,0,0.0,0.0,0.0,0.0,1,0.0,0.0,0.0,0,87.0,66.7,5.0,32.0,1,0,32,2,0,6.79
Dušan Vlahović,Juventus,Big5,FW,817,,1,Atacantes,0,0,0.35,5,1,7.1,0.0,0.0,0.0,2,0.0,0.0,40.131,15,0.0,0.0,0.0,26.0,0,0,17,1,0,6.74
Nikola Vlašić,Torino,Big5,MF,2863,,1,Atacantes,1,1,1.0,8,3,7.0,0.0,0.0,0.0,20,0.0,0.0,46.11,17,0.0,0.0,0.0,28.0,7,0,35,3,0,7.18
Mërgim Vojvoda,Como,Big5,MF,1583,,0,Perfil 0,1,1,1.0,2,2,1.4,0.0,0.0,0.0,14,0.0,0.0,17.952,7,0.0,0.0,0.0,31.0,2,0,29,3,0,6.73
Cristian Volpato,Sassuolo,Big5,FW,1037,,0,Perfil 0,1,1,0.8,2,4,1.7,0.0,0.0,0.0,5,0.0,0.0,20.01,7,0.0,0.0,0.0,22.0,4,0,22,1,0,6.78
Alexis Vossah,Toulouse,Big5,MF,1092,,0,Perfil 0,1,1,0.89,1,1,0.6,0.0,0.0,0.0,7,0.0,0.0,8.953999999999999,2,0.0,0.0,0.0,18.0,5,1,23,3,0,6.45
Aster Vranckx,Sassuolo,Big5,MF,690,,0,Perfil 0,0,0,0.0,0,0,0.1,0.0,0.0,0.0,0,0.0,0.0,3.003,1,0.0,0.0,0.0,23.0,2,0,16,3,0,6.86
İsak Vural,Pisa,Big5,MF,642,,0,Perfil 0,0,0,0.03,0,0,0.8,0.0,0.0,0.0,2,0.0,0.0,4.97,1,0.0,0.0,0.0,19.0,4,0,13,3,0,6.86
Luka Vušković,Hamburger SV,Big5,DF,2352,60000000.0,1,Atacantes,1,1,0.98,6,0,4.2,0.0,0.0,0.0,36,0.0,0.0,31.059,10,0.0,0.0,0.0,19.0,6,0,27,0,0,7.39
Elye Wahi,Nice,Big5,FW,832,,0,Perfil 0,0,0,0.19,5,1,3.6,0.0,0.0,0.0,2,0.0,0.0,22.908,15,0.0,0.0,0.0,23.0,4,0,13,1,0,6.74
Elye Wahi,Eintracht Frankfurt,Big5,FW,324,,0,Perfil 0,0,0,0.0,0,1,0.8,0.0,0.0,0.0,0,0.0,0.0,6.984,3,0.0,0.0,0.0,23.0,1,0,10,1,0,6.74
Kyle Walker,Burnley,Big5,DF,2916,,0,Perfil 0,1,1,1.0,0,2,0.2,0.0,0.0,0.0,41,0.0,0.0,3.888,0,0.0,0.0,0.0,35.0,9,0,34,0,0,6.67
Kyle Walker-Peters,West Ham United,Big5,DF,1293,,0,Perfil 0,1,1,0.85,1,0,1.1,0.0,0.0,0.0,9,0.0,0.0,5.04,3,0.0,0.0,0.0,29.0,2,0,22,0,0,6.7
Sebastian Walukiewicz,Sassuolo,Big5,DF,2852,,0,Perfil 0,1,1,1.0,0,1,0.2,0.0,0.0,0.0,23,0.0,0.0,6.974,0,0.0,0.0,0.0,26.0,7,0,34,0,0,6.8
Aaron Wan-Bissaka,West Ham United,Big5,DF,2019,,0,Perfil 0,1,1,0.98,0,2,0.0,0.0,0.0,0.0,40,0.0,0.0,0.0,0,0.0,0.0,0.0,28.0,4,0,24,0,0,6.8
James Ward-Prowse,Burnley,Big5,MF,655,,0,Perfil 0,0,0,0.06,0,1,0.2,0.0,0.0,0.0,15,0.0,0.0,2.993,2,0.0,0.0,0.0,31.0,1,0,11,3,0,6.86
Ollie Watkins,Aston Villa,Big5,FW,2659,,1,Atacantes,1,1,1.0,12,2,15.1,0.0,0.0,0.0,5,0.0,0.0,72.86500000000001,31,0.0,0.0,0.0,30.0,3,0,35,1,0,6.97
Timothy Weah,Marseille,Big5,MF,2166,,0,Perfil 0,1,1,1.0,2,2,1.7,0.0,0.0,0.0,14,0.0,0.0,26.992000000000004,10,0.0,0.0,0.0,26.0,5,0,28,3,0,6.97
Wesley,Roma,Big5,MF,2379,40000000.0,0,Perfil 0,1,1,1.0,5,0,1.6,0.0,0.0,0.0,23,0.0,0.0,24.024,12,0.0,0.0,0.0,22.0,7,1,29,3,0,7.16
Adam Wharton,Crystal Palace,Big5,MF,2446,70000000.0,0,Perfil 0,1,1,1.0,0,5,1.5,0.0,0.0,0.0,24,0.0,0.0,28.016,4,0.0,0.0,0.0,22.0,6,1,32,3,0,7.01
Ben White,Arsenal,Big5,DF,702,,0,Perfil 0,0,0,0.03,0,1,0.5,0.0,0.0,0.0,9,0.0,0.0,4.992,1,0.0,0.0,0.0,28.0,0,0,12,0,0,6.86
Iñaki Williams,Athletic Club,Big5,MF,1982,,1,Atacantes,1,1,0.96,2,4,6.4,0.0,0.0,0.0,5,0.0,0.0,49.94,17,0.0,0.0,0.0,31.0,2,0,28,3,0,6.65
Neco Williams,Nottingham Forest,Big5,DF,3024,,1,Atacantes,1,1,1.0,2,3,2.0,0.0,0.0,0.0,42,0.0,0.0,43.008,18,0.0,0.0,0.0,25.0,6,1,35,0,0,7.08
Nico Williams,Athletic Club,Big5,MF,1674,40000000.0,1,Atacantes,1,1,0.99,6,3,5.4,0.0,0.0,0.0,7,0.0,0.0,45.94200000000001,16,0.0,0.0,0.0,23.0,2,0,25,3,0,7.02
Callum Wilson,West Ham United,Big5,FW,1116,,1,Atacantes,1,1,0.88,6,1,7.7,0.0,0.0,0.0,3,0.0,0.0,33.976000000000006,13,0.0,0.0,0.0,34.0,1,0,30,1,0,6.4
Harry Wilson,Fulham,Big5,MF,2642,,1,Atacantes,1,1,1.0,10,6,5.8,0.0,0.0,0.0,16,0.0,0.0,74.088,24,0.0,0.0,0.0,29.0,7,0,34,3,0,7.13
Florian Wirtz,Liverpool,Big5,MF,2335,100000000.0,1,Atacantes,1,1,1.0,5,3,7.0,0.0,0.0,0.0,11,0.0,0.0,47.915,17,0.0,0.0,0.0,23.0,1,0,31,3,0,7.16
Yoane Wissa,Newcastle United,Big5,FW,500,,0,Perfil 0,0,0,0.0,1,0,3.1,0.0,0.0,0.0,0,0.0,0.0,13.104,5,0.0,0.0,0.0,29.0,2,0,17,1,0,6.74
Axel Witsel,Girona,Big5,MF,2358,,0,Perfil 0,1,1,1.0,1,2,2.4,0.0,0.0,0.0,28,0.0,0.0,19.912,5,0.0,0.0,0.0,37.0,2,1,29,3,0,6.96
Nick Woltemade,Newcastle United,Big5,FW,1752,55000000.0,1,Atacantes,1,1,0.94,7,3,6.6,0.0,0.0,0.0,4,0.0,0.0,31.005000000000003,12,0.0,0.0,0.0,24.0,0,0,31,1,0,6.66
Chris Wood,Nottingham Forest,Big5,FW,771,,0,Perfil 0,0,0,0.02,3,0,4.2,0.0,0.0,0.0,1,0.0,0.0,20.038,8,0.0,0.0,0.0,34.0,0,0,13,1,0,6.74
Freddie Woodman,Liverpool,Big5,GK,213,,0,Perfil 0,0,0,0.0,0,0,0.0,0.0,0.0,0.0,0,0.0,0.0,0.0,0,9.0,69.2,0.0,29.0,0,0,3,2,0,6.93
Joe Worrall,Burnley,Big5,DF,500,,0,Perfil 0,0,0,0.0,0,0,0.1,0.0,0.0,0.0,6,0.0,0.0,1.008,0,0.0,0.0,0.0,29.0,0,0,11,0,0,6.86
Granit Xhaka,Sunderland,Big5,MF,2724,,0,Perfil 0,1,1,1.0,1,6,1.0,0.0,0.0,0.0,29,0.0,0.0,20.907,5,0.0,0.0,0.0,33.0,7,0,32,3,0,7.24
Lamine Yamal,Barcelona,Big5,MF,2262,200000000.0,1,Atacantes,1,1,1.0,16,11,12.8,0.0,0.0,0.0,8,0.0,0.0,116.96600000000001,37,0.0,0.0,0.0,18.0,1,0,28,3,0,8.33
Roman Yaremchuk,Lyon,Big5,FW,516,,0,Perfil 0,0,0,0.01,4,1,2.2,0.0,0.0,0.0,0,0.0,0.0,14.934000000000001,6,0.0,0.0,0.0,30.0,1,0,10,1,0,6.74
Yehor Yarmoliuk,Brentford,Big5,MF,2571,,0,Perfil 0,1,1,1.0,1,2,1.2,0.0,0.0,0.0,28,0.0,0.0,16.016000000000002,4,0.0,0.0,0.0,22.0,7,0,36,3,0,6.78
Gessime Yassine,Strasbourg,Big5,MF,510,,0,Perfil 0,0,0,0.0,0,1,0.8,0.0,0.0,0.0,1,0.0,0.0,8.036999999999999,1,0.0,0.0,0.0,20.0,0,0,12,3,0,6.86
Ryan Yates,Nottingham Forest,Big5,MF,591,,0,Perfil 0,0,0,0.15,0,2,0.5,0.0,0.0,0.0,9,0.0,0.0,8.052,1,0.0,0.0,0.0,28.0,3,0,21,3,0,6.86
Terry Yegbe,Metz,Big5,DF,1873,,0,Perfil 0,1,1,1.0,0,1,1.1,0.0,0.0,0.0,21,0.0,0.0,6.032,2,0.0,0.0,0.0,25.0,3,0,23,0,0,6.21
Darlin Yongwa,Lorient,Big5,DF,1312,,0,Perfil 0,1,1,0.97,0,1,0.5,0.0,0.0,0.0,11,0.0,0.0,10.074,2,0.0,0.0,0.0,25.0,4,1,23,0,0,6.68
Etienne Youte Kinkoue,Le Havre,Big5,DF,329,,0,Perfil 0,0,0,0.0,0,0,0.0,0.0,0.0,0.0,0,0.0,0.0,0.0,0,0.0,0.0,0.0,24.0,2,0,8,0,0,6.86
Mattia Zaccagni,Lazio,Big5,FW,2104,,1,Atacantes,1,1,0.99,3,0,4.1,0.0,0.0,0.0,20,0.0,0.0,33.93,14,0.0,0.0,0.0,30.0,6,1,26,1,0,7.0
Stephan Zagadou,Le Havre,Big5,DF,495,,0,Perfil 0,0,0,0.0,1,0,0.1,0.0,0.0,0.0,1,0.0,0.0,0.99,1,0.0,0.0,0.0,17.0,0,1,8,0,0,6.86
Warren Zaïre-Emery,Paris Saint-Germain,Big5,DF,2390,80000000.0,0,Perfil 0,1,1,0.97,3,4,1.2,0.0,0.0,0.0,11,0.0,0.0,19.152,7,0.0,0.0,0.0,20.0,3,0,31,0,0,7.39
Denis Zakaria,Monaco,Big5,DF,1941,,0,Perfil 0,1,1,1.0,2,1,1.7,0.0,0.0,0.0,40,0.0,0.0,17.064000000000004,3,0.0,0.0,0.0,29.0,4,1,23,0,0,7.03
Arsen Zakharyan,Real Sociedad,Big5,MF,402,,0,Perfil 0,0,0,0.01,0,0,1.0,0.0,0.0,0.0,0,0.0,0.0,14.084999999999999,3,0.0,0.0,0.0,22.0,1,0,16,3,0,6.86
Nicola Zalewski,Atalanta,Big5,MF,1835,,1,Atacantes,1,1,1.0,2,4,2.9,0.0,0.0,0.0,12,0.0,0.0,36.924,7,0.0,0.0,0.0,24.0,3,0,32,3,0,7.01
Nicolò Zaniolo,Udinese,Big5,FW,2257,,1,Atacantes,1,1,1.0,5,6,5.5,0.0,0.0,0.0,4,0.0,0.0,72.037,22,0.0,0.0,0.0,26.0,8,0,32,1,0,6.87
Alessandro Zanoli,Udinese,Big5,MF,1280,,0,Perfil 0,1,1,0.79,1,2,0.1,0.0,0.0,0.0,7,0.0,0.0,2.9819999999999998,1,0.0,0.0,0.0,25.0,1,0,19,3,0,6.94
Duván Zapata,Torino,Big5,FW,990,,0,Perfil 0,0,0,0.28,3,1,3.9,0.0,0.0,0.0,1,0.0,0.0,33.0,15,0.0,0.0,0.0,35.0,0,0,26,1,0,6.43
Gabriele Zappa,Cagliari,Big5,DF,1417,,0,Perfil 0,1,1,0.99,0,3,0.9,0.0,0.0,0.0,17,0.0,0.0,8.948999999999998,0,0.0,0.0,0.0,26.0,2,0,29,0,0,6.62
Davide Zappacosta,Atalanta,Big5,MF,2437,,1,Atacantes,1,1,1.0,3,3,2.3,0.0,0.0,0.0,17,0.0,0.0,34.959,8,0.0,0.0,0.0,33.0,3,0,33,3,0,6.98
Bryan Zaragoza,Roma,Big5,MF,135,,0,Perfil 0,0,0,0.01,0,1,0.1,0.0,0.0,0.0,0,0.0,0.0,1.0050000000000001,1,0.0,0.0,0.0,24.0,1,0,4,3,0,6.86
Oier Zarraga,Udinese,Big5,MF,464,,0,Perfil 0,0,0,0.07,0,0,0.3,0.0,0.0,0.0,7,0.0,0.0,4.056,1,0.0,0.0,0.0,27.0,2,0,23,3,0,6.86
Nils Zätterström,Genoa,Big5,DF,91,,0,Perfil 0,0,0,0.0,0,0,0.0,0.0,0.0,0.0,2,0.0,0.0,0.0,0,0.0,0.0,0.0,21.0,0,0,2,0,0,6.86
Jordan Zemura,Udinese,Big5,MF,1017,,0,Perfil 0,0,0,0.02,0,1,0.5,0.0,0.0,0.0,6,0.0,0.0,4.972,1,0.0,0.0,0.0,26.0,3,0,15,3,0,6.86
Alessio Zerbin,Cremonese,Big5,MF,1601,,0,Perfil 0,1,1,0.97,0,3,1.6,0.0,0.0,0.0,3,0.0,0.0,21.004,7,0.0,0.0,0.0,27.0,1,0,31,3,0,6.36
Michael Zetterer,Eintracht Frankfurt,Big5,GK,1886,,2,Goleiros,1,1,1.0,0,0,0.0,0.0,0.0,0.0,1,0.0,0.0,0.0,0,57.0,66.3,6.0,30.0,1,0,21,2,0,6.68
Edon Zhegrova,Juventus,Big5,MF,347,,0,Perfil 0,0,0,0.0,0,0,0.8,0.0,0.0,0.0,0,0.0,0.0,17.199,9,0.0,0.0,0.0,27.0,0,0,17,3,0,6.86
Oleksandr Zinchenko,Nottingham Forest,Big5,DF,353,,0,Perfil 0,0,0,0.0,0,0,0.1,0.0,0.0,0.0,2,0.0,0.0,3.9779999999999998,2,0.0,0.0,0.0,29.0,0,0,5,0,0,6.86
Melvin Zinga,Angers,Big5,GK,180,,0,Perfil 0,0,0,0.0,0,0,0.0,0.0,0.0,0.0,0,0.0,0.0,0.0,0,7.0,63.6,0.0,24.0,0,0,2,2,0,6.93
Luck Zogbé,Brest,Big5,DF,288,,0,Perfil 0,0,0,0.0,0,0,0.0,0.0,0.0,0.0,3,0.0,0.0,3.008,0,0.0,0.0,0.0,21.0,0,0,9,0,0,6.86
Nadir Zortea,Bologna,Big5,DF,1794,,0,Perfil 0,1,1,0.99,0,2,0.4,0.0,0.0,0.0,20,0.0,0.0,10.945,1,0.0,0.0,0.0,26.0,2,0,31,0,0,6.61
Yanis Zouaoui,Le Havre,Big5,DF,2338,,0,Perfil 0,1,1,1.0,1,1,1.4,0.0,0.0,0.0,27,0.0,0.0,16.12,5,0.0,0.0,0.0,28.0,7,0,30,0,0,6.82
Igor Zubeldia,Real Sociedad,Big5,DF,1898,,0,Perfil 0,1,1,0.99,0,1,0.3,0.0,0.0,0.0,22,0.0,0.0,5.908000000000001,1,0.0,0.0,0.0,29.0,8,0,22,0,0,6.78
Martín Zubimendi,Arsenal,Big5,MF,2901,75000000.0,1,Atacantes,1,1,1.0,5,1,2.9,0.0,0.0,0.0,39,0.0,0.0,27.048000000000002,9,0.0,0.0,0.0,27.0,4,0,36,3,0,7.2
Martin Ødegaard,Arsenal,Big5,MF,1280,65000000.0,0,Perfil 0,1,1,0.96,1,6,1.2,0.0,0.0,0.0,7,0.0,0.0,21.016,8,0.0,0.0,0.0,27.0,0,0,23,3,0,7.0
Nicolás Acevedo,Bahia,Brasileirao,DF,1119,,0,Perfil 0,1,1,0.95,0,0,1.2,0.0,0.0,0.0,23,0.0,0.0,15.996,5,0.0,0.0,0.0,27.0,4,0,13,0,1,7.32
Adson,Vasco da Gama,Brasileirao,MF,231,,0,Perfil 0,0,0,0.0,0,0,0.6,0.0,0.0,0.0,4,0.0,0.0,10.14,3,0.0,0.0,0.0,25.0,0,0,6,3,1,6.86
Braian Aguirre,Internacional,Brasileirao,DF,453,,0,Perfil 0,0,0,0.03,0,1,0.7,0.0,0.0,0.0,6,0.0,0.0,9.95,2,0.0,0.0,0.0,25.0,1,0,11,0,1,6.75
Yuri Alberto,Corinthians,Brasileirao,FW,941,,0,Perfil 0,0,0,0.0,1,0,3.8,0.0,0.0,0.0,0,0.0,0.0,22.05,11,0.0,0.0,0.0,25.0,1,0,11,1,1,6.82
José Aldo,Mirassol,Brasileirao,MF,877,,0,Perfil 0,0,0,0.15,0,1,0.5,0.0,0.0,0.0,10,0.0,0.0,11.931,3,0.0,0.0,0.0,27.0,7,0,12,3,1,7.0
Alerrandro,Internacional,Brasileirao,FW,535,,0,Perfil 0,0,0,0.02,2,2,4.8,0.0,0.0,0.0,4,0.0,0.0,18.880000000000003,6,0.0,0.0,0.0,26.0,0,0,14,1,1,6.63
Alesson,Mirassol,Brasileirao,MF,884,,0,Perfil 0,0,0,0.02,0,4,2.6,0.0,0.0,0.0,1,0.0,0.0,21.952000000000005,12,0.0,0.0,0.0,27.0,1,0,14,3,1,6.83
Caio Alexandre,Bahia,Brasileirao,MF,457,,0,Perfil 0,0,0,0.0,0,0,0.2,0.0,0.0,0.0,5,0.0,0.0,3.0089999999999995,0,0.0,0.0,0.0,27.0,1,0,10,3,1,6.68
Alisson,Fluminense,Brasileirao,MF,256,,0,Perfil 0,0,0,0.01,0,1,0.0,0.0,0.0,0.0,1,0.0,0.0,0.9799999999999999,1,0.0,0.0,0.0,32.0,3,0,8,3,1,6.86
Allan,Palmeiras,Brasileirao,MF,1091,,0,Perfil 0,1,1,0.91,3,1,2.0,0.0,0.0,0.0,10,0.0,0.0,24.926,10,0.0,0.0,0.0,22.0,3,0,15,3,1,7.23
Allan,Corinthians,Brasileirao,MF,496,,0,Perfil 0,0,0,0.02,0,0,0.7,0.0,0.0,0.0,11,0.0,0.0,5.005,1,0.0,0.0,0.0,29.0,3,1,10,3,1,6.56
Allex,Internacional,Brasileirao,MF,283,,0,Perfil 0,0,0,0.0,0,0,0.2,0.0,0.0,0.0,2,0.0,0.0,1.9840000000000002,1,0.0,0.0,0.0,20.0,1,0,5,3,1,6.86
Kayky Almeida,Remo,Brasileirao,DF,486,,0,Perfil 0,0,0,0.04,0,0,0.1,0.0,0.0,0.0,11,0.0,0.0,5.022,2,0.0,0.0,0.0,21.0,1,0,7,0,1,6.86
Francis Amuzu,Grêmio,Brasileirao,MF,890,,0,Perfil 0,0,0,0.03,1,2,1.3,0.0,0.0,0.0,0,0.0,0.0,25.047,8,0.0,0.0,0.0,26.0,0,0,13,3,1,6.75
Felipe Anderson,Palmeiras,Brasileirao,MF,238,,0,Perfil 0,0,0,0.0,0,0,0.3,0.0,0.0,0.0,3,0.0,0.0,4.914,1,0.0,0.0,0.0,33.0,1,0,10,3,1,6.79
Léo Andrade,Remo,Brasileirao,DF,295,,0,Perfil 0,0,0,0.0,0,0,0.0,0.0,0.0,0.0,5,0.0,0.0,0.0,0,0.0,0.0,0.0,28.0,1,0,4,0,1,6.86
André,Corinthians,Brasileirao,MF,656,,0,Perfil 0,0,0,0.0,1,0,1.2,0.0,0.0,0.0,5,0.0,0.0,11.023,2,0.0,0.0,0.0,19.0,1,2,11,3,1,6.49
Fabrizio Angileri,Corinthians,Brasileirao,DF,329,,0,Perfil 0,0,0,0.0,0,0,0.0,0.0,0.0,0.0,2,0.0,0.0,0.0,0,0.0,0.0,0.0,32.0,2,0,6,0,1,6.86
Anthoni,Internacional,Brasileirao,GK,360,,0,Perfil 0,0,0,0.0,0,0,0.0,0.0,0.0,0.0,0,0.0,0.0,0.0,0,14.0,73.7,1.0,24.0,0,0,4,2,1,6.93
Marcos Antônio,São Paulo,Brasileirao,MF,858,,0,Perfil 0,0,0,0.02,0,2,1.2,0.0,0.0,0.0,2,0.0,0.0,8.93,1,0.0,0.0,0.0,25.0,1,0,11,3,1,6.89
Guilherme Arana,Fluminense,Brasileirao,DF,654,,0,Perfil 0,0,0,0.05,1,0,0.7,0.0,0.0,0.0,3,0.0,0.0,11.023,4,0.0,0.0,0.0,29.0,2,0,10,0,1,7.1
Luiz Araújo,Flamengo,Brasileirao,MF,280,,0,Perfil 0,0,0,0.0,1,1,1.0,0.0,0.0,0.0,1,0.0,0.0,5.983,2,0.0,0.0,0.0,29.0,1,0,10,3,1,6.86
Michel Araujo,Bahia,Brasileirao,MF,223,,0,Perfil 0,0,0,0.0,0,0,0.1,0.0,0.0,0.0,0,0.0,0.0,3.025,1,0.0,0.0,0.0,29.0,2,1,11,3,1,6.3
Robert Arboleda,São Paulo,Brasileirao,DF,317,,0,Perfil 0,0,0,0.0,0,0,0.0,0.0,0.0,0.0,0,0.0,0.0,0.9800000000000001,0,0.0,0.0,0.0,34.0,0,0,6,0,1,6.86
Lucas Arcanjo,Vitória,Brasileirao,GK,990,,0,Perfil 0,0,0,0.19,0,0,0.0,0.0,0.0,0.0,0,0.0,0.0,0.0,0,37.0,75.0,4.0,27.0,1,0,11,2,1,7.28
Jhon Arias,Palmeiras,Brasileirao,MF,844,,0,Perfil 0,0,0,0.11,3,0,1.6,0.0,0.0,0.0,8,0.0,0.0,17.014000000000003,9,0.0,0.0,0.0,28.0,3,0,11,3,1,7.25
Keny Arroyo,Cruzeiro,Brasileirao,MF,749,,0,Perfil 0,0,0,0.14,1,2,1.1,0.0,0.0,0.0,7,0.0,0.0,22.908,9,0.0,0.0,0.0,20.0,4,1,13,3,1,6.86
Arthur,Palmeiras,Brasileirao,DF,570,,0,Perfil 0,0,0,0.03,0,0,0.4,0.0,0.0,0.0,9,0.0,0.0,3.969,1,0.0,0.0,0.0,20.0,0,0,10,0,1,6.98
Artur,São Paulo,Brasileirao,MF,629,,0,Perfil 0,0,0,0.03,1,1,2.9,0.0,0.0,0.0,4,0.0,0.0,15.049999999999999,6,0.0,0.0,0.0,28.0,0,0,7,3,1,7.0
Matheus Bahia,Internacional,Brasileirao,DF,454,,0,Perfil 0,0,0,0.0,0,0,0.3,0.0,0.0,0.0,4,0.0,0.0,3.95,2,0.0,0.0,0.0,26.0,1,0,7,0,1,6.99
Fabián Balbuena,Grêmio,Brasileirao,DF,585,,0,Perfil 0,0,0,0.02,0,0,0.0,0.0,0.0,0.0,11,0.0,0.0,0.975,0,0.0,0.0,0.0,34.0,0,0,7,0,1,6.86
Gabriel Baralhas,Vitória,Brasileirao,MF,983,,0,Perfil 0,0,0,0.18,2,3,1.7,0.0,0.0,0.0,20,0.0,0.0,14.933000000000002,3,0.0,0.0,0.0,27.0,4,0,11,3,1,7.1
Cauan Barros,Vasco da Gama,Brasileirao,MF,852,,0,Perfil 0,0,0,0.08,3,0,1.7,0.0,0.0,0.0,19,0.0,0.0,11.02,3,0.0,0.0,0.0,22.0,3,1,12,3,1,6.92
Gastón Benavídez,Athletico Paranaense,Brasileirao,MF,1080,,0,Perfil 0,1,1,0.76,0,4,0.6,0.0,0.0,0.0,11,0.0,0.0,3.0,2,0.0,0.0,0.0,30.0,3,0,12,3,1,7.2
Alexandro Bernabei,Internacional,Brasileirao,MF,1107,,0,Perfil 0,1,1,0.89,3,0,1.6,0.0,0.0,0.0,17,0.0,0.0,24.968999999999998,9,0.0,0.0,0.0,25.0,4,0,13,3,1,7.31
Facundo Bernal,Fluminense,Brasileirao,MF,377,,0,Perfil 0,0,0,0.01,0,0,0.3,0.0,0.0,0.0,0,0.0,0.0,7.014,1,0.0,0.0,0.0,22.0,1,0,7,3,1,6.72
Matheus Bidu,Corinthians,Brasileirao,DF,1021,,0,Perfil 0,0,0,0.22,2,1,0.6,0.0,0.0,0.0,13,0.0,0.0,8.927000000000001,3,0.0,0.0,0.0,27.0,5,0,12,0,1,7.32
Damián Bobadilla,São Paulo,Brasileirao,MF,969,,0,Perfil 0,0,0,0.09,0,2,0.8,0.0,0.0,0.0,15,0.0,0.0,11.016000000000002,4,0.0,0.0,0.0,24.0,2,0,13,3,1,6.99
Daniel Borges,Mirassol,Brasileirao,DF,97,,0,Perfil 0,0,0,0.0,0,0,0.1,0.0,0.0,0.0,0,0.0,0.0,3.058,0,0.0,0.0,0.0,33.0,0,0,2,0,1,6.86
Rafael Borré,Internacional,Brasileirao,FW,947,,0,Perfil 0,0,0,0.15,2,1,5.6,0.0,0.0,0.0,4,0.0,0.0,25.935000000000002,12,0.0,0.0,0.0,30.0,1,0,15,1,1,6.6
David Braga,Remo,Brasileirao,MF,175,,0,Perfil 0,0,0,0.0,0,0,0.0,0.0,0.0,0.0,1,0.0,0.0,0.0,0,0.0,0.0,0.0,24.0,1,0,4,3,1,6.86
Martin Braithwaite,Grêmio,Brasileirao,FW,156,,0,Perfil 0,0,0,0.0,0,0,0.3,0.0,0.0,0.0,0,0.0,0.0,1.9549999999999998,1,0.0,0.0,0.0,34.0,0,0,8,1,1,6.27
Brenner,Vasco da Gama,Brasileirao,MF,445,,0,Perfil 0,0,0,0.0,1,1,3.2,0.0,0.0,0.0,1,0.0,0.0,13.867,5,0.0,0.0,0.0,26.0,1,0,11,3,1,6.41
Bruninho,Athletico Paranaense,Brasileirao,MF,312,,0,Perfil 0,0,0,0.0,0,0,0.3,0.0,0.0,0.0,2,0.0,0.0,9.1,7,0.0,0.0,0.0,17.0,0,0,9,3,1,6.86
Fabrício Bruno,Cruzeiro,Brasileirao,DF,1252,,0,Perfil 0,1,1,0.82,0,0,0.4,0.0,0.0,0.0,7,0.0,0.0,12.927000000000001,3,0.0,0.0,0.0,30.0,4,0,14,0,1,6.93
Vitor Bueno,Remo,Brasileirao,MF,553,,0,Perfil 0,0,0,0.02,2,1,2.0,0.0,0.0,0.0,3,0.0,0.0,11.895,7,0.0,0.0,0.0,31.0,0,0,8,3,1,6.88
Cacá,Vitória,Brasileirao,DF,884,,0,Perfil 0,0,0,0.0,1,0,0.6,0.0,0.0,0.0,5,0.0,0.0,4.998,2,0.0,0.0,0.0,27.0,2,0,10,0,1,6.68
Jonathan Calleri,São Paulo,Brasileirao,FW,1173,,1,Atacantes,1,1,0.9,6,1,6.3,0.0,0.0,0.0,3,0.0,0.0,33.93,13,0.0,0.0,0.0,32.0,3,0,14,1,1,6.82
Camutanga,Vitória,Brasileirao,DF,599,,0,Perfil 0,0,0,0.0,0,0,0.3,0.0,0.0,0.0,6,0.0,0.0,3.015,1,0.0,0.0,0.0,32.0,0,0,8,0,1,6.86
Luan Cândido,Vitória,Brasileirao,DF,597,,0,Perfil 0,0,0,0.01,0,1,0.7,0.0,0.0,0.0,9,0.0,0.0,7.986,3,0.0,0.0,0.0,25.0,0,0,8,0,1,6.86
Agustín Canobbio,Fluminense,Brasileirao,MF,774,,0,Perfil 0,0,0,0.02,3,1,2.2,0.0,0.0,0.0,2,0.0,0.0,17.973999999999997,8,0.0,0.0,0.0,27.0,3,1,10,3,1,7.33
Aitor Cantalapiedra,Vitória,Brasileirao,MF,338,,0,Perfil 0,0,0,0.0,0,0,0.3,0.0,0.0,0.0,4,0.0,0.0,2.014,1,0.0,0.0,0.0,30.0,1,0,8,3,1,6.86
Johan Carbonero,Internacional,Brasileirao,MF,962,,0,Perfil 0,0,0,0.2,2,1,3.3,0.0,0.0,0.0,1,0.0,0.0,33.062999999999995,10,0.0,0.0,0.0,26.0,2,0,15,3,1,6.93
Edson Carioca,Mirassol,Brasileirao,MF,264,,0,Perfil 0,0,0,0.0,1,0,0.8,0.0,0.0,0.0,2,0.0,0.0,8.902999999999999,1,0.0,0.0,0.0,28.0,3,0,8,3,1,6.32
Jorge Carrascal,Flamengo,Brasileirao,MF,508,,0,Perfil 0,0,0,0.01,2,1,1.9,0.0,0.0,0.0,1,0.0,0.0,17.863999999999997,5,0.0,0.0,0.0,27.0,0,1,11,3,1,6.74
André Carrillo,Corinthians,Brasileirao,MF,607,,0,Perfil 0,0,0,0.0,0,1,0.1,0.0,0.0,0.0,3,0.0,0.0,2.948,0,0.0,0.0,0.0,34.0,2,0,11,3,1,6.74
Cássio,Cruzeiro,Brasileirao,GK,421,,0,Perfil 0,0,0,0.0,0,0,0.0,0.0,0.0,0.0,0,0.0,0.0,0.0,0,14.0,58.3,0.0,38.0,0,0,5,2,1,6.93
Rodrigo Castillo,Fluminense,Brasileirao,FW,479,,0,Perfil 0,0,0,0.01,3,1,1.8,0.0,0.0,0.0,1,0.0,0.0,15.952999999999998,7,0.0,0.0,0.0,27.0,1,0,11,1,1,6.67
Kaio César,Corinthians,Brasileirao,MF,118,,0,Perfil 0,0,0,0.0,0,1,0.5,0.0,0.0,0.0,0,0.0,0.0,1.989,1,0.0,0.0,0.0,22.0,1,0,3,3,1,6.86
Chiqueti,Athletico Paranaense,Brasileirao,MF,221,,0,Perfil 0,0,0,0.0,0,0,0.4,0.0,0.0,0.0,0,0.0,0.0,9.175,2,0.0,0.0,0.0,20.0,1,0,8,3,1,6.86
Christian,Cruzeiro,Brasileirao,MF,1045,,0,Perfil 0,1,1,0.86,5,1,2.1,0.0,0.0,0.0,13,0.0,0.0,19.023999999999997,8,0.0,0.0,0.0,25.0,1,0,14,3,1,7.09
Tiago Coser,Coritiba,Brasileirao,DF,642,,0,Perfil 0,0,0,0.04,1,0,0.3,0.0,0.0,0.0,8,0.0,0.0,1.988,1,0.0,0.0,0.0,22.0,1,1,12,0,1,6.4
Philippe Coutinho,Vasco da Gama,Brasileirao,MF,257,,0,Perfil 0,0,0,0.01,1,0,1.3,0.0,0.0,0.0,0,0.0,0.0,17.255,7,0.0,0.0,0.0,33.0,0,0,3,3,1,6.86
João Cruz,Athletico Paranaense,Brasileirao,MF,355,,0,Perfil 0,0,0,0.01,0,2,1.1,0.0,0.0,0.0,1,0.0,0.0,12.87,3,0.0,0.0,0.0,20.0,2,0,10,3,1,6.71
Carlos Cuesta,Vasco da Gama,Brasileirao,DF,540,,0,Perfil 0,0,0,0.01,0,1,0.2,0.0,0.0,0.0,5,0.0,0.0,3.0,0,0.0,0.0,0.0,27.0,1,0,6,0,1,6.86
Cuiabano,Vasco da Gama,Brasileirao,DF,642,,0,Perfil 0,0,0,0.2,2,3,1.5,0.0,0.0,0.0,16,0.0,0.0,14.91,7,0.0,0.0,0.0,23.0,2,0,9,0,1,7.49
Matheus Cunha,Cruzeiro,Brasileirao,GK,749,75000000.0,0,Perfil 0,0,0,0.07,0,1,0.0,0.0,0.0,0.0,0,0.0,0.0,0.0,0,13.0,59.1,4.0,24.0,1,0,9,2,1,6.54
Danielzinho,São Paulo,Brasileirao,MF,1023,,0,Perfil 0,0,0,0.19,1,1,0.7,0.0,0.0,0.0,17,0.0,0.0,7.9799999999999995,1,0.0,0.0,0.0,31.0,1,0,13,3,1,7.04
Danilo,Flamengo,Brasileirao,DF,116,,0,Perfil 0,0,0,0.0,0,0,0.0,0.0,0.0,0.0,1,0.0,0.0,0.0,0,0.0,0.0,0.0,34.0,0,0,3,0,1,6.86
David,Vasco da Gama,Brasileirao,FW,695,,0,Perfil 0,0,0,0.01,2,2,2.2,0.0,0.0,0.0,0,0.0,0.0,11.935,7,0.0,0.0,0.0,30.0,0,0,12,1,1,6.79
Giorgian De Arrascaeta,Flamengo,Brasileirao,MF,740,,0,Perfil 0,0,0,0.06,3,1,4.7,0.0,0.0,0.0,0,0.0,0.0,25.912,9,0.0,0.0,0.0,31.0,1,0,10,3,1,7.49
Nicolás De La Cruz,Flamengo,Brasileirao,MF,222,,0,Perfil 0,0,0,0.0,0,0,0.3,0.0,0.0,0.0,4,0.0,0.0,4.050000000000001,0,0.0,0.0,0.0,28.0,1,0,9,3,1,6.86
Denilson,Mirassol,Brasileirao,MF,303,,0,Perfil 0,0,0,0.0,0,0,0.2,0.0,0.0,0.0,5,0.0,0.0,1.02,0,0.0,0.0,0.0,25.0,0,0,7,3,1,6.74
Arthur Dias,Athletico Paranaense,Brasileirao,DF,1230,,0,Perfil 0,1,1,0.87,0,0,0.2,0.0,0.0,0.0,18,0.0,0.0,3.014,0,0.0,0.0,0.0,19.0,4,0,14,0,1,7.05
Enzo Díaz,São Paulo,Brasileirao,DF,747,,0,Perfil 0,0,0,0.03,0,1,0.3,0.0,0.0,0.0,6,0.0,0.0,7.968,1,0.0,0.0,0.0,30.0,5,0,11,0,1,6.86
Dieguinho,Corinthians,Brasileirao,MF,120,,0,Perfil 0,0,0,0.0,1,0,0.1,0.0,0.0,0.0,1,0.0,0.0,3.9000000000000004,1,0.0,0.0,0.0,18.0,0,0,6,3,1,6.86
Dodi,Grêmio,Brasileirao,MF,184,,0,Perfil 0,0,0,0.0,0,0,0.1,0.0,0.0,0.0,2,0.0,0.0,2.94,0,0.0,0.0,0.0,30.0,2,0,6,3,1,6.86
David Duarte,Bahia,Brasileirao,DF,720,,0,Perfil 0,0,0,0.03,1,0,0.9,0.0,0.0,0.0,9,0.0,0.0,6.0,2,0.0,0.0,0.0,31.0,1,0,8,0,1,7.1
Dudu,Vitória,Brasileirao,MF,168,,0,Perfil 0,0,0,0.0,1,0,0.3,0.0,0.0,0.0,0,0.0,0.0,1.026,1,0.0,0.0,0.0,26.0,0,0,3,3,1,6.86
Edenilson,Vitória,Brasileirao,DF,289,,0,Perfil 0,0,0,0.0,0,0,0.2,0.0,0.0,0.0,2,0.0,0.0,0.992,0,0.0,0.0,0.0,20.0,1,1,6,0,1,6.86
Carlos Eduardo,Mirassol,Brasileirao,MF,429,,0,Perfil 0,0,0,0.0,2,0,1.5,0.0,0.0,0.0,5,0.0,0.0,8.064,4,0.0,0.0,0.0,36.0,0,1,8,3,1,6.44
Carlos Eduardo,Mirassol,Brasileirao,MF,429,,0,Perfil 0,0,0,0.0,2,0,1.5,0.0,0.0,0.0,5,0.0,0.0,11.184,1,0.0,0.0,0.0,36.0,0,1,8,3,1,6.44
Carlos Eduardo,Mirassol,Brasileirao,MF,429,,0,Perfil 0,0,0,0.0,2,0,1.5,0.0,0.0,0.0,0,0.0,0.0,8.064,4,0.0,0.0,0.0,36.0,0,1,8,3,1,6.44
Carlos Eduardo,Mirassol,Brasileirao,MF,429,,0,Perfil 0,0,0,0.0,2,0,1.5,0.0,0.0,0.0,0,0.0,0.0,11.184,1,0.0,0.0,0.0,36.0,0,1,8,3,1,6.44
Carlos Eduardo,Mirassol,Brasileirao,MF,429,,0,Perfil 0,0,0,0.0,2,0,1.5,0.0,0.0,0.0,5,0.0,0.0,8.064,4,0.0,0.0,0.0,36.0,0,1,8,3,1,6.44
Carlos Eduardo,Mirassol,Brasileirao,MF,429,,0,Perfil 0,0,0,0.0,2,0,1.5,0.0,0.0,0.0,5,0.0,0.0,11.184,1,0.0,0.0,0.0,36.0,0,1,8,3,1,6.44
Carlos Eduardo,Mirassol,Brasileirao,MF,429,,0,Perfil 0,0,0,0.0,2,0,1.5,0.0,0.0,0.0,0,0.0,0.0,8.064,4,0.0,0.0,0.0,36.0,0,1,8,3,1,6.44
Carlos Eduardo,Mirassol,Brasileirao,MF,429,,0,Perfil 0,0,0,0.0,2,0,1.5,0.0,0.0,0.0,0,0.0,0.0,11.184,1,0.0,0.0,0.0,36.0,0,1,8,3,1,6.44
Carlos Eduardo,Mirassol,Brasileirao,MF,309,,0,Perfil 0,0,0,0.0,1,1,1.5,0.0,0.0,0.0,5,0.0,0.0,5.712,4,0.0,0.0,0.0,29.0,1,0,7,3,1,6.44
Carlos Eduardo,Mirassol,Brasileirao,MF,309,,0,Perfil 0,0,0,0.0,1,1,1.5,0.0,0.0,0.0,5,0.0,0.0,7.922,1,0.0,0.0,0.0,29.0,1,0,7,3,1,6.44
Carlos Eduardo,Mirassol,Brasileirao,MF,309,,0,Perfil 0,0,0,0.0,1,1,1.5,0.0,0.0,0.0,0,0.0,0.0,5.712,4,0.0,0.0,0.0,29.0,1,0,7,3,1,6.44
Carlos Eduardo,Mirassol,Brasileirao,MF,309,,0,Perfil 0,0,0,0.0,1,1,1.5,0.0,0.0,0.0,0,0.0,0.0,7.922,1,0.0,0.0,0.0,29.0,1,0,7,3,1,6.44
Carlos Eduardo,Mirassol,Brasileirao,MF,309,,0,Perfil 0,0,0,0.0,1,1,1.5,0.0,0.0,0.0,5,0.0,0.0,5.712,4,0.0,0.0,0.0,29.0,1,0,7,3,1,6.44
Carlos Eduardo,Mirassol,Brasileirao,MF,309,,0,Perfil 0,0,0,0.0,1,1,1.5,0.0,0.0,0.0,5,0.0,0.0,7.922,1,0.0,0.0,0.0,29.0,1,0,7,3,1,6.44
Carlos Eduardo,Mirassol,Brasileirao,MF,309,,0,Perfil 0,0,0,0.0,1,1,1.5,0.0,0.0,0.0,0,0.0,0.0,5.712,4,0.0,0.0,0.0,29.0,1,0,7,3,1,6.44
Carlos Eduardo,Mirassol,Brasileirao,MF,309,,0,Perfil 0,0,0,0.0,1,1,1.5,0.0,0.0,0.0,0,0.0,0.0,7.922,1,0.0,0.0,0.0,29.0,1,0,7,3,1,6.44
José Enamorado,Grêmio,Brasileirao,MF,699,,0,Perfil 0,0,0,0.0,0,2,0.9,0.0,0.0,0.0,4,0.0,0.0,12.09,3,0.0,0.0,0.0,27.0,1,0,14,3,1,6.51
Erick,Bahia,Brasileirao,MF,666,,0,Perfil 0,0,0,0.01,2,0,1.8,0.0,0.0,0.0,6,0.0,0.0,9.990000000000002,4,0.0,0.0,0.0,28.0,2,0,12,3,1,6.72
Erick,Vitória,Brasileirao,MF,932,,0,Perfil 0,0,0,0.08,2,3,1.4,0.0,0.0,0.0,2,0.0,0.0,15.08,7,0.0,0.0,0.0,28.0,1,0,13,3,1,7.04
Lucas Esquivel,Athletico Paranaense,Brasileirao,DF,984,,0,Perfil 0,0,0,0.18,1,3,0.4,0.0,0.0,0.0,9,0.0,0.0,12.971,3,0.0,0.0,0.0,24.0,1,1,12,0,1,7.24
Lucas Evangelista,Palmeiras,Brasileirao,MF,290,,0,Perfil 0,0,0,0.02,0,1,0.4,0.0,0.0,0.0,0,0.0,0.0,5.952000000000001,0,0.0,0.0,0.0,31.0,1,0,13,3,1,6.41
Fábio,Fluminense,Brasileirao,GK,1350,,2,Goleiros,1,1,0.98,0,0,0.0,0.0,0.0,0.0,0,0.0,0.0,0.0,0,49.0,73.1,3.0,45.0,1,0,15,2,1,6.82
Fabrício,Vitória,Brasileirao,FW,182,,0,Perfil 0,0,0,0.0,0,1,0.4,0.0,0.0,0.0,0,0.0,0.0,3.96,2,0.0,0.0,0.0,25.0,0,0,7,1,1,6.74
Fagner,Cruzeiro,Brasileirao,DF,566,,0,Perfil 0,0,0,0.0,0,1,0.0,0.0,0.0,0.0,3,0.0,0.0,0.0,0,0.0,0.0,0.0,36.0,1,0,9,0,1,6.76
Felipinho,Athletico Paranaense,Brasileirao,MF,124,,0,Perfil 0,0,0,0.0,0,0,0.3,0.0,0.0,0.0,3,0.0,0.0,1.022,0,0.0,0.0,0.0,24.0,0,0,4,3,1,6.86
Ferreira,São Paulo,Brasileirao,MF,345,,0,Perfil 0,0,0,0.03,4,0,1.6,0.0,0.0,0.0,0,0.0,0.0,12.882,7,0.0,0.0,0.0,28.0,2,0,10,3,1,7.03
Nathan Fogaça,Mirassol,Brasileirao,FW,332,,0,Perfil 0,0,0,0.01,2,0,3.4,0.0,0.0,0.0,0,0.0,0.0,17.057000000000002,9,0.0,0.0,0.0,26.0,2,0,9,1,1,6.34
Alan Franco,São Paulo,Brasileirao,DF,893,,0,Perfil 0,0,0,0.01,0,0,0.4,0.0,0.0,0.0,5,0.0,0.0,1.9800000000000002,0,0.0,0.0,0.0,29.0,3,0,11,0,1,6.83
Marlon Freitas,Palmeiras,Brasileirao,MF,1214,,0,Perfil 0,1,1,0.8,2,1,0.5,0.0,0.0,0.0,8,0.0,0.0,9.045,3,0.0,0.0,0.0,31.0,3,0,14,3,1,7.25
Bruno Fuchs,Palmeiras,Brasileirao,DF,417,,0,Perfil 0,0,0,0.0,0,0,0.0,0.0,0.0,0.0,6,0.0,0.0,0.0,0,0.0,0.0,0.0,27.0,0,0,6,0,1,6.86
Pedro Gabriel,Grêmio,Brasileirao,DF,524,,0,Perfil 0,0,0,0.02,0,0,0.1,0.0,0.0,0.0,4,0.0,0.0,4.9879999999999995,3,0.0,0.0,0.0,18.0,2,0,7,0,1,6.53
Victor Gabriel,Internacional,Brasileirao,DF,1062,,0,Perfil 0,1,1,0.83,0,0,0.3,0.0,0.0,0.0,16,0.0,0.0,4.0120000000000005,0,0.0,0.0,0.0,22.0,7,0,13,0,1,6.93
Antonio Galeano,Mirassol,Brasileirao,MF,286,,0,Perfil 0,0,0,0.0,0,0,0.5,0.0,0.0,0.0,1,0.0,0.0,8.064,4,0.0,0.0,0.0,26.0,1,0,10,3,1,6.09
Ganso,Fluminense,Brasileirao,MF,338,,0,Perfil 0,0,0,0.0,0,0,0.6,0.0,0.0,0.0,1,0.0,0.0,5.054,2,0.0,0.0,0.0,36.0,1,0,12,3,1,6.86
Rodrigo Garro,Corinthians,Brasileirao,MF,980,,0,Perfil 0,0,0,0.25,1,6,1.8,0.0,0.0,0.0,7,0.0,0.0,17.985,8,0.0,0.0,0.0,28.0,2,0,15,3,1,7.26
Gerson,Cruzeiro,Brasileirao,MF,1077,,0,Perfil 0,1,1,0.85,0,1,1.1,0.0,0.0,0.0,7,0.0,0.0,13.080000000000002,7,0.0,0.0,0.0,28.0,1,0,14,3,1,7.04
Agustín Giay,Palmeiras,Brasileirao,DF,842,,0,Perfil 0,0,0,0.1,0,0,0.2,0.0,0.0,0.0,6,0.0,0.0,1.974,1,0.0,0.0,0.0,22.0,2,0,13,0,1,7.08
Gilberto,Bahia,Brasileirao,DF,315,,0,Perfil 0,0,0,0.0,0,1,0.1,0.0,0.0,0.0,4,0.0,0.0,1.015,0,0.0,0.0,0.0,33.0,0,0,5,0,1,6.86
Gilberto,Athletico Paranaense,Brasileirao,MF,196,,0,Perfil 0,0,0,0.0,0,0,0.0,0.0,0.0,0.0,1,0.0,0.0,1.0120000000000002,0,0.0,0.0,0.0,21.0,0,0,3,3,1,6.86
Bruno Gomes,Internacional,Brasileirao,DF,1177,,0,Perfil 0,1,1,0.9,0,0,0.6,0.0,0.0,0.0,13,0.0,0.0,11.004,1,0.0,0.0,0.0,25.0,1,0,15,0,1,7.14
Andrés Gómez,Vasco da Gama,Brasileirao,MF,1144,,1,Atacantes,1,1,0.94,2,1,2.8,0.0,0.0,0.0,8,0.0,0.0,51.943,15,0.0,0.0,0.0,23.0,4,0,14,3,1,7.11
Gustavo Gómez,Palmeiras,Brasileirao,DF,1249,,0,Perfil 0,1,1,0.87,3,0,1.0,0.0,0.0,0.0,10,0.0,0.0,11.954,4,0.0,0.0,0.0,33.0,0,0,14,0,1,7.1
Román Gómez,Bahia,Brasileirao,DF,180,,0,Perfil 0,0,0,0.0,0,0,0.1,0.0,0.0,0.0,6,0.0,0.0,1.0,0,0.0,0.0,0.0,21.0,0,0,2,0,1,6.86
Sebastián Gómez,Coritiba,Brasileirao,MF,931,,0,Perfil 0,0,0,0.05,0,0,0.5,0.0,0.0,0.0,12,0.0,0.0,7.931000000000001,3,0.0,0.0,0.0,29.0,3,0,12,3,1,6.56
Guga,Fluminense,Brasileirao,DF,490,,0,Perfil 0,0,0,0.04,0,2,0.1,0.0,0.0,0.0,3,0.0,0.0,2.9700000000000006,0,0.0,0.0,0.0,27.0,1,0,9,0,1,7.13
Luiz Gustavo,Athletico Paranaense,Brasileirao,MF,994,,0,Perfil 0,0,0,0.14,2,0,2.3,0.0,0.0,0.0,8,0.0,0.0,15.95,7,0.0,0.0,0.0,38.0,3,0,13,3,1,6.99
Bruno Henrique,Flamengo,Brasileirao,FW,187,,0,Perfil 0,0,0,0.0,0,0,1.1,0.0,0.0,0.0,0,0.0,0.0,6.069000000000001,2,0.0,0.0,0.0,35.0,1,0,9,1,1,6.39
Bruno Henrique,Internacional,Brasileirao,MF,667,,0,Perfil 0,0,0,0.01,0,0,1.0,0.0,0.0,0.0,5,0.0,0.0,13.986,4,0.0,0.0,0.0,36.0,0,0,12,3,1,6.63
Gustavo Henrique,Corinthians,Brasileirao,DF,1080,,0,Perfil 0,1,1,0.73,0,0,0.9,0.0,0.0,0.0,13,0.0,0.0,9.0,4,0.0,0.0,0.0,33.0,3,0,12,0,1,6.84
Matheus Henrique,Cruzeiro,Brasileirao,MF,720,,0,Perfil 0,0,0,0.02,0,0,0.3,0.0,0.0,0.0,6,0.0,0.0,4.96,0,0.0,0.0,0.0,28.0,1,0,15,3,1,6.42
Paulo Henrique,Vasco da Gama,Brasileirao,DF,766,,0,Perfil 0,0,0,0.05,0,2,0.1,0.0,0.0,0.0,10,0.0,0.0,3.9949999999999997,1,0.0,0.0,0.0,29.0,3,0,11,0,1,7.02
Hércules,Fluminense,Brasileirao,MF,801,,0,Perfil 0,0,0,0.03,3,0,1.3,0.0,0.0,0.0,5,0.0,0.0,17.978,7,0.0,0.0,0.0,25.0,1,0,13,3,1,6.82
Diego Hernández,Remo,Brasileirao,MF,141,,0,Perfil 0,0,0,0.0,0,1,0.2,0.0,0.0,0.0,2,0.0,0.0,5.104,2,0.0,0.0,0.0,25.0,2,0,6,3,1,6.86
Marino Hinestroza,Vasco da Gama,Brasileirao,MF,210,,0,Perfil 0,0,0,0.0,0,0,0.2,0.0,0.0,0.0,1,0.0,0.0,4.922,0,0.0,0.0,0.0,23.0,0,0,7,3,1,6.86
Ignácio,Fluminense,Brasileirao,DF,451,,0,Perfil 0,0,0,0.0,0,1,0.3,0.0,0.0,0.0,5,0.0,0.0,6.0,0,0.0,0.0,0.0,29.0,1,0,6,0,1,6.86
Jacy,Coritiba,Brasileirao,DF,924,,0,Perfil 0,0,0,0.23,1,0,0.4,0.0,0.0,0.0,12,0.0,0.0,5.974,1,0.0,0.0,0.0,28.0,2,1,13,0,1,6.8
Jáderson,Remo,Brasileirao,MF,209,,0,Perfil 0,0,0,0.0,0,0,0.1,0.0,0.0,0.0,0,0.0,0.0,2.9669999999999996,0,0.0,0.0,0.0,25.0,0,0,10,3,1,6.86
Jadson,Athletico Paranaense,Brasileirao,MF,444,,0,Perfil 0,0,0,0.0,0,0,0.1,0.0,0.0,0.0,6,0.0,0.0,0.0,0,0.0,0.0,0.0,32.0,3,0,9,3,1,6.76
Léo Jardim,Vasco da Gama,Brasileirao,GK,1350,,0,Perfil 0,1,1,0.96,0,0,0.0,0.0,0.0,0.0,0,0.0,0.0,0.0,0,41.0,67.2,1.0,31.0,1,0,15,2,1,6.52
Jefté,Palmeiras,Brasileirao,DF,204,,0,Perfil 0,0,0,0.0,0,0,0.0,0.0,0.0,0.0,2,0.0,0.0,1.012,0,0.0,0.0,0.0,22.0,1,0,4,0,1,6.86
Jemmes,Fluminense,Brasileirao,DF,946,,0,Perfil 0,0,0,0.05,0,0,0.2,0.0,0.0,0.0,12,0.0,0.0,1.995,0,0.0,0.0,0.0,26.0,3,0,12,0,1,6.94
Felipe Jonatan,Coritiba,Brasileirao,DF,518,,0,Perfil 0,0,0,0.0,0,0,0.5,0.0,0.0,0.0,1,0.0,0.0,6.032,2,0.0,0.0,0.0,28.0,0,0,10,0,1,6.6
Kaio Jorge,Cruzeiro,Brasileirao,FW,732,,0,Perfil 0,0,0,0.0,3,0,5.0,0.0,0.0,0.0,2,0.0,0.0,21.87,6,0.0,0.0,0.0,24.0,0,0,10,1,1,6.86
Jorginho,Flamengo,Brasileirao,MF,798,,0,Perfil 0,0,0,0.08,2,0,1.8,0.0,0.0,0.0,11,0.0,0.0,4.984000000000001,2,0.0,0.0,0.0,34.0,3,1,10,3,1,7.17
Willian José,Bahia,Brasileirao,FW,671,,0,Perfil 0,0,0,0.0,3,1,5.4,0.0,0.0,0.0,1,0.0,0.0,16.125,7,0.0,0.0,0.0,34.0,0,0,13,1,1,6.81
Luciano Juba,Bahia,Brasileirao,DF,1260,,0,Perfil 0,1,1,0.91,7,1,3.3,0.0,0.0,0.0,17,0.0,0.0,20.02,12,0.0,0.0,0.0,26.0,2,0,14,0,1,7.55
Julimar,Athletico Paranaense,Brasileirao,MF,631,,0,Perfil 0,0,0,0.0,3,1,2.3,0.0,0.0,0.0,4,0.0,0.0,11.969999999999999,5,0.0,0.0,0.0,25.0,2,0,11,3,1,6.56
Kayke,Corinthians,Brasileirao,MF,233,,0,Perfil 0,0,0,0.0,0,0,0.1,0.0,0.0,0.0,0,0.0,0.0,2.0020000000000002,1,0.0,0.0,0.0,22.0,0,0,6,3,1,6.86
John Kennedy,Fluminense,Brasileirao,FW,881,,1,Atacantes,0,0,0.26,7,1,6.6,0.0,0.0,0.0,0,0.0,0.0,33.026,24,0.0,0.0,0.0,23.0,0,0,14,1,1,7.1
Khellven,Palmeiras,Brasileirao,DF,563,,0,Perfil 0,0,0,0.01,0,0,0.0,0.0,0.0,0.0,6,0.0,0.0,3.024,0,0.0,0.0,0.0,25.0,2,0,11,0,1,6.7
Joaquín Lavega,Coritiba,Brasileirao,MF,641,,0,Perfil 0,0,0,0.06,4,0,1.8,0.0,0.0,0.0,1,0.0,0.0,10.934,5,0.0,0.0,0.0,21.0,3,0,14,3,1,6.64
Jesse Lingard,Corinthians,Brasileirao,MF,317,,0,Perfil 0,0,0,0.0,0,0,0.3,0.0,0.0,0.0,1,0.0,0.0,3.9899999999999998,2,0.0,0.0,0.0,33.0,1,0,7,3,1,6.86
Samuel Lino,Flamengo,Brasileirao,MF,805,,0,Perfil 0,0,0,0.11,2,5,1.8,0.0,0.0,0.0,5,0.0,0.0,14.952,5,0.0,0.0,0.0,26.0,2,0,14,3,1,7.26
Renzo López,Vitória,Brasileirao,FW,127,,0,Perfil 0,0,0,0.0,0,0,0.1,0.0,0.0,0.0,0,0.0,0.0,0.9939999999999999,0,0.0,0.0,0.0,32.0,0,0,5,1,1,6.74
Ayrton Lucas,Flamengo,Brasileirao,DF,333,,0,Perfil 0,0,0,0.0,0,0,0.1,0.0,0.0,0.0,2,0.0,0.0,3.9960000000000004,2,0.0,0.0,0.0,28.0,0,0,7,0,1,6.86
Jean Lucas,Bahia,Brasileirao,MF,1121,,0,Perfil 0,1,1,0.74,2,2,1.5,0.0,0.0,0.0,12,0.0,0.0,18.125,5,0.0,0.0,0.0,27.0,2,0,14,3,1,6.92
João Lucas,Remo,Brasileirao,DF,482,,0,Perfil 0,0,0,0.0,0,0,0.4,0.0,0.0,0.0,7,0.0,0.0,3.0240000000000005,1,0.0,0.0,0.0,28.0,3,0,6,0,1,6.86
Luciano,São Paulo,Brasileirao,FW,944,,0,Perfil 0,0,0,0.13,5,1,4.8,0.0,0.0,0.0,2,0.0,0.0,26.985,10,0.0,0.0,0.0,32.0,2,0,13,1,1,7.14
André Luis,Mirassol,Brasileirao,FW,422,,0,Perfil 0,0,0,0.0,1,0,1.0,0.0,0.0,0.0,0,0.0,0.0,5.029000000000001,2,0.0,0.0,0.0,32.0,1,0,10,1,1,6.17
Victor Luis,Mirassol,Brasileirao,DF,326,,0,Perfil 0,0,0,0.0,0,0,0.1,0.0,0.0,0.0,4,0.0,0.0,2.988,0,0.0,0.0,0.0,32.0,2,0,6,0,1,6.86
Willian Machado,Mirassol,Brasileirao,DF,1080,,0,Perfil 0,1,1,0.74,0,1,0.4,0.0,0.0,0.0,15,0.0,0.0,6.959999999999999,3,0.0,0.0,0.0,29.0,2,0,12,0,1,7.26
Pablo Maia,São Paulo,Brasileirao,MF,335,,0,Perfil 0,0,0,0.0,0,0,0.2,0.0,0.0,0.0,7,0.0,0.0,4.958,0,0.0,0.0,0.0,24.0,1,0,8,3,1,6.86
Thiago Maia,Internacional,Brasileirao,MF,134,,0,Perfil 0,0,0,0.0,0,0,0.0,0.0,0.0,0.0,4,0.0,0.0,1.0050000000000001,1,0.0,0.0,0.0,29.0,0,0,9,3,1,6.86
Maicon,Coritiba,Brasileirao,DF,1019,,0,Perfil 0,0,0,0.04,0,0,0.1,0.0,0.0,0.0,6,0.0,0.0,1.0170000000000001,0,0.0,0.0,0.0,37.0,0,1,13,0,1,6.46
Maik,São Paulo,Brasileirao,DF,368,,0,Perfil 0,0,0,0.0,0,0,0.0,0.0,0.0,0.0,3,0.0,0.0,0.9839999999999999,0,0.0,0.0,0.0,21.0,0,0,5,0,1,6.86
Alef Manga,Remo,Brasileirao,MF,1077,,1,Atacantes,1,1,0.84,4,3,4.0,0.0,0.0,0.0,4,0.0,0.0,33.12,12,0.0,0.0,0.0,31.0,1,0,15,3,1,6.93
José Manuel López,Palmeiras,Brasileirao,FW,1124,,1,Atacantes,1,1,0.85,5,3,2.8,0.0,0.0,0.0,4,0.0,0.0,31.0,12,0.0,0.0,0.0,25.0,0,0,15,1,1,7.34
Marcelinho,Remo,Brasileirao,DF,935,,0,Perfil 0,0,0,0.13,1,0,0.7,0.0,0.0,0.0,11,0.0,0.0,12.064,3,0.0,0.0,0.0,27.0,0,0,12,0,1,6.76
João Marcelo,Cruzeiro,Brasileirao,DF,296,,0,Perfil 0,0,0,0.0,0,0,0.0,0.0,0.0,0.0,2,0.0,0.0,0.0,0,0.0,0.0,0.0,25.0,0,0,5,0,1,6.86
Zé Marcos,Vitória,Brasileirao,DF,158,,0,Perfil 0,0,0,0.0,0,0,0.0,0.0,0.0,0.0,3,0.0,0.0,0.0,0,0.0,0.0,0.0,28.0,1,0,2,0,1,6.86
Marinho,Vitória,Brasileirao,FW,123,,0,Perfil 0,0,0,0.0,0,0,0.3,0.0,0.0,0.0,0,0.0,0.0,5.124,1,0.0,0.0,0.0,35.0,0,0,5,1,1,6.74
Marlon,Grêmio,Brasileirao,DF,525,,0,Perfil 0,0,0,0.02,1,1,0.1,0.0,0.0,0.0,9,0.0,0.0,4.9879999999999995,3,0.0,0.0,0.0,28.0,1,0,6,0,1,6.86
Lucca Marques,São Paulo,Brasileirao,MF,95,,0,Perfil 0,0,0,0.0,0,0,0.2,0.0,0.0,0.0,2,0.0,0.0,1.045,0,0.0,0.0,0.0,18.0,0,0,3,3,1,6.86
Martinelli,Fluminense,Brasileirao,MF,851,,0,Perfil 0,0,0,0.08,0,1,0.4,0.0,0.0,0.0,9,0.0,0.0,11.02,4,0.0,0.0,0.0,25.0,3,0,11,3,1,7.15
Emiliano Martínez,Palmeiras,Brasileirao,MF,145,,0,Perfil 0,0,0,0.01,0,0,0.1,0.0,0.0,0.0,7,0.0,0.0,2.9760000000000004,1,0.0,0.0,0.0,26.0,1,0,5,3,1,6.86
Matheuzinho,Corinthians,Brasileirao,DF,891,,0,Perfil 0,0,0,0.07,1,0,0.4,0.0,0.0,0.0,12,0.0,0.0,5.049,1,0.0,0.0,0.0,25.0,3,1,11,0,1,6.93
Mayk,Remo,Brasileirao,DF,622,,0,Perfil 0,0,0,0.01,0,0,0.0,0.0,0.0,0.0,11,0.0,0.0,2.001,0,0.0,0.0,0.0,26.0,0,0,7,0,1,6.74
Gabriel Mec,Grêmio,Brasileirao,MF,519,,0,Perfil 0,0,0,0.0,1,0,1.9,0.0,0.0,0.0,5,0.0,0.0,9.048,1,0.0,0.0,0.0,18.0,2,0,12,3,1,6.62
Bruno Melo,Coritiba,Brasileirao,DF,1011,,0,Perfil 0,0,0,0.08,0,1,0.3,0.0,0.0,0.0,8,0.0,0.0,4.032,0,0.0,0.0,0.0,33.0,1,1,13,0,1,6.74
Nathan Mendes,Vitória,Brasileirao,DF,971,,0,Perfil 0,0,0,0.1,0,1,0.1,0.0,0.0,0.0,13,0.0,0.0,2.052,0,0.0,0.0,0.0,23.0,3,0,12,0,1,6.78
Thiago Mendes,Vasco da Gama,Brasileirao,MF,1160,,0,Perfil 0,1,1,0.89,3,1,1.4,0.0,0.0,0.0,9,0.0,0.0,10.062000000000001,4,0.0,0.0,0.0,34.0,6,0,14,3,1,7.43
Gabriel Mercado,Internacional,Brasileirao,DF,710,,0,Perfil 0,0,0,0.03,1,0,1.1,0.0,0.0,0.0,8,0.0,0.0,4.977,2,0.0,0.0,0.0,39.0,3,0,8,0,1,6.79
Carlos Miguel,Palmeiras,Brasileirao,GK,1350,,2,Goleiros,1,1,0.96,0,0,0.0,0.0,0.0,0.0,0,0.0,0.0,0.0,0,45.0,78.9,5.0,27.0,2,0,15,2,1,7.24
Pedro Milans,Corinthians,Brasileirao,DF,229,,0,Perfil 0,0,0,0.0,0,0,0.0,0.0,0.0,0.0,5,0.0,0.0,0.9750000000000001,0,0.0,0.0,0.0,24.0,0,0,3,0,1,6.86
Julián Millán,Fluminense,Brasileirao,DF,180,,0,Perfil 0,0,0,0.0,0,0,0.0,0.0,0.0,0.0,1,0.0,0.0,0.0,0,0.0,0.0,0.0,28.0,0,0,2,0,1,6.86
Miguel Monsalve,Grêmio,Brasileirao,MF,322,,0,Perfil 0,0,0,0.0,0,0,0.0,0.0,0.0,0.0,1,0.0,0.0,2.0160000000000005,0,0.0,0.0,0.0,22.0,1,0,7,3,1,6.86
Kauã Moraes,Cruzeiro,Brasileirao,DF,352,,0,Perfil 0,0,0,0.01,2,1,1.2,0.0,0.0,0.0,2,0.0,0.0,3.9779999999999998,3,0.0,0.0,0.0,19.0,2,0,8,0,1,6.86
Pedro Morisco,Coritiba,Brasileirao,GK,325,,0,Perfil 0,0,0,0.01,0,0,0.0,0.0,0.0,0.0,1,0.0,0.0,0.0,0,21.0,80.8,0.0,22.0,1,0,4,2,1,6.93
Hugo Moura,Vasco da Gama,Brasileirao,MF,476,,0,Perfil 0,0,0,0.0,1,0,0.5,0.0,0.0,0.0,6,0.0,0.0,3.0209999999999995,1,0.0,0.0,0.0,28.0,0,0,9,3,1,6.43
Lucas Moura,São Paulo,Brasileirao,MF,320,,0,Perfil 0,0,0,0.01,1,1,1.1,0.0,0.0,0.0,1,0.0,0.0,5.076,3,0.0,0.0,0.0,33.0,0,0,8,3,1,6.86
Neto Moura,Mirassol,Brasileirao,MF,702,,0,Perfil 0,0,0,0.03,0,0,0.4,0.0,0.0,0.0,7,0.0,0.0,10.998,2,0.0,0.0,0.0,29.0,3,0,11,3,1,6.58
Juan Nardoni,Grêmio,Brasileirao,MF,730,,0,Perfil 0,0,0,0.0,1,1,0.9,0.0,0.0,0.0,12,0.0,0.0,8.019,1,0.0,0.0,0.0,23.0,1,0,11,3,1,6.68
Gui Negão,Corinthians,Brasileirao,FW,113,,0,Perfil 0,0,0,0.0,0,0,0.3,0.0,0.0,0.0,0,0.0,0.0,1.04,0,0.0,0.0,0.0,19.0,0,0,5,1,1,6.74
Negueba,Mirassol,Brasileirao,MF,780,,0,Perfil 0,0,0,0.09,2,0,0.7,0.0,0.0,0.0,10,0.0,0.0,18.096,5,0.0,0.0,0.0,26.0,3,0,9,3,1,7.31
Neris,Vitória,Brasileirao,DF,109,,0,Perfil 0,0,0,0.0,0,0,0.0,0.0,0.0,0.0,1,0.0,0.0,0.0,0,0.0,0.0,0.0,33.0,0,0,3,0,1,6.86
Rodrigo Nestor,Bahia,Brasileirao,MF,263,,0,Perfil 0,0,0,0.0,0,0,0.5,0.0,0.0,0.0,1,0.0,0.0,5.944999999999999,1,0.0,0.0,0.0,25.0,2,0,8,3,1,6.68
Nonato,Fluminense,Brasileirao,MF,237,,0,Perfil 0,0,0,0.0,1,1,1.0,0.0,0.0,0.0,2,0.0,0.0,1.9760000000000002,1,0.0,0.0,0.0,28.0,2,0,4,3,1,6.86
Erick Noriega,Grêmio,Brasileirao,MF,825,,0,Perfil 0,0,0,0.03,1,1,0.6,0.0,0.0,0.0,12,0.0,0.0,5.9799999999999995,3,0.0,0.0,0.0,24.0,2,0,11,3,1,7.03
Lucas Oliveira,Mirassol,Brasileirao,DF,350,,0,Perfil 0,0,0,0.0,1,0,0.3,0.0,0.0,0.0,3,0.0,0.0,1.9889999999999999,1,0.0,0.0,0.0,30.0,2,0,4,0,1,6.86
Cristian Olivera,Bahia,Brasileirao,FW,912,,0,Perfil 0,0,0,0.15,1,1,1.8,0.0,0.0,0.0,4,0.0,0.0,20.906999999999996,14,0.0,0.0,0.0,24.0,1,0,14,1,1,6.95
Leo Ortiz,Flamengo,Brasileirao,DF,1161,,0,Perfil 0,1,1,0.8,1,1,0.2,0.0,0.0,0.0,14,0.0,0.0,3.999,2,0.0,0.0,0.0,30.0,0,0,14,0,1,7.12
Otávio,Cruzeiro,Brasileirao,GK,180,,0,Perfil 0,0,0,0.0,0,0,0.0,0.0,0.0,0.0,0,0.0,0.0,0.0,0,3.0,60.0,0.0,20.0,1,0,2,2,1,6.93
Otávio,Fluminense,Brasileirao,MF,170,,0,Perfil 0,0,0,0.0,0,0,0.0,0.0,0.0,0.0,1,0.0,0.0,1.007,1,0.0,0.0,0.0,32.0,1,0,5,3,1,6.86
Lucas Paquetá,Flamengo,Brasileirao,MF,647,,0,Perfil 0,0,0,0.05,3,0,1.7,0.0,0.0,0.0,1,0.0,0.0,15.048,7,0.0,0.0,0.0,28.0,1,0,10,3,1,7.35
Patrick,Remo,Brasileirao,MF,820,,0,Perfil 0,0,0,0.0,0,0,0.8,0.0,0.0,0.0,5,0.0,0.0,9.009,2,0.0,0.0,0.0,33.0,0,0,12,3,1,6.74
Alan Patrick,Internacional,Brasileirao,MF,860,,0,Perfil 0,0,0,0.11,3,0,2.9,0.0,0.0,0.0,5,0.0,0.0,16.032,5,0.0,0.0,0.0,35.0,0,0,12,3,1,7.08
Patrick de Paula,Remo,Brasileirao,MF,469,,0,Perfil 0,0,0,0.03,0,2,1.2,0.0,0.0,0.0,4,0.0,0.0,16.951999999999998,3,0.0,0.0,0.0,26.0,4,0,6,3,1,6.86
Caio Paulista,Grêmio,Brasileirao,DF,318,,0,Perfil 0,0,0,0.01,0,0,0.2,0.0,0.0,0.0,11,0.0,0.0,3.9549999999999996,0,0.0,0.0,0.0,28.0,0,0,6,0,1,6.86
Gabriel Paulista,Corinthians,Brasileirao,DF,1080,,0,Perfil 0,1,1,0.81,1,0,0.4,0.0,0.0,0.0,13,0.0,0.0,12.96,2,0.0,0.0,0.0,35.0,3,0,12,0,1,7.12
Vini Paulista,Coritiba,Brasileirao,MF,669,,0,Perfil 0,0,0,0.11,0,0,0.6,0.0,0.0,0.0,15,0.0,0.0,7.992000000000001,1,0.0,0.0,0.0,25.0,2,0,15,3,1,6.72
Cristian Pavón,Grêmio,Brasileirao,DF,1154,,0,Perfil 0,1,1,0.99,0,0,0.4,0.0,0.0,0.0,20,0.0,0.0,7.936,4,0.0,0.0,0.0,30.0,3,0,15,0,1,7.33
Pedro,Flamengo,Brasileirao,FW,1078,,1,Atacantes,1,1,0.83,8,3,7.1,0.0,0.0,0.0,3,0.0,0.0,23.04,14,0.0,0.0,0.0,28.0,1,0,14,1,1,7.54
João Pedro Chermont,Coritiba,Brasileirao,DF,547,,0,Perfil 0,0,0,0.0,0,0,0.2,0.0,0.0,0.0,4,0.0,0.0,4.026,2,0.0,0.0,0.0,20.0,0,0,9,0,1,6.5
João Pedro,Grêmio,Brasileirao,DF,213,80000000.0,0,Perfil 0,0,0,0.0,0,0,0.0,0.0,0.0,0.0,0,0.0,0.0,0.0,0,0.0,0.0,0.0,29.0,0,0,4,0,1,6.86
João Pedro,Corinthians,Brasileirao,DF,180,80000000.0,0,Perfil 0,0,0,0.0,1,0,0.1,0.0,0.0,0.0,1,0.0,0.0,2.0,1,0.0,0.0,0.0,22.0,1,0,2,0,1,6.86
Andreas Pereira,Palmeiras,Brasileirao,MF,1171,,0,Perfil 0,1,1,0.79,1,9,1.5,0.0,0.0,0.0,7,0.0,0.0,14.95,5,0.0,0.0,0.0,30.0,2,0,15,3,1,7.36
Léo Pereira,Flamengo,Brasileirao,DF,1049,,0,Perfil 0,1,1,0.84,1,0,0.7,0.0,0.0,0.0,17,0.0,0.0,12.051,3,0.0,0.0,0.0,30.0,5,0,12,0,1,7.21
Matheus Pereira,Cruzeiro,Brasileirao,MF,1134,,0,Perfil 0,1,1,0.84,2,2,3.6,0.0,0.0,0.0,5,0.0,0.0,32.004,9,0.0,0.0,0.0,30.0,7,0,13,3,1,7.51
Leonel Pérez,Grêmio,Brasileirao,MF,400,,0,Perfil 0,0,0,0.0,0,0,0.3,0.0,0.0,0.0,7,0.0,0.0,2.9920000000000004,0,0.0,0.0,0.0,21.0,2,0,7,3,1,6.69
Leonel Picco,Remo,Brasileirao,MF,609,,0,Perfil 0,0,0,0.09,1,0,1.3,0.0,0.0,0.0,16,0.0,0.0,8.024,2,0.0,0.0,0.0,26.0,2,0,12,3,1,6.61
Yago Pikachu,Remo,Brasileirao,MF,727,,0,Perfil 0,0,0,0.03,1,1,1.1,0.0,0.0,0.0,1,0.0,0.0,14.013,6,0.0,0.0,0.0,33.0,2,1,14,3,1,6.52
Joaquín Piquerez,Palmeiras,Brasileirao,DF,461,,0,Perfil 0,0,0,0.0,0,1,0.2,0.0,0.0,0.0,5,0.0,0.0,4.997999999999999,2,0.0,0.0,0.0,27.0,0,0,6,0,1,6.86
Lucas Piton,Vasco da Gama,Brasileirao,DF,674,,0,Perfil 0,0,0,0.01,0,0,0.7,0.0,0.0,0.0,6,0.0,0.0,6.0,1,0.0,0.0,0.0,25.0,0,0,11,0,1,6.62
Gonzalo Plata,Flamengo,Brasileirao,MF,539,,0,Perfil 0,0,0,0.0,2,2,2.6,0.0,0.0,0.0,3,0.0,0.0,21.06,12,0.0,0.0,0.0,25.0,1,0,9,3,1,6.86
Gabriel Poveda,Remo,Brasileirao,FW,101,,0,Perfil 0,0,0,0.0,0,0,0.1,0.0,0.0,0.0,1,0.0,0.0,1.9580000000000002,1,0.0,0.0,0.0,27.0,0,0,7,1,1,6.74
Erick Pulga,Bahia,Brasileirao,FW,960,,0,Perfil 0,0,0,0.04,0,1,0.9,0.0,0.0,0.0,7,0.0,0.0,13.053999999999998,5,0.0,0.0,0.0,25.0,2,0,14,1,1,6.74
Erick Pulgar,Flamengo,Brasileirao,MF,568,,0,Perfil 0,0,0,0.01,1,0,0.2,0.0,0.0,0.0,8,0.0,0.0,3.969,2,0.0,0.0,0.0,32.0,3,1,7,3,1,6.86
André Ramalho,Corinthians,Brasileirao,DF,376,,0,Perfil 0,0,0,0.01,0,0,0.0,0.0,0.0,0.0,9,0.0,0.0,1.008,0,0.0,0.0,0.0,34.0,3,0,5,0,1,6.86
Ramon,Vitória,Brasileirao,DF,1195,,0,Perfil 0,1,1,0.88,2,0,0.7,0.0,0.0,0.0,13,0.0,0.0,7.98,4,0.0,0.0,0.0,25.0,3,0,14,0,1,6.84
Lucas Ramon,São Paulo,Brasileirao,DF,712,,0,Perfil 0,0,0,0.04,0,1,0.4,0.0,0.0,0.0,10,0.0,0.0,4.977,2,0.0,0.0,0.0,32.0,0,1,9,0,1,7.17
Marcelo Rangel,Remo,Brasileirao,GK,1350,,0,Perfil 0,1,1,0.94,0,0,0.0,0.0,0.0,0.0,1,0.0,0.0,0.0,0,49.0,65.8,1.0,37.0,1,0,15,2,1,6.98
Pedro Rangel,Coritiba,Brasileirao,GK,1025,,0,Perfil 0,0,0,0.27,0,0,0.0,0.0,0.0,0.0,1,0.0,0.0,0.0,0,38.0,76.0,4.0,25.0,1,0,12,2,1,7.13
Raniele,Corinthians,Brasileirao,MF,1022,,0,Perfil 0,0,0,0.33,1,0,0.9,0.0,0.0,0.0,24,0.0,0.0,12.084000000000001,2,0.0,0.0,0.0,29.0,4,0,13,3,1,6.92
Pedro Raul,Corinthians,Brasileirao,FW,153,,0,Perfil 0,0,0,0.0,0,0,0.1,0.0,0.0,0.0,0,0.0,0.0,2.992,0,0.0,0.0,0.0,29.0,1,0,7,1,1,6.74
Reinaldo,Mirassol,Brasileirao,DF,879,,0,Perfil 0,0,0,0.06,0,0,0.5,0.0,0.0,0.0,7,0.0,0.0,14.014000000000001,1,0.0,0.0,0.0,36.0,3,0,11,0,1,6.96
Robert Renan,Vasco da Gama,Brasileirao,DF,1350,,0,Perfil 0,1,1,0.89,1,0,0.5,0.0,0.0,0.0,22,0.0,0.0,7.05,2,0.0,0.0,0.0,22.0,1,0,15,0,1,7.02
Renê,Fluminense,Brasileirao,DF,717,,0,Perfil 0,0,0,0.06,0,2,0.5,0.0,0.0,0.0,8,0.0,0.0,7.04,3,0.0,0.0,0.0,33.0,1,0,9,0,1,7.47
Everton Ribeiro,Bahia,Brasileirao,MF,748,,0,Perfil 0,0,0,0.05,0,3,1.6,0.0,0.0,0.0,9,0.0,0.0,8.964000000000002,3,0.0,0.0,0.0,37.0,1,0,10,3,1,7.43
Zé Ricardo,Remo,Brasileirao,MF,822,,0,Perfil 0,0,0,0.13,0,0,0.3,0.0,0.0,0.0,15,0.0,0.0,9.009,4,0.0,0.0,0.0,27.0,4,1,14,3,1,6.53
Riccieli,Vitória,Brasileirao,DF,90,,0,Perfil 0,0,0,0.0,0,0,0.0,0.0,0.0,0.0,3,0.0,0.0,1.0,0,0.0,0.0,0.0,27.0,0,0,2,0,1,6.86
Sergio Rochet,Internacional,Brasileirao,GK,990,,0,Perfil 0,0,0,0.01,0,0,0.0,0.0,0.0,0.0,0,0.0,0.0,0.0,0,22.0,71.0,3.0,33.0,1,0,11,2,1,6.62
Alan Rodríguez,Internacional,Brasileirao,MF,231,,0,Perfil 0,0,0,0.0,0,0,0.3,0.0,0.0,0.0,1,0.0,0.0,3.042,0,0.0,0.0,0.0,26.0,0,0,7,3,1,6.86
Johan Rojas,Vasco da Gama,Brasileirao,MF,645,,0,Perfil 0,0,0,0.04,0,1,1.6,0.0,0.0,0.0,2,0.0,0.0,26.136,7,0.0,0.0,0.0,23.0,2,0,13,3,1,7.03
Lucas Romero,Cruzeiro,Brasileirao,MF,600,,0,Perfil 0,0,0,0.07,1,3,0.3,0.0,0.0,0.0,10,0.0,0.0,6.03,4,0.0,0.0,0.0,32.0,2,0,9,3,1,7.3
Ronald,Vitória,Brasileirao,MF,140,,0,Perfil 0,0,0,0.0,0,0,0.2,0.0,0.0,0.0,0,0.0,0.0,4.112,0,0.0,0.0,0.0,28.0,1,0,7,3,1,6.86
Ronaldo,Bahia,Brasileirao,GK,584,,0,Perfil 0,0,0,0.0,0,0,0.0,0.0,0.0,0.0,0,0.0,0.0,0.0,0,19.0,82.6,3.0,29.0,2,0,7,2,1,6.93
Ronaldo,Internacional,Brasileirao,MF,331,,0,Perfil 0,0,0,0.0,1,0,0.2,0.0,0.0,0.0,1,0.0,0.0,6.031,1,0.0,0.0,0.0,29.0,1,0,7,3,1,6.86
Lucas Ronier,Coritiba,Brasileirao,MF,1215,,0,Perfil 0,1,1,0.87,1,2,1.9,0.0,0.0,0.0,7,0.0,0.0,31.049999999999997,7,0.0,0.0,0.0,21.0,3,0,15,3,1,7.1
Vitor Roque,Palmeiras,Brasileirao,FW,275,,0,Perfil 0,0,0,0.0,3,0,1.7,0.0,0.0,0.0,0,0.0,0.0,12.183000000000002,7,0.0,0.0,0.0,21.0,1,0,7,1,1,6.74
Agustín Rossi,Flamengo,Brasileirao,GK,1260,,2,Goleiros,1,1,0.98,0,0,0.0,0.0,0.0,0.0,0,0.0,0.0,0.0,0,40.0,76.5,6.0,30.0,0,0,14,2,1,7.07
Alan Saldivia,Vasco da Gama,Brasileirao,DF,810,,0,Perfil 0,0,0,0.11,0,0,0.4,0.0,0.0,0.0,16,0.0,0.0,9.0,1,0.0,0.0,0.0,24.0,3,0,9,0,1,6.66
Mateo Sanabria,Bahia,Brasileirao,MF,186,,0,Perfil 0,0,0,0.0,1,0,1.9,0.0,0.0,0.0,0,0.0,0.0,8.127,3,0.0,0.0,0.0,22.0,1,0,8,3,1,6.53
Alex Sandro,Flamengo,Brasileirao,DF,885,,0,Perfil 0,0,0,0.02,0,0,0.1,0.0,0.0,0.0,5,0.0,0.0,0.9800000000000001,0,0.0,0.0,0.0,35.0,3,0,11,0,1,6.74
Santos,Athletico Paranaense,Brasileirao,GK,1350,,2,Goleiros,1,1,0.96,0,0,0.0,0.0,0.0,0.0,0,0.0,0.0,0.0,0,35.0,68.6,4.0,36.0,2,0,15,2,1,6.84
Jefferson Savarino,Fluminense,Brasileirao,MF,862,,0,Perfil 0,0,0,0.13,3,2,2.9,0.0,0.0,0.0,1,0.0,0.0,34.08,13,0.0,0.0,0.0,29.0,1,0,13,3,1,7.3
Savio,Remo,Brasileirao,DF,200,,0,Perfil 0,0,0,0.0,0,0,0.0,0.0,0.0,0.0,0,0.0,0.0,0.9900000000000001,0,0.0,0.0,0.0,30.0,0,0,3,0,1,6.86
Kevin Serna,Fluminense,Brasileirao,MF,780,,0,Perfil 0,0,0,0.09,1,1,2.9,0.0,0.0,0.0,8,0.0,0.0,17.052,5,0.0,0.0,0.0,28.0,1,0,15,3,1,6.7
Shaylon,Mirassol,Brasileirao,MF,633,,0,Perfil 0,0,0,0.01,1,1,0.4,0.0,0.0,0.0,2,0.0,0.0,7.0,3,0.0,0.0,0.0,29.0,0,0,11,3,1,6.5
André Silva,São Paulo,Brasileirao,FW,177,,0,Perfil 0,0,0,0.0,0,0,0.2,0.0,0.0,0.0,0,0.0,0.0,3.06,3,0.0,0.0,0.0,28.0,2,0,8,1,1,6.74
Lucas Silva,Cruzeiro,Brasileirao,MF,569,,0,Perfil 0,0,0,0.05,0,0,0.2,0.0,0.0,0.0,9,0.0,0.0,3.969,0,0.0,0.0,0.0,33.0,3,0,12,3,1,6.41
Luis Sinisterra,Cruzeiro,Brasileirao,MF,120,,0,Perfil 0,0,0,0.0,0,0,1.8,0.0,0.0,0.0,0,0.0,0.0,3.9000000000000004,0,0.0,0.0,0.0,26.0,0,0,3,3,1,6.86
Cédric Soares,São Paulo,Brasileirao,DF,266,,0,Perfil 0,0,0,0.0,0,0,0.0,0.0,0.0,0.0,3,0.0,0.0,2.04,0,0.0,0.0,0.0,34.0,1,0,7,0,1,6.86
Tiquinho Soares,Mirassol,Brasileirao,FW,343,,0,Perfil 0,0,0,0.0,0,0,1.9,0.0,0.0,0.0,0,0.0,0.0,10.982,2,0.0,0.0,0.0,35.0,1,0,6,1,1,6.74
Ramón Sosa,Palmeiras,Brasileirao,MF,672,,0,Perfil 0,0,0,0.0,2,1,0.8,0.0,0.0,0.0,3,0.0,0.0,12.075000000000001,4,0.0,0.0,0.0,26.0,2,0,14,3,1,6.71
Yeferson Soteldo,Fluminense,Brasileirao,MF,379,,0,Perfil 0,0,0,0.0,0,0,0.6,0.0,0.0,0.0,0,0.0,0.0,6.9719999999999995,3,0.0,0.0,0.0,28.0,0,0,9,3,1,6.56
Hugo Souza,Corinthians,Brasileirao,GK,1170,,2,Goleiros,1,1,0.9,0,0,0.0,0.0,0.0,0.0,0,0.0,0.0,0.0,0,33.0,77.3,5.0,27.0,2,0,13,2,1,6.89
Claudio Spinelli,Vasco da Gama,Brasileirao,FW,314,,0,Perfil 0,0,0,0.01,1,0,3.7,0.0,0.0,0.0,0,0.0,0.0,17.045,5,0.0,0.0,0.0,28.0,0,0,10,1,1,6.18
Bruno Tabata,Internacional,Brasileirao,MF,145,,0,Perfil 0,0,0,0.0,0,0,1.0,0.0,0.0,0.0,0,0.0,0.0,5.952000000000001,3,0.0,0.0,0.0,29.0,0,0,6,3,1,6.86
Gabriel Taliari,Remo,Brasileirao,FW,435,,0,Perfil 0,0,0,0.0,3,0,2.4,0.0,0.0,0.0,1,0.0,0.0,12.911999999999999,6,0.0,0.0,0.0,29.0,0,0,6,1,1,6.74
Gonzalo Tapia,São Paulo,Brasileirao,FW,244,,0,Perfil 0,0,0,0.0,0,0,1.6,0.0,0.0,0.0,0,0.0,0.0,5.9670000000000005,1,0.0,0.0,0.0,24.0,0,0,8,1,1,6.27
Diego Tarzia,Vitória,Brasileirao,MF,219,,0,Perfil 0,0,0,0.0,1,0,0.8,0.0,0.0,0.0,0,0.0,0.0,5.928,4,0.0,0.0,0.0,23.0,1,0,9,3,1,6.52
Duplexe Tchamba,Remo,Brasileirao,DF,985,,0,Perfil 0,0,0,0.0,0,0,0.1,0.0,0.0,0.0,10,0.0,0.0,1.962,0,0.0,0.0,0.0,27.0,1,0,11,0,1,6.78
Tchê Tchê,Vasco da Gama,Brasileirao,MF,706,,0,Perfil 0,0,0,0.0,1,0,1.2,0.0,0.0,0.0,4,0.0,0.0,8.969999999999999,2,0.0,0.0,0.0,33.0,2,0,11,3,1,6.64
Carlos Terán,Athletico Paranaense,Brasileirao,DF,748,,0,Perfil 0,0,0,0.02,0,0,0.4,0.0,0.0,0.0,11,0.0,0.0,5.976,3,0.0,0.0,0.0,25.0,0,0,11,0,1,6.57
Tetê,Grêmio,Brasileirao,MF,543,,0,Perfil 0,0,0,0.01,1,0,1.4,0.0,0.0,0.0,3,0.0,0.0,19.86,6,0.0,0.0,0.0,26.0,0,0,12,3,1,6.64
Rafael Tolói,São Paulo,Brasileirao,DF,450,,0,Perfil 0,0,0,0.0,0,0,0.2,0.0,0.0,0.0,6,0.0,0.0,4.0,1,0.0,0.0,0.0,35.0,3,0,5,0,1,6.86
Guillermo Varela,Flamengo,Brasileirao,DF,891,,0,Perfil 0,0,0,0.07,0,3,0.2,0.0,0.0,0.0,12,0.0,0.0,3.9600000000000004,0,0.0,0.0,0.0,33.0,2,0,12,0,1,7.13
João Victor,Mirassol,Brasileirao,DF,1260,,0,Perfil 0,1,1,0.72,0,1,0.6,0.0,0.0,0.0,12,0.0,0.0,7.0,1,0.0,0.0,0.0,28.0,1,0,14,0,1,6.77
Viery,Grêmio,Brasileirao,DF,898,,0,Perfil 0,0,0,0.03,0,0,0.2,0.0,0.0,0.0,4,0.0,0.0,3.0,0,0.0,0.0,0.0,21.0,3,1,10,0,1,6.84
Rodrigo Villagra,Internacional,Brasileirao,MF,802,,0,Perfil 0,0,0,0.01,0,0,0.2,0.0,0.0,0.0,11,0.0,0.0,5.963000000000001,2,0.0,0.0,0.0,25.0,1,0,10,3,1,7.03
Lucas Villalba,Cruzeiro,Brasileirao,DF,653,,0,Perfil 0,0,0,0.0,0,0,0.1,0.0,0.0,0.0,10,0.0,0.0,2.993,1,0.0,0.0,0.0,31.0,1,0,9,0,1,6.86
Néiser Villarreal,Cruzeiro,Brasileirao,FW,483,,0,Perfil 0,0,0,0.02,3,1,4.0,0.0,0.0,0.0,1,0.0,0.0,17.118000000000002,8,0.0,0.0,0.0,21.0,0,0,9,1,1,6.72
Carlos Vinícius,Grêmio,Brasileirao,FW,1160,,1,Atacantes,1,1,0.83,7,0,5.9,0.0,0.0,0.0,2,0.0,0.0,26.961,16,0.0,0.0,0.0,31.0,3,0,14,1,1,6.78
Vitão,Flamengo,Brasileirao,DF,210,,0,Perfil 0,0,0,0.0,0,0,0.0,0.0,0.0,0.0,1,0.0,0.0,1.9779999999999998,0,0.0,0.0,0.0,26.0,1,0,4,0,1,6.86
Vitinho,Internacional,Brasileirao,MF,918,,0,Perfil 0,0,0,0.23,0,3,2.4,0.0,0.0,0.0,12,0.0,0.0,18.972,9,0.0,0.0,0.0,27.0,4,0,14,3,1,6.95
Vitinho,Corinthians,Brasileirao,MF,349,,0,Perfil 0,0,0,0.0,0,0,0.8,0.0,0.0,0.0,1,0.0,0.0,10.062,2,0.0,0.0,0.0,32.0,0,0,8,3,1,6.86
Kevin Viveros,Athletico Paranaense,Brasileirao,FW,1253,,1,Atacantes,1,1,0.92,8,1,10.1,0.0,0.0,0.0,1,0.0,0.0,34.888999999999996,21,0.0,0.0,0.0,26.0,3,0,14,1,1,7.3
Walter,Mirassol,Brasileirao,GK,1260,,0,Perfil 0,1,1,0.87,0,0,0.0,0.0,0.0,0.0,0,0.0,0.0,0.0,0,46.0,74.2,0.0,38.0,2,0,14,2,1,6.68
Wanderson,Cruzeiro,Brasileirao,MF,379,,0,Perfil 0,0,0,0.0,1,0,0.8,0.0,0.0,0.0,0,0.0,0.0,10.962,3,0.0,0.0,0.0,31.0,0,0,14,3,1,6.24
Wendell,São Paulo,Brasileirao,DF,602,,0,Perfil 0,0,0,0.05,0,3,0.1,0.0,0.0,0.0,7,0.0,0.0,4.02,1,0.0,0.0,0.0,32.0,2,0,10,0,1,6.86
Wéverton,Grêmio,Brasileirao,GK,1350,,2,Goleiros,1,1,0.98,0,1,0.0,0.0,0.0,0.0,0,0.0,0.0,0.0,0,41.0,72.2,5.0,38.0,1,0,15,2,1,7.14
William,Cruzeiro,Brasileirao,DF,535,,0,Perfil 0,0,0,0.02,0,0,0.1,0.0,0.0,0.0,7,0.0,0.0,3.9530000000000003,2,0.0,0.0,0.0,31.0,3,1,8,0,1,6.86
Willian,Grêmio,Brasileirao,MF,287,,0,Perfil 0,0,0,0.0,0,0,0.7,0.0,0.0,0.0,0,0.0,0.0,7.040000000000001,1,0.0,0.0,0.0,37.0,0,0,7,3,1,6.86
Samuel Xavier,Fluminense,Brasileirao,DF,858,,0,Perfil 0,0,0,0.0,0,0,0.2,0.0,0.0,0.0,7,0.0,0.0,3.9899999999999998,1,0.0,0.0,0.0,35.0,2,0,10,0,1,6.89
Bruno Zapelli,Athletico Paranaense,Brasileirao,MF,529,,0,Perfil 0,0,0,0.01,0,1,0.6,0.0,0.0,0.0,6,0.0,0.0,10.030000000000001,2,0.0,0.0,0.0,23.0,3,1,12,3,1,6.47
Jones El-Abdellaoui,Celta Vigo,Big5,MF,681,,0,Perfil 0,0,0,0.07,2,0,2.6,0.0,0.0,0.0,3,0.0,0.0,17.099999999999998,4,0.0,0.0,0.0,20.0,0,0,22,3,0,6.3
Francesco Acerbi,Inter,Big5,DF,1288,,0,Perfil 0,1,1,0.88,0,1,0.4,0.0,0.0,0.0,18,0.0,0.0,3.003,1,0.0,0.0,0.0,38.0,3,0,17,0,0,6.86
Ragnar Ache,Köln,Big5,FW,1718,,1,Atacantes,1,1,1.0,7,4,10.3,0.0,0.0,0.0,4,0.0,0.0,51.952000000000005,22,0.0,0.0,0.0,27.0,3,0,29,1,0,6.89
Karim Adeyemi,Dortmund,Big5,MF,1187,40000000.0,1,Atacantes,1,1,0.98,7,3,4.9,0.0,0.0,0.0,8,0.0,0.0,31.02,14,0.0,0.0,0.0,24.0,5,0,27,3,0,6.95
Jonas Adjetey,Wolfsburg,Big5,DF,137,,0,Perfil 0,0,0,0.02,0,0,0.1,0.0,0.0,0.0,1,0.0,0.0,2.955,0,0.0,0.0,0.0,22.0,1,0,4,0,0,6.86
Emmanuel Agbadou,Wolves,Big5,DF,1101,,0,Perfil 0,1,1,0.79,0,0,0.6,0.0,0.0,0.0,14,0.0,0.0,10.004,3,0.0,0.0,0.0,28.0,1,1,14,0,0,6.86
Julen Agirrezabala,Valencia,Big5,GK,1620,,2,Goleiros,1,1,0.98,0,0,0.0,0.0,0.0,0.0,0,0.0,0.0,0.0,0,52.0,65.8,4.0,25.0,1,0,18,2,0,6.93
Felix Agu,Werder Bremen,Big5,DF,744,,0,Perfil 0,0,0,0.02,0,0,0.1,0.0,0.0,0.0,11,0.0,0.0,1.992,1,0.0,0.0,0.0,26.0,1,0,11,0,0,6.86
Lucas Ahijado,Oviedo,Big5,DF,988,,0,Perfil 0,0,0,0.21,0,1,0.9,0.0,0.0,0.0,15,0.0,0.0,8.03,2,0.0,0.0,0.0,31.0,2,0,17,0,0,6.86
Joseph Aidoo,Celta Vigo,Big5,DF,639,,0,Perfil 0,0,0,0.02,0,0,0.2,0.0,0.0,0.0,10,0.0,0.0,1.988,0,0.0,0.0,0.0,30.0,0,0,8,0,0,6.86
Manuel Akanji,Inter,Big5,DF,2821,,0,Perfil 0,1,1,1.0,2,0,2.0,0.0,0.0,0.0,37,0.0,0.0,22.849,6,0.0,0.0,0.0,30.0,4,0,33,0,0,7.19
Thiago Almada,Atlético Madrid,Big5,MF,1266,,0,Perfil 0,1,1,0.95,3,1,3.7,0.0,0.0,0.0,7,0.0,0.0,21.009,10,0.0,0.0,0.0,25.0,2,1,26,3,0,6.73
Marcos Alonso,Celta Vigo,Big5,DF,2588,,0,Perfil 0,1,1,0.99,1,0,2.2,0.0,0.0,0.0,29,0.0,0.0,23.040000000000003,3,0.0,0.0,0.0,35.0,5,0,30,0,0,7.11
Hugo Álvarez,Celta Vigo,Big5,FW,1297,,0,Perfil 0,1,1,0.89,4,2,2.7,0.0,0.0,0.0,10,0.0,0.0,12.96,8,0.0,0.0,0.0,22.0,2,0,26,1,0,6.76
Julián Álvarez,Atlético Madrid,Big5,FW,1895,100000000.0,1,Atacantes,1,1,1.0,8,4,7.7,0.0,0.0,0.0,3,0.0,0.0,54.016000000000005,26,0.0,0.0,0.0,26.0,2,0,29,1,0,7.11
Nadiem Amiri,Mainz 05,Big5,MF,2016,,1,Atacantes,1,1,0.99,11,2,10.4,0.0,0.0,0.0,19,0.0,0.0,51.071999999999996,21,0.0,0.0,0.0,29.0,6,0,25,3,0,7.61
Mohamed Amoura,Wolfsburg,Big5,FW,1918,,1,Atacantes,1,1,1.0,8,3,8.6,0.0,0.0,0.0,7,0.0,0.0,60.065999999999995,19,0.0,0.0,0.0,26.0,2,0,29,1,0,6.89
Tomoya Ando,St Pauli,Big5,DF,1170,,0,Perfil 0,1,1,0.87,0,1,0.4,0.0,0.0,0.0,14,0.0,0.0,7.0200000000000005,2,0.0,0.0,0.0,27.0,3,0,14,0,0,6.86
André,Wolves,Big5,MF,2582,,0,Perfil 0,1,1,1.0,1,0,0.5,0.0,0.0,0.0,23,0.0,0.0,14.062999999999999,1,0.0,0.0,0.0,24.0,11,0,33,3,0,6.78
Robert Andrich,Leverkusen,Big5,DF,2485,,0,Perfil 0,1,1,1.0,2,0,0.7,0.0,0.0,0.0,33,0.0,0.0,11.040000000000001,3,0.0,0.0,0.0,31.0,6,1,31,0,0,6.84
Ilyas Ansah,Union Berlin,Big5,MF,1828,,1,Atacantes,1,1,0.93,5,1,3.3,0.0,0.0,0.0,4,0.0,0.0,31.059,11,0.0,0.0,0.0,21.0,1,0,32,3,0,6.42
Aaron Anselmino,Dortmund,Big5,DF,368,,0,Perfil 0,0,0,0.0,1,0,0.1,0.0,0.0,0.0,7,0.0,0.0,0.9839999999999999,1,0.0,0.0,0.0,21.0,0,0,6,0,0,6.86
Waldemar Anton,Dortmund,Big5,DF,2790,,0,Perfil 0,1,1,1.0,2,0,1.7,0.0,0.0,0.0,28,0.0,0.0,16.12,6,0.0,0.0,0.0,29.0,3,0,31,0,0,7.45
Jhon Arias,Wolves,Big5,FW,1124,,0,Perfil 0,1,1,0.73,1,0,3.3,0.0,0.0,0.0,7,0.0,0.0,16.0,3,0.0,0.0,0.0,28.0,1,0,23,1,0,6.48
Adam Armstrong,Wolves,Big5,FW,996,,0,Perfil 0,0,0,0.0,1,2,2.7,0.0,0.0,0.0,1,0.0,0.0,16.095,5,0.0,0.0,0.0,29.0,3,0,12,1,0,6.74
Maximilian Arnold,Wolfsburg,Big5,MF,1859,,0,Perfil 0,1,1,0.99,1,4,0.4,0.0,0.0,0.0,24,0.0,0.0,13.041,5,0.0,0.0,0.0,31.0,5,0,25,3,0,6.87
Tolu Arokodare,Wolves,Big5,FW,1375,,1,Atacantes,1,1,0.99,3,1,5.5,0.0,0.0,0.0,5,0.0,0.0,44.064,15,0.0,0.0,0.0,25.0,1,0,31,1,0,6.59
Arthur,Leverkusen,Big5,MF,1107,,0,Perfil 0,1,1,0.89,1,3,0.9,0.0,0.0,0.0,18,0.0,0.0,9.963000000000001,2,0.0,0.0,0.0,23.0,2,0,19,3,0,6.79
Fisnik Asllani,Hoffenheim,Big5,FW,2271,,1,Atacantes,1,1,1.0,10,7,8.3,0.0,0.0,0.0,5,0.0,0.0,71.82,27,0.0,0.0,0.0,23.0,2,0,32,1,0,7.09
Iago Aspas,Celta Vigo,Big5,FW,1043,,1,Atacantes,1,1,0.96,5,3,4.5,0.0,0.0,0.0,12,0.0,0.0,28.072,12,0.0,0.0,0.0,38.0,4,0,30,1,0,6.78
Lorenz Assignon,Stuttgart,Big5,DF,1094,,0,Perfil 0,1,1,0.98,0,0,0.6,0.0,0.0,0.0,15,0.0,0.0,12.078,4,0.0,0.0,0.0,25.0,3,1,24,0,0,6.76
Noah Atubolu,Freiburg,Big5,GK,2970,,2,Goleiros,1,1,0.99,0,0,0.0,0.0,0.0,0.0,1,0.0,0.0,0.0,0,95.0,62.7,6.0,23.0,1,0,33,2,0,6.83
Carlos Augusto,Inter,Big5,MF,1583,,0,Perfil 0,1,1,1.0,1,1,1.5,0.0,0.0,0.0,17,0.0,0.0,16.016000000000002,5,0.0,0.0,0.0,27.0,6,0,32,3,0,6.91
Yann Aurel Bisseck,Inter,Big5,DF,1832,,0,Perfil 0,1,1,0.99,3,1,2.5,0.0,0.0,0.0,21,0.0,0.0,25.092,12,0.0,0.0,0.0,25.0,2,0,22,0,0,7.25
Leon Avdullahu,Hoffenheim,Big5,MF,2744,,0,Perfil 0,1,1,0.98,0,1,0.6,0.0,0.0,0.0,33,0.0,0.0,14.030000000000001,2,0.0,0.0,0.0,22.0,4,0,32,3,0,7.02
Yasin Ayari,Brighton,Big5,MF,1920,,1,Atacantes,1,1,1.0,3,3,2.7,0.0,0.0,0.0,25,0.0,0.0,40.896,10,0.0,0.0,0.0,22.0,1,0,28,3,0,7.05
Mio Backhaus,Werder Bremen,Big5,GK,2790,,2,Goleiros,1,1,1.0,0,0,0.0,0.0,0.0,0.0,0,0.0,0.0,0.0,0,93.0,65.5,5.0,22.0,1,0,31,2,0,6.87
Loïc Bade,Leverkusen,Big5,DF,1653,,0,Perfil 0,1,1,1.0,0,0,1.3,0.0,0.0,0.0,21,0.0,0.0,11.959999999999999,4,0.0,0.0,0.0,26.0,4,0,23,0,0,7.12
Alex Baena,Atlético Madrid,Big5,MF,1440,40000000.0,0,Perfil 0,1,1,1.0,2,3,2.0,0.0,0.0,0.0,15,0.0,0.0,24.0,6,0.0,0.0,0.0,24.0,5,0,25,3,0,6.89
Eric Bailly,Oviedo,Big5,DF,1054,,0,Perfil 0,1,1,0.83,1,0,0.3,0.0,0.0,0.0,15,0.0,0.0,5.031,1,0.0,0.0,0.0,32.0,3,0,13,0,0,6.86
Carlos Baleba,Brighton,Big5,MF,1539,55000000.0,0,Perfil 0,1,1,1.0,0,0,0.7,0.0,0.0,0.0,28,0.0,0.0,17.955000000000002,1,0.0,0.0,0.0,22.0,5,0,29,3,0,6.62
Noahkai Banks,Augsburg,Big5,DF,1695,,0,Perfil 0,1,1,0.96,1,1,1.1,0.0,0.0,0.0,18,0.0,0.0,9.024,5,0.0,0.0,0.0,19.0,8,0,22,0,0,6.85
Nicolò Barella,Inter,Big5,MF,2464,50000000.0,1,Atacantes,1,1,0.99,3,8,3.2,0.0,0.0,0.0,9,0.0,0.0,35.071999999999996,5,0.0,0.0,0.0,29.0,7,0,33,3,0,7.44
Pablo Barrios,Atlético Madrid,Big5,MF,1661,55000000.0,0,Perfil 0,1,1,0.99,1,1,1.8,0.0,0.0,0.0,26,0.0,0.0,23.125,6,0.0,0.0,0.0,22.0,0,0,23,3,0,7.18
Alessandro Bastoni,Inter,Big5,DF,2239,65000000.0,0,Perfil 0,1,1,1.0,1,4,1.4,0.0,0.0,0.0,21,0.0,0.0,16.932,8,0.0,0.0,0.0,27.0,6,0,28,0,0,7.42
Daniel Batz,Mainz 05,Big5,GK,1800,,2,Goleiros,1,1,0.98,0,0,0.0,0.0,0.0,0.0,0,0.0,0.0,0.0,0,65.0,71.4,3.0,35.0,2,0,20,2,0,7.32
Oliver Baumann,Hoffenheim,Big5,GK,2970,,2,Goleiros,1,1,1.0,0,0,0.0,0.0,0.0,0.0,1,0.0,0.0,0.0,0,96.0,69.1,7.0,35.0,3,0,33,2,0,6.81
Ihlas Bebou,Hoffenheim,Big5,FW,190,,0,Perfil 0,0,0,0.02,0,0,0.5,0.0,0.0,0.0,3,0.0,0.0,4.977,2,0.0,0.0,0.0,32.0,1,0,16,1,0,6.74
Adrian Beck,Heidenheim,Big5,MF,850,,0,Perfil 0,0,0,0.13,1,1,0.9,0.0,0.0,0.0,3,0.0,0.0,10.904,4,0.0,0.0,0.0,28.0,1,0,23,3,0,6.53
Sheraldo Becker,Mainz 05,Big5,FW,870,,0,Perfil 0,0,0,0.11,3,3,4.3,0.0,0.0,0.0,3,0.0,0.0,26.092999999999996,13,0.0,0.0,0.0,31.0,1,0,13,1,0,6.74
Maximilian Beier,Dortmund,Big5,MF,1958,40000000.0,1,Atacantes,1,1,1.0,9,6,7.4,0.0,0.0,0.0,11,0.0,0.0,49.050000000000004,20,0.0,0.0,0.0,23.0,3,0,31,3,0,7.05
Rayane Belaid,Atlético Madrid,Big5,MF,132,,0,Perfil 0,0,0,0.0,0,0,0.5,0.0,0.0,0.0,0,0.0,0.0,4.095,0,0.0,0.0,0.0,21.0,0,0,2,3,0,6.86
Rafik Belghali,Hellas Verona,Big5,MF,1775,,0,Perfil 0,1,1,1.0,2,0,2.2,0.0,0.0,0.0,16,0.0,0.0,19.897,6,0.0,0.0,0.0,23.0,6,0,24,3,0,6.74
Stefan Bell,Mainz 05,Big5,DF,1039,,0,Perfil 0,1,1,0.98,2,1,1.7,0.0,0.0,0.0,19,0.0,0.0,11.96,5,0.0,0.0,0.0,34.0,4,0,18,0,0,6.86
Jean-Ricner Bellegarde,Wolves,Big5,MF,1236,,0,Perfil 0,1,1,0.91,1,1,1.0,0.0,0.0,0.0,9,0.0,0.0,20.961,7,0.0,0.0,0.0,27.0,5,0,25,3,0,6.4
Jobe Bellingham,Dortmund,Big5,MF,1704,40000000.0,0,Perfil 0,1,1,1.0,0,1,1.1,0.0,0.0,0.0,41,0.0,0.0,17.009999999999998,5,0.0,0.0,0.0,20.0,2,1,31,3,0,6.88
Jeanuël Belocian,Wolfsburg,Big5,DF,1164,,0,Perfil 0,1,1,0.81,0,1,0.5,0.0,0.0,0.0,14,0.0,0.0,2.967,0,0.0,0.0,0.0,21.0,3,0,13,0,0,6.56
Jeanuël Belocian,Leverkusen,Big5,DF,292,,0,Perfil 0,0,0,0.02,0,0,0.5,0.0,0.0,0.0,2,0.0,0.0,0.992,0,0.0,0.0,0.0,21.0,0,0,8,0,0,6.56
Lucas Beltrán,Valencia,Big5,FW,1365,,0,Perfil 0,1,1,0.92,1,2,4.1,0.0,0.0,0.0,4,0.0,0.0,34.048,9,0.0,0.0,0.0,25.0,1,0,27,1,0,6.48
Eliesse Ben Seghir,Leverkusen,Big5,MF,223,,0,Perfil 0,0,0,0.0,0,0,0.1,0.0,0.0,0.0,1,0.0,0.0,4.025,1,0.0,0.0,0.0,21.0,2,0,9,3,0,6.86
Ramy Bensebaini,Dortmund,Big5,DF,1530,,0,Perfil 0,1,1,0.99,5,2,3.1,0.0,0.0,0.0,18,0.0,0.0,17.0,7,0.0,0.0,0.0,31.0,6,0,21,0,0,7.49
Daniel Bentley,Wolves,Big5,GK,270,,0,Perfil 0,0,0,0.0,0,0,0.0,0.0,0.0,0.0,0,0.0,0.0,0.0,0,7.0,53.8,0.0,32.0,0,0,3,2,0,6.93
Bernardo,Hoffenheim,Big5,DF,2237,,0,Perfil 0,1,1,1.0,0,0,0.5,0.0,0.0,0.0,39,0.0,0.0,8.963999999999999,0,0.0,0.0,0.0,31.0,9,0,28,0,0,7.05
Antoine Bernede,Hellas Verona,Big5,MF,2256,,0,Perfil 0,1,1,1.0,1,2,1.4,0.0,0.0,0.0,15,0.0,0.0,21.084,4,0.0,0.0,0.0,26.0,2,0,31,3,0,6.72
Jan-Niklas Beste,Freiburg,Big5,MF,1645,,0,Perfil 0,1,1,1.0,1,2,3.4,0.0,0.0,0.0,17,0.0,0.0,23.058,13,0.0,0.0,0.0,27.0,5,0,27,3,0,6.95
Tom Bischof,Bayern Munich,Big5,DF,1212,40000000.0,0,Perfil 0,1,1,1.0,2,3,1.8,0.0,0.0,0.0,13,0.0,0.0,29.025,8,0.0,0.0,0.0,20.0,2,0,25,0,0,7.37
Leonardo Bittencourt,Werder Bremen,Big5,MF,614,,0,Perfil 0,0,0,0.13,0,1,0.3,0.0,0.0,0.0,8,0.0,0.0,7.004,0,0.0,0.0,0.0,32.0,5,0,16,3,0,6.86
Janis Blaswich,Leverkusen,Big5,GK,931,,0,Perfil 0,0,0,0.21,0,0,0.0,0.0,0.0,0.0,0,0.0,0.0,0.0,0,41.0,82.0,3.0,35.0,1,0,11,2,0,6.93
Sacha Boey,Bayern Munich,Big5,DF,463,,0,Perfil 0,0,0,0.0,0,0,0.3,0.0,0.0,0.0,7,0.0,0.0,5.967,0,0.0,0.0,0.0,25.0,1,0,9,0,0,6.86
Hugo Bolin,Gladbach,Big5,MF,484,,0,Perfil 0,0,0,0.02,0,1,0.8,0.0,0.0,0.0,1,0.0,0.0,12.042,2,0.0,0.0,0.0,22.0,0,0,12,3,0,6.86
Javier Boñar,Atlético Madrid,Big5,DF,269,,0,Perfil 0,0,0,0.0,1,0,0.3,0.0,0.0,0.0,0,0.0,0.0,2.0100000000000002,1,0.0,0.0,0.0,20.0,0,0,3,0,0,6.86
Ange-Yoan Bonny,Inter,Big5,FW,1042,,1,Atacantes,1,1,0.85,5,4,3.8,0.0,0.0,0.0,1,0.0,0.0,20.996,9,0.0,0.0,0.0,22.0,1,0,31,1,0,6.51
Thiago Borbas,Oviedo,Big5,FW,139,,0,Perfil 0,0,0,0.0,0,0,0.8,0.0,0.0,0.0,0,0.0,0.0,4.86,2,0.0,0.0,0.0,24.0,1,0,10,1,0,6.74
Olivier Boscagli,Brighton,Big5,DF,802,,0,Perfil 0,0,0,0.04,0,1,0.0,0.0,0.0,0.0,16,0.0,0.0,0.9790000000000001,0,0.0,0.0,0.0,28.0,2,0,12,0,0,6.86
Badredine Bouanani,Stuttgart,Big5,MF,463,,0,Perfil 0,0,0,0.0,0,0,1.0,0.0,0.0,0.0,4,0.0,0.0,15.860999999999999,4,0.0,0.0,0.0,21.0,1,0,14,3,0,6.86
Kieron Bowie,Hellas Verona,Big5,FW,1020,,0,Perfil 0,0,0,0.03,3,0,4.2,0.0,0.0,0.0,0,0.0,0.0,25.877000000000002,8,0.0,0.0,0.0,23.0,1,0,12,1,0,6.74
Domagoj Bradarić,Hellas Verona,Big5,MF,1938,,0,Perfil 0,1,1,0.94,0,1,0.6,0.0,0.0,0.0,9,0.0,0.0,12.040000000000001,6,0.0,0.0,0.0,26.0,2,0,27,3,0,6.56
Julian Brandt,Dortmund,Big5,MF,1584,,1,Atacantes,1,1,0.99,7,4,5.7,0.0,0.0,0.0,5,0.0,0.0,38.016000000000005,18,0.0,0.0,0.0,30.0,0,0,28,3,0,7.19
Josip Brekalo,Oviedo,Big5,MF,486,,0,Perfil 0,0,0,0.0,0,0,0.3,0.0,0.0,0.0,2,0.0,0.0,9.018,3,0.0,0.0,0.0,27.0,1,0,14,3,0,6.86
Hugo Bueno,Wolves,Big5,MF,2343,,0,Perfil 0,1,1,0.99,1,2,0.9,0.0,0.0,0.0,33,0.0,0.0,15.079999999999998,6,0.0,0.0,0.0,23.0,3,0,33,3,0,6.8
Santiago Bueno,Wolves,Big5,DF,2373,,0,Perfil 0,1,1,0.99,3,1,2.3,0.0,0.0,0.0,22,0.0,0.0,8.976,6,0.0,0.0,0.0,27.0,4,0,27,0,0,6.63
Marius Bülter,Köln,Big5,FW,1517,,1,Atacantes,1,1,0.98,5,4,4.4,0.0,0.0,0.0,7,0.0,0.0,41.067,17,0.0,0.0,0.0,33.0,3,0,31,1,0,6.65
Livan Burcu,Union Berlin,Big5,MF,581,,0,Perfil 0,0,0,0.04,1,0,1.6,0.0,0.0,0.0,2,0.0,0.0,14.105,3,0.0,0.0,0.0,21.0,4,0,17,3,0,6.86
Jan Bürger,Wolfsburg,Big5,MF,247,,0,Perfil 0,0,0,0.0,0,0,0.1,0.0,0.0,0.0,0,0.0,0.0,1.971,1,0.0,0.0,0.0,19.0,0,0,7,3,0,6.86
Wouter Burger,Hoffenheim,Big5,MF,2340,,1,Atacantes,1,1,1.0,4,5,3.5,0.0,0.0,0.0,18,0.0,0.0,35.1,13,0.0,0.0,0.0,25.0,7,1,29,3,0,7.27
Oliver Burke,Union Berlin,Big5,FW,1579,,1,Atacantes,1,1,0.99,6,1,5.2,0.0,0.0,0.0,4,0.0,0.0,32.9,14,0.0,0.0,0.0,29.0,3,0,28,1,0,6.69
William Bøving,Mainz 05,Big5,MF,223,,0,Perfil 0,0,0,0.0,0,1,0.0,0.0,0.0,0.0,0,0.0,0.0,1.0,0,0.0,0.0,0.0,23.0,1,0,9,3,0,6.86
Anthony Caci,Mainz 05,Big5,MF,496,,0,Perfil 0,0,0,0.01,0,0,0.3,0.0,0.0,0.0,3,0.0,0.0,5.995,0,0.0,0.0,0.0,28.0,3,0,9,3,0,6.86
Hakan Çalhanoğlu,Inter,Big5,MF,1639,,1,Atacantes,1,1,1.0,9,4,5.7,0.0,0.0,0.0,19,0.0,0.0,50.05,17,0.0,0.0,0.0,32.0,7,0,22,3,0,7.8
Dani Calvo,Oviedo,Big5,DF,1431,,0,Perfil 0,1,1,0.82,0,0,0.3,0.0,0.0,0.0,8,0.0,0.0,2.067,0,0.0,0.0,0.0,32.0,3,0,18,0,0,6.7
Emre Can,Dortmund,Big5,DF,621,,0,Perfil 0,0,0,0.11,3,0,2.4,0.0,0.0,0.0,13,0.0,0.0,4.968,4,0.0,0.0,0.0,32.0,3,0,9,0,0,6.86
Johnny Cardoso,Atlético Madrid,Big5,MF,887,,0,Perfil 0,0,0,0.11,0,0,0.1,0.0,0.0,0.0,16,0.0,0.0,1.9800000000000002,0,0.0,0.0,0.0,24.0,5,0,15,3,0,6.86
David Carmo,Oviedo,Big5,DF,1786,,0,Perfil 0,1,1,1.0,1,0,0.9,0.0,0.0,0.0,21,0.0,0.0,9.9,3,0.0,0.0,0.0,26.0,8,1,22,0,0,6.62
Sergio Carreira,Celta Vigo,Big5,MF,2514,,0,Perfil 0,1,1,1.0,2,1,1.6,0.0,0.0,0.0,26,0.0,0.0,13.112999999999998,6,0.0,0.0,0.0,25.0,2,0,32,3,0,6.96
Casemiro,Manchester Utd,Big5,MF,2491,,1,Atacantes,1,1,1.0,9,2,5.5,0.0,0.0,0.0,28,0.0,0.0,49.028999999999996,18,0.0,0.0,0.0,34.0,10,1,33,3,0,7.32
Alessio Castro-Montes,Köln,Big5,MF,604,,0,Perfil 0,0,0,0.05,1,3,1.4,0.0,0.0,0.0,4,0.0,0.0,7.973,1,0.0,0.0,0.0,28.0,2,0,13,3,0,6.86
Santi Cazorla,Oviedo,Big5,MF,751,,0,Perfil 0,0,0,0.15,0,1,0.4,0.0,0.0,0.0,3,0.0,0.0,6.972,1,0.0,0.0,0.0,41.0,1,1,25,3,0,6.58
Abdoulie Ceesay,St Pauli,Big5,FW,291,,0,Perfil 0,0,0,0.03,2,0,1.3,0.0,0.0,0.0,0,0.0,0.0,7.904000000000001,3,0.0,0.0,0.0,22.0,3,0,19,1,0,6.74
Ilyas Chaira,Oviedo,Big5,MF,2279,,1,Atacantes,1,1,0.96,6,2,6.8,0.0,0.0,0.0,4,0.0,0.0,77.924,35,0.0,0.0,0.0,25.0,2,1,33,3,0,6.65
Fallou Cham,Hellas Verona,Big5,MF,228,,0,Perfil 0,0,0,0.0,0,0,0.4,0.0,0.0,0.0,4,0.0,0.0,4.925,2,0.0,0.0,0.0,20.0,0,0,6,3,0,6.86
Arthur Chaves,Hoffenheim,Big5,DF,240,,0,Perfil 0,0,0,0.03,0,0,1.1,0.0,0.0,0.0,3,0.0,0.0,0.999,0,0.0,0.0,0.0,25.0,1,0,4,0,0,6.86
Arthur Chaves,Augsburg,Big5,DF,829,,0,Perfil 0,0,0,0.08,2,0,1.1,0.0,0.0,0.0,8,0.0,0.0,3.9559999999999995,2,0.0,0.0,0.0,25.0,1,0,11,0,0,6.86
Felipe Chávez,Köln,Big5,MF,102,,0,Perfil 0,0,0,0.0,0,0,0.3,0.0,0.0,0.0,2,0.0,0.0,4.851000000000001,1,0.0,0.0,0.0,19.0,0,0,7,3,0,6.86
Fabio Chiarodia,Gladbach,Big5,DF,674,,0,Perfil 0,0,0,0.21,0,0,0.6,0.0,0.0,0.0,13,0.0,0.0,3.975,1,0.0,0.0,0.0,20.0,1,0,15,0,0,6.86
Carney Chukwuemeka,Dortmund,Big5,MF,897,,0,Perfil 0,0,0,0.26,2,0,1.9,0.0,0.0,0.0,6,0.0,0.0,18.1,2,0.0,0.0,0.0,22.0,2,0,27,3,0,6.65
Alexis Claude-Maurice,Augsburg,Big5,MF,2097,,1,Atacantes,1,1,1.0,5,4,6.9,0.0,0.0,0.0,8,0.0,0.0,71.065,26,0.0,0.0,0.0,27.0,3,0,29,3,0,7.11
Santiago Colombatto,Oviedo,Big5,MF,1847,,0,Perfil 0,1,1,1.0,0,1,0.6,0.0,0.0,0.0,14,0.0,0.0,13.940000000000001,2,0.0,0.0,0.0,29.0,6,0,29,3,0,6.64
Eray Cömert,Valencia,Big5,DF,1178,,0,Perfil 0,1,1,0.88,2,0,1.2,0.0,0.0,0.0,20,0.0,0.0,9.956,3,0.0,0.0,0.0,28.0,3,0,15,0,0,6.86
Christian Conteh,Heidenheim,Big5,MF,359,,0,Perfil 0,0,0,0.0,0,0,0.2,0.0,0.0,0.0,1,0.0,0.0,3.0,0,0.0,0.0,0.0,26.0,0,0,8,3,0,6.86
Sirlord Conteh,Heidenheim,Big5,MF,625,,0,Perfil 0,0,0,0.02,2,1,2.8,0.0,0.0,0.0,4,0.0,0.0,9.936,3,0.0,0.0,0.0,29.0,1,0,15,3,0,6.86
Diego Coppola,Brighton,Big5,DF,194,,0,Perfil 0,0,0,0.0,0,0,0.0,0.0,0.0,0.0,1,0.0,0.0,0.0,0,0.0,0.0,0.0,22.0,2,0,5,0,0,6.86
Thierry Correia,Valencia,Big5,DF,1363,,0,Perfil 0,1,1,0.99,0,1,0.4,0.0,0.0,0.0,17,0.0,0.0,4.9830000000000005,1,0.0,0.0,0.0,27.0,5,0,22,0,0,6.72
Danny da Costa,Mainz 05,Big5,DF,2650,,0,Perfil 0,1,1,1.0,2,3,1.6,0.0,0.0,0.0,29,0.0,0.0,14.111999999999998,5,0.0,0.0,0.0,32.0,3,0,33,0,0,6.91
David Costas,Oviedo,Big5,DF,1886,,0,Perfil 0,1,1,0.98,1,0,0.9,0.0,0.0,0.0,25,0.0,0.0,2.9400000000000004,1,0.0,0.0,0.0,31.0,3,0,23,0,0,6.56
Vladimír Coufal,Hoffenheim,Big5,DF,2922,,1,Atacantes,1,1,1.0,1,8,0.9,0.0,0.0,0.0,37,0.0,0.0,26.0,6,0.0,0.0,0.0,33.0,4,0,33,0,0,7.35
Yan Couto,Dortmund,Big5,MF,994,,0,Perfil 0,0,0,0.16,1,2,1.0,0.0,0.0,0.0,9,0.0,0.0,7.92,3,0.0,0.0,0.0,23.0,4,0,18,3,0,6.86
Patrice Čović,Werder Bremen,Big5,MF,330,,0,Perfil 0,0,0,0.01,1,0,1.3,0.0,0.0,0.0,4,0.0,0.0,5.032000000000001,2,0.0,0.0,0.0,18.0,1,0,14,3,0,6.86
Montrell Culbreath,Leverkusen,Big5,MF,675,,0,Perfil 0,0,0,0.0,1,0,1.8,0.0,0.0,0.0,7,0.0,0.0,8.025,2,0.0,0.0,0.0,18.0,0,0,11,3,0,6.86
Matheus Cunha,Manchester Utd,Big5,MF,2415,75000000.0,1,Atacantes,1,1,1.0,9,2,7.1,0.0,0.0,0.0,21,0.0,0.0,85.76,34,0.0,0.0,0.0,26.0,4,0,32,3,0,7.29
Adam Daghim,Wolfsburg,Big5,MF,1277,,0,Perfil 0,1,1,0.94,2,3,2.5,0.0,0.0,0.0,11,0.0,0.0,23.997999999999998,6,0.0,0.0,0.0,20.0,2,0,26,3,0,6.6
Finn Dahmen,Augsburg,Big5,GK,2970,,2,Goleiros,1,1,1.0,0,0,0.3,0.0,0.0,0.0,0,0.0,0.0,0.99,0,100.0,66.0,5.0,28.0,1,0,33,2,0,6.72
Diogo Dalot,Manchester Utd,Big5,DF,2524,,0,Perfil 0,1,1,1.0,1,3,2.0,0.0,0.0,0.0,25,0.0,0.0,22.959999999999997,6,0.0,0.0,0.0,27.0,5,0,33,0,0,7.13
Arnaut Danjuma,Valencia,Big5,MF,1628,,1,Atacantes,1,1,0.97,3,2,4.7,0.0,0.0,0.0,2,0.0,0.0,36.019000000000005,14,0.0,0.0,0.0,29.0,0,0,30,3,0,6.57
Matteo Darmian,Inter,Big5,MF,185,,0,Perfil 0,0,0,0.0,0,0,0.0,0.0,0.0,0.0,1,0.0,0.0,0.0,0,0.0,0.0,0.0,36.0,0,0,5,3,0,6.86
Alphonso Davies,Bayern Munich,Big5,DF,525,,0,Perfil 0,0,0,0.09,1,3,0.3,0.0,0.0,0.0,3,0.0,0.0,4.002,1,0.0,0.0,0.0,25.0,1,0,13,0,0,6.86
Maxim De Cuyper,Brighton,Big5,DF,1280,,0,Perfil 0,1,1,0.92,2,3,1.8,0.0,0.0,0.0,9,0.0,0.0,10.934,6,0.0,0.0,0.0,25.0,2,0,28,0,0,6.75
Olivier Deman,Werder Bremen,Big5,DF,1164,,0,Perfil 0,1,1,0.75,1,2,0.5,0.0,0.0,0.0,9,0.0,0.0,9.933,3,0.0,0.0,0.0,26.0,3,0,15,0,0,6.86
Ermedin Demirović,Stuttgart,Big5,FW,1412,,1,Atacantes,1,1,0.98,12,3,7.6,0.0,0.0,0.0,2,0.0,0.0,40.035,21,0.0,0.0,0.0,28.0,4,0,24,1,0,7.11
Rav van den Berg,Köln,Big5,DF,1131,,0,Perfil 0,1,1,0.68,0,1,0.0,0.0,0.0,0.0,14,0.0,0.0,1.008,0,0.0,0.0,0.0,21.0,0,1,14,0,0,6.86
Leander Dendoncker,Oviedo,Big5,MF,1330,,0,Perfil 0,1,1,0.76,1,0,0.8,0.0,0.0,0.0,11,0.0,0.0,9.028,4,0.0,0.0,0.0,31.0,2,0,19,3,0,6.86
Mouctar Diakhaby,Valencia,Big5,DF,543,,0,Perfil 0,0,0,0.01,1,0,0.5,0.0,0.0,0.0,9,0.0,0.0,3.96,3,0.0,0.0,0.0,29.0,3,0,8,0,0,6.86
Amad Diallo,Manchester Utd,Big5,MF,2161,45000000.0,1,Atacantes,1,1,1.0,2,2,5.6,0.0,0.0,0.0,13,0.0,0.0,48.96,20,0.0,0.0,0.0,23.0,2,0,30,3,0,7.19
Julio Diaz,Atlético Madrid,Big5,DF,310,,0,Perfil 0,0,0,0.0,0,1,0.0,0.0,0.0,0.0,4,0.0,0.0,0.9859999999999999,0,0.0,0.0,0.0,21.0,2,0,4,0,0,6.86
Luis Díaz,Bayern Munich,Big5,MF,2357,70000000.0,1,Atacantes,1,1,1.0,15,13,15.1,0.0,0.0,0.0,17,0.0,0.0,85.14999999999999,35,0.0,0.0,0.0,29.0,7,1,31,3,0,7.75
Kevin Diks,Gladbach,Big5,DF,2374,,0,Perfil 0,1,1,1.0,4,0,5.1,0.0,0.0,0.0,24,0.0,0.0,21.912,12,0.0,0.0,0.0,29.0,6,0,29,0,0,6.95
Federico Dimarco,Inter,Big5,MF,2618,50000000.0,1,Atacantes,1,1,1.0,6,16,5.2,0.0,0.0,0.0,29,0.0,0.0,63.147,20,0.0,0.0,0.0,28.0,3,0,33,3,0,7.74
Stole Dimitrievski,Valencia,Big5,GK,1530,,2,Goleiros,1,1,0.98,0,0,0.0,0.0,0.0,0.0,0,0.0,0.0,0.0,0,46.0,73.0,5.0,32.0,1,0,17,2,0,6.98
Eren Dinkçi,Heidenheim,Big5,MF,1059,,0,Perfil 0,1,1,0.66,3,1,4.0,0.0,0.0,0.0,5,0.0,0.0,22.066000000000003,8,0.0,0.0,0.0,24.0,2,0,13,3,0,6.72
Eren Dinkçi,Freiburg,Big5,MF,248,,0,Perfil 0,0,0,0.01,0,0,4.0,0.0,0.0,0.0,4,0.0,0.0,4.06,0,0.0,0.0,0.0,24.0,1,0,8,3,0,6.72
Andy Diouf,Inter,Big5,MF,341,,0,Perfil 0,0,0,0.0,0,0,0.6,0.0,0.0,0.0,1,0.0,0.0,6.004,2,0.0,0.0,0.0,22.0,1,0,17,3,0,6.86
Danilho Doekhi,Union Berlin,Big5,DF,2970,,1,Atacantes,1,1,1.0,5,0,4.2,0.0,0.0,0.0,41,0.0,0.0,43.89,11,0.0,0.0,0.0,27.0,4,0,33,0,0,6.94
Matt Doherty,Wolves,Big5,DF,787,,0,Perfil 0,0,0,0.04,0,0,0.1,0.0,0.0,0.0,7,0.0,0.0,2.958,0,0.0,0.0,0.0,34.0,4,0,11,0,0,6.86
Carlos Dominguez,Celta Vigo,Big5,DF,610,,0,Perfil 0,0,0,0.0,0,0,0.5,0.0,0.0,0.0,5,0.0,0.0,2.04,1,0.0,0.0,0.0,25.0,1,0,8,0,0,6.86
Patrick Dorgu,Manchester Utd,Big5,MF,1377,,0,Perfil 0,1,1,1.0,3,3,2.4,0.0,0.0,0.0,14,0.0,0.0,20.961000000000002,7,0.0,0.0,0.0,21.0,5,0,24,3,0,7.15
Niklas Dorsch,Heidenheim,Big5,MF,2186,,0,Perfil 0,1,1,0.97,0,1,0.6,0.0,0.0,0.0,19,0.0,0.0,14.094,3,0.0,0.0,0.0,28.0,2,0,31,3,0,6.78
Denzel Dumfries,Inter,Big5,MF,1325,,0,Perfil 0,1,1,0.77,3,1,3.4,0.0,0.0,0.0,7,0.0,0.0,22.932,5,0.0,0.0,0.0,30.0,2,0,20,3,0,6.78
Lewis Dunk,Brighton,Big5,DF,2658,,0,Perfil 0,1,1,1.0,1,0,1.7,0.0,0.0,0.0,29,0.0,0.0,21.83,3,0.0,0.0,0.0,34.0,10,0,31,0,0,6.97
Pablo Durán,Celta Vigo,Big5,FW,1376,,1,Atacantes,1,1,0.98,2,2,4.3,0.0,0.0,0.0,5,0.0,0.0,35.955000000000005,14,0.0,0.0,0.0,24.0,1,0,28,1,0,6.5
Hugo Duro,Valencia,Big5,FW,1768,,1,Atacantes,1,1,0.98,9,0,8.8,0.0,0.0,0.0,3,0.0,0.0,33.908,13,0.0,0.0,0.0,26.0,4,0,33,1,0,6.58
Claudio Echeverri,Leverkusen,Big5,MF,134,,0,Perfil 0,0,0,0.0,0,0,0.1,0.0,0.0,0.0,1,0.0,0.0,1.0050000000000001,0,0.0,0.0,0.0,20.0,0,0,6,3,0,6.86
Andrias Edmundsson,Hellas Verona,Big5,DF,1139,,0,Perfil 0,1,1,0.87,0,0,0.2,0.0,0.0,0.0,26,0.0,0.0,4.064,1,0.0,0.0,0.0,25.0,3,0,13,0,0,6.86
Maximilian Eggestein,Freiburg,Big5,MF,2970,,1,Atacantes,1,1,1.0,3,1,3.8,0.0,0.0,0.0,31,0.0,0.0,43.89,13,0.0,0.0,0.0,29.0,4,0,33,3,0,6.85
Ovie Ejaria,Oviedo,Big5,MF,200,,0,Perfil 0,0,0,0.0,0,0,0.1,0.0,0.0,0.0,3,0.0,0.0,2.9700000000000006,1,0.0,0.0,0.0,28.0,1,0,8,3,0,6.86
Nico Elvedi,Gladbach,Big5,DF,2876,,0,Perfil 0,1,1,0.99,0,0,0.5,0.0,0.0,0.0,38,0.0,0.0,8.0,0,0.0,0.0,0.0,29.0,5,0,32,0,0,6.96
Yannik Engelhardt,Gladbach,Big5,MF,2397,,0,Perfil 0,1,1,1.0,2,2,2.1,0.0,0.0,0.0,33,0.0,0.0,21.014000000000003,5,0.0,0.0,0.0,25.0,7,0,30,3,0,6.93
Christian Eriksen,Wolfsburg,Big5,MF,2321,,1,Atacantes,1,1,0.99,3,8,6.0,0.0,0.0,0.0,18,0.0,0.0,35.088,12,0.0,0.0,0.0,34.0,4,0,30,3,0,7.05
Aarón Escandell,Oviedo,Big5,GK,3150,,2,Goleiros,1,1,1.0,0,1,0.0,0.0,0.0,0.0,0,0.0,0.0,0.0,0,140.0,73.8,10.0,30.0,3,0,35,2,0,7.08
Samuel Essende,Augsburg,Big5,MF,414,,0,Perfil 0,0,0,0.03,1,0,1.7,0.0,0.0,0.0,1,0.0,0.0,17.02,4,0.0,0.0,0.0,28.0,2,0,14,3,0,6.86
Frank Feller,Heidenheim,Big5,GK,180,,0,Perfil 0,0,0,0.0,0,0,0.0,0.0,0.0,0.0,0,0.0,0.0,0.0,0,10.0,76.9,0.0,22.0,0,0,2,2,0,6.93
Robin Fellhauer,Augsburg,Big5,MF,2709,,1,Atacantes,1,1,1.0,3,2,2.8,0.0,0.0,0.0,21,0.0,0.0,30.1,9,0.0,0.0,0.0,28.0,2,0,33,3,0,7.03
Bruno Fernandes,Manchester Utd,Big5,MF,2883,,1,Atacantes,1,1,1.0,8,19,10.8,0.0,0.0,0.0,20,0.0,0.0,79.04,22,0.0,0.0,0.0,31.0,5,0,33,3,0,8.03
Manu Fernández,Celta Vigo,Big5,DF,758,,0,Perfil 0,0,0,0.01,0,0,0.1,0.0,0.0,0.0,7,0.0,0.0,2.016,0,0.0,0.0,0.0,25.0,2,0,14,0,0,6.86
Thiago Fernández,Oviedo,Big5,MF,704,,0,Perfil 0,0,0,0.06,0,4,0.5,0.0,0.0,0.0,5,0.0,0.0,11.934,5,0.0,0.0,0.0,22.0,3,0,14,3,0,6.86
Kilian Fischer,Wolfsburg,Big5,DF,800,,0,Perfil 0,0,0,0.01,0,0,0.1,0.0,0.0,0.0,12,0.0,0.0,2.047,0,0.0,0.0,0.0,25.0,0,0,11,0,0,6.86
Mark Flekken,Leverkusen,Big5,GK,2039,,2,Goleiros,1,1,1.0,0,0,0.0,0.0,0.0,0.0,0,0.0,0.0,0.0,0,74.0,71.2,5.0,32.0,2,0,23,2,0,6.73
Jack Fletcher,Manchester Utd,Big5,MF,108,,0,Perfil 0,0,0,0.0,0,0,0.0,0.0,0.0,0.0,1,0.0,0.0,0.9959999999999999,0,0.0,0.0,0.0,19.0,0,0,3,3,0,6.86
Jonas Föhrenbach,Heidenheim,Big5,DF,2235,,0,Perfil 0,1,1,0.99,1,1,0.5,0.0,0.0,0.0,33,0.0,0.0,5.952,1,0.0,0.0,0.0,30.0,3,0,26,0,0,6.62
Nicolas Fonseca,Oviedo,Big5,MF,805,,0,Perfil 0,0,0,0.18,0,0,0.4,0.0,0.0,0.0,16,0.0,0.0,6.942,1,0.0,0.0,0.0,27.0,6,0,16,3,0,6.43
Álex Forés,Oviedo,Big5,FW,303,,0,Perfil 0,0,0,0.01,0,1,1.2,0.0,0.0,0.0,1,0.0,0.0,8.091999999999999,2,0.0,0.0,0.0,25.0,0,0,16,1,0,6.74
Dimitri Foulquier,Valencia,Big5,DF,1150,,0,Perfil 0,1,1,0.73,0,0,0.6,0.0,0.0,0.0,8,0.0,0.0,6.016,1,0.0,0.0,0.0,33.0,1,0,15,0,0,6.86
Davide Frattesi,Inter,Big5,MF,569,,0,Perfil 0,0,0,0.02,0,0,2.2,0.0,0.0,0.0,3,0.0,0.0,15.938999999999998,4,0.0,0.0,0.0,26.0,0,0,22,3,0,6.86
Martin Frese,Hellas Verona,Big5,MF,2256,,0,Perfil 0,1,1,1.0,2,0,1.7,0.0,0.0,0.0,29,0.0,0.0,20.080000000000002,11,0.0,0.0,0.0,28.0,8,0,29,3,0,6.88
Marco Friedl,Werder Bremen,Big5,DF,2501,,0,Perfil 0,1,1,0.99,1,0,0.7,0.0,0.0,0.0,34,0.0,0.0,8.062,2,0.0,0.0,0.0,28.0,9,1,29,0,0,6.78
Marvin Friedrich,Gladbach,Big5,DF,152,,0,Perfil 0,0,0,0.0,0,0,0.0,0.0,0.0,0.0,1,0.0,0.0,0.0,0,0.0,0.0,0.0,30.0,0,0,6,0,0,6.86
Chris Führich,Stuttgart,Big5,MF,1626,,1,Atacantes,1,1,0.99,7,6,4.3,0.0,0.0,0.0,3,0.0,0.0,43.078,22,0.0,0.0,0.0,28.0,2,0,32,3,0,7.2
Roberto Gagliardini,Hellas Verona,Big5,MF,2182,,0,Perfil 0,1,1,1.0,1,0,1.2,0.0,0.0,0.0,56,0.0,0.0,15.004,3,0.0,0.0,0.0,32.0,8,0,28,3,0,7.08
Conor Gallagher,Atlético Madrid,Big5,MF,679,,0,Perfil 0,0,0,0.22,2,0,1.1,0.0,0.0,0.0,11,0.0,0.0,12.9,5,0.0,0.0,0.0,26.0,2,0,19,3,0,6.49
Aleix García,Leverkusen,Big5,MF,2584,,1,Atacantes,1,1,1.0,3,7,2.3,0.0,0.0,0.0,21,0.0,0.0,28.125999999999998,5,0.0,0.0,0.0,28.0,6,0,32,3,0,7.49
Yannick Gerhardt,Wolfsburg,Big5,MF,1044,,0,Perfil 0,1,1,0.77,1,0,1.0,0.0,0.0,0.0,10,0.0,0.0,9.975999999999999,1,0.0,0.0,0.0,32.0,1,0,18,3,0,6.86
Ismaël Gharbi,Augsburg,Big5,MF,94,,0,Perfil 0,0,0,0.0,0,0,0.2,0.0,0.0,0.0,0,0.0,0.0,2.87,0,0.0,0.0,0.0,22.0,0,0,6,3,0,6.86
Benedikt Gimber,Heidenheim,Big5,DF,1436,,0,Perfil 0,1,1,0.95,0,0,0.3,0.0,0.0,0.0,15,0.0,0.0,4.0,1,0.0,0.0,0.0,29.0,6,0,21,0,0,6.26
Matthias Ginter,Freiburg,Big5,DF,2762,,0,Perfil 0,1,1,1.0,2,3,2.3,0.0,0.0,0.0,22,0.0,0.0,16.885,6,0.0,0.0,0.0,32.0,3,0,31,0,0,7.01
Serge Gnabry,Bayern Munich,Big5,MF,1219,,1,Atacantes,1,1,0.97,8,6,6.3,0.0,0.0,0.0,4,0.0,0.0,49.815,17,0.0,0.0,0.0,30.0,1,0,21,3,0,7.36
Angel Gomes,Wolves,Big5,MF,396,,0,Perfil 0,0,0,0.0,0,0,0.3,0.0,0.0,0.0,1,0.0,0.0,5.984000000000001,2,0.0,0.0,0.0,25.0,1,0,11,3,0,6.86
João Gomes,Wolves,Big5,MF,2739,40000000.0,0,Perfil 0,1,1,1.0,1,1,1.3,0.0,0.0,0.0,34,0.0,0.0,18.848,7,0.0,0.0,0.0,25.0,10,0,34,3,0,6.94
Rodrigo Gomes,Wolves,Big5,MF,795,,0,Perfil 0,0,0,0.11,3,0,2.1,0.0,0.0,0.0,9,0.0,0.0,15.928000000000003,6,0.0,0.0,0.0,22.0,0,0,20,3,0,6.43
Toti Gomes,Wolves,Big5,DF,1399,,0,Perfil 0,1,1,0.77,0,0,0.5,0.0,0.0,0.0,13,0.0,0.0,4.96,2,0.0,0.0,0.0,27.0,2,1,18,0,0,6.86
Diego Gómez,Brighton,Big5,MF,2036,,1,Atacantes,1,1,0.99,5,1,6.3,0.0,0.0,0.0,17,0.0,0.0,35.934000000000005,14,0.0,0.0,0.0,23.0,9,0,30,3,0,6.91
Nicolás González,Atlético Madrid,Big5,MF,1448,,1,Atacantes,1,1,0.98,5,0,4.2,0.0,0.0,0.0,11,0.0,0.0,42.987,21,0.0,0.0,0.0,28.0,4,1,24,3,0,6.96
Leon Goretzka,Bayern Munich,Big5,MF,1865,,1,Atacantes,1,1,1.0,5,2,4.8,0.0,0.0,0.0,25,0.0,0.0,32.913000000000004,11,0.0,0.0,0.0,31.0,4,0,30,3,0,7.29
Jeffrey Gouweleeuw,Augsburg,Big5,DF,758,,0,Perfil 0,0,0,0.03,0,1,0.3,0.0,0.0,0.0,12,0.0,0.0,4.9559999999999995,3,0.0,0.0,0.0,34.0,3,0,10,0,0,6.86
Kamil Grabara,Wolfsburg,Big5,GK,2970,,2,Goleiros,1,1,1.0,0,0,0.0,0.0,0.0,0.0,1,0.0,0.0,0.99,0,119.0,65.5,2.0,27.0,1,0,33,2,0,6.84
Michael Gregoritsch,Augsburg,Big5,FW,837,,1,Atacantes,0,0,0.27,6,2,5.3,0.0,0.0,0.0,4,0.0,0.0,29.016000000000002,10,0.0,0.0,0.0,32.0,2,0,16,1,0,6.74
Antoine Griezmann,Atlético Madrid,Big5,FW,1301,,1,Atacantes,1,1,1.0,7,2,7.6,0.0,0.0,0.0,6,0.0,0.0,41.18,22,0.0,0.0,0.0,35.0,1,0,32,1,0,6.9
Vincenzo Grifo,Freiburg,Big5,MF,1679,,1,Atacantes,1,1,0.98,7,4,5.7,0.0,0.0,0.0,16,0.0,0.0,30.107,12,0.0,0.0,0.0,33.0,0,0,32,3,0,6.86
Pascal Groß,Dortmund,Big5,MF,613,,0,Perfil 0,0,0,0.0,0,1,0.6,0.0,0.0,0.0,5,0.0,0.0,7.9559999999999995,1,0.0,0.0,0.0,34.0,0,0,11,3,0,6.86
Pascal Groß,Brighton,Big5,MF,1456,,0,Perfil 0,1,1,0.8,1,3,1.5,0.0,0.0,0.0,9,0.0,0.0,14.094,6,0.0,0.0,0.0,34.0,2,0,17,3,0,7.2
Brajan Gruda,Brighton,Big5,MF,719,,0,Perfil 0,0,0,0.02,1,1,1.7,0.0,0.0,0.0,2,0.0,0.0,16.0,6,0.0,0.0,0.0,21.0,2,0,18,3,0,6.86
Marco Grüll,Werder Bremen,Big5,MF,1968,,1,Atacantes,1,1,1.0,3,1,3.6,0.0,0.0,0.0,13,0.0,0.0,42.047999999999995,12,0.0,0.0,0.0,27.0,5,0,32,3,0,6.74
Javier Guerra,Valencia,Big5,MF,1822,,0,Perfil 0,1,1,0.99,1,5,3.4,0.0,0.0,0.0,22,0.0,0.0,19.997999999999998,6,0.0,0.0,0.0,23.0,3,0,33,3,0,6.93
Raphaël Guerreiro,Bayern Munich,Big5,MF,763,,0,Perfil 0,0,0,0.06,5,2,3.4,0.0,0.0,0.0,1,0.0,0.0,11.05,5,0.0,0.0,0.0,32.0,0,0,17,3,0,6.86
Serhou Guirassy,Dortmund,Big5,FW,2255,,1,Atacantes,1,1,1.0,16,1,17.6,0.0,0.0,0.0,0,0.0,0.0,76.053,35,0.0,0.0,0.0,30.0,3,0,32,1,0,7.23
Christian Günter,Freiburg,Big5,DF,1547,,0,Perfil 0,1,1,0.87,0,3,0.4,0.0,0.0,0.0,10,0.0,0.0,8.943999999999999,0,0.0,0.0,0.0,33.0,3,0,24,0,0,6.42
Janik Haberer,Union Berlin,Big5,MF,1646,,0,Perfil 0,1,1,0.89,0,1,0.6,0.0,0.0,0.0,10,0.0,0.0,10.98,1,0.0,0.0,0.0,32.0,8,0,28,3,0,6.52
Robin Hack,Gladbach,Big5,MF,296,,0,Perfil 0,0,0,0.0,0,0,1.2,0.0,0.0,0.0,1,0.0,0.0,10.032,3,0.0,0.0,0.0,27.0,1,0,7,3,0,6.86
Albian Hajdari,Hoffenheim,Big5,DF,2370,,0,Perfil 0,1,1,1.0,1,2,1.7,0.0,0.0,0.0,40,0.0,0.0,18.936,4,0.0,0.0,0.0,22.0,9,0,29,0,0,7.11
Andreas Hanche-Olsen,Mainz 05,Big5,DF,851,,0,Perfil 0,0,0,0.29,0,1,0.4,0.0,0.0,0.0,13,0.0,0.0,5.985,3,0.0,0.0,0.0,29.0,3,0,13,0,0,6.86
Dávid Hancko,Atlético Madrid,Big5,DF,2297,,0,Perfil 0,1,1,1.0,0,2,1.3,0.0,0.0,0.0,19,0.0,0.0,19.89,5,0.0,0.0,0.0,28.0,2,0,28,0,0,6.93
Abdou Harroui,Hellas Verona,Big5,MF,793,,0,Perfil 0,0,0,0.0,1,0,1.2,0.0,0.0,0.0,1,0.0,0.0,11.0,2,0.0,0.0,0.0,28.0,3,0,21,3,0,6.86
Haissem Hassan,Oviedo,Big5,MF,1797,,0,Perfil 0,1,1,0.99,0,3,1.6,0.0,0.0,0.0,6,0.0,0.0,31.0,7,0.0,0.0,0.0,24.0,1,0,34,3,0,6.55
Ayden Heaven,Manchester Utd,Big5,DF,924,,0,Perfil 0,0,0,0.11,0,1,0.3,0.0,0.0,0.0,1,0.0,0.0,2.987,0,0.0,0.0,0.0,19.0,2,0,17,0,0,6.86
Jan Paul van Hecke,Brighton,Big5,DF,3030,45000000.0,1,Atacantes,1,1,1.0,3,3,3.3,0.0,0.0,0.0,42,0.0,0.0,21.905,10,0.0,0.0,0.0,25.0,9,0,34,0,0,7.1
Dominique Heintz,Köln,Big5,DF,382,,0,Perfil 0,0,0,0.0,0,0,0.0,0.0,0.0,0.0,5,0.0,0.0,0.0,0,0.0,0.0,0.0,32.0,0,0,9,0,0,6.86
Ramon Hendriks,Stuttgart,Big5,DF,1935,,0,Perfil 0,1,1,1.0,0,3,0.3,0.0,0.0,0.0,22,0.0,0.0,4.085,0,0.0,0.0,0.0,24.0,3,0,30,0,0,6.77
Luis Henrique,Inter,Big5,MF,1497,,0,Perfil 0,1,1,0.97,1,2,0.9,0.0,0.0,0.0,7,0.0,0.0,14.940000000000001,7,0.0,0.0,0.0,24.0,1,0,28,3,0,7.01
Piero Hincapié,Leverkusen,Big5,DF,90,50000000.0,0,Perfil 0,0,0,0.0,0,0,0.4,0.0,0.0,0.0,2,0.0,0.0,2.0,1,0.0,0.0,0.0,24.0,0,0,1,0,0,6.86
Jack Hinshelwood,Brighton,Big5,MF,1587,,1,Atacantes,1,1,0.99,4,3,4.9,0.0,0.0,0.0,6,0.0,0.0,33.968,14,0.0,0.0,0.0,21.0,0,0,25,3,0,6.77
Ki-Jana Hoever,Wolves,Big5,MF,425,,0,Perfil 0,0,0,0.0,0,0,0.0,0.0,0.0,0.0,5,0.0,0.0,0.987,1,0.0,0.0,0.0,24.0,0,0,8,3,0,6.86
Nicolas Höfler,Freiburg,Big5,MF,232,,0,Perfil 0,0,0,0.0,0,0,0.1,0.0,0.0,0.0,2,0.0,0.0,4.03,2,0.0,0.0,0.0,36.0,0,0,12,3,0,6.86
Jonas Hofmann,Leverkusen,Big5,MF,984,,0,Perfil 0,0,0,0.07,2,2,1.6,0.0,0.0,0.0,2,0.0,0.0,21.909,7,0.0,0.0,0.0,33.0,3,0,22,3,0,6.86
Lucas Höler,Freiburg,Big5,FW,2018,,1,Atacantes,1,1,1.0,3,1,4.5,0.0,0.0,0.0,11,0.0,0.0,32.032,15,0.0,0.0,0.0,31.0,4,0,32,1,0,6.71
Benedict Hollerbach,Mainz 05,Big5,FW,872,,0,Perfil 0,0,0,0.05,1,3,2.0,0.0,0.0,0.0,1,0.0,0.0,22.019,6,0.0,0.0,0.0,24.0,0,0,14,1,0,6.74
Franck Honorat,Gladbach,Big5,MF,1953,,0,Perfil 0,1,1,0.96,2,6,0.9,0.0,0.0,0.0,5,0.0,0.0,16.926,5,0.0,0.0,0.0,29.0,0,0,27,3,0,6.87
Mathias Honsak,Heidenheim,Big5,MF,1231,,0,Perfil 0,1,1,1.0,2,1,3.2,0.0,0.0,0.0,17,0.0,0.0,31.099,8,0.0,0.0,0.0,29.0,1,0,26,3,0,6.56
Andreas Hountondji,St Pauli,Big5,FW,1022,,0,Perfil 0,0,0,0.15,4,0,4.3,0.0,0.0,0.0,0,0.0,0.0,20.064,13,0.0,0.0,0.0,23.0,2,0,20,1,0,6.2
Harry Howell,Brighton,Big5,MF,94,,0,Perfil 0,0,0,0.0,0,0,0.0,0.0,0.0,0.0,0,0.0,0.0,0.0,0,0.0,0.0,0.0,18.0,0,0,3,3,0,6.86
Robin Hranáč,Hoffenheim,Big5,DF,2251,,0,Perfil 0,1,1,0.98,1,0,2.1,0.0,0.0,0.0,20,0.0,0.0,8.0,3,0.0,0.0,0.0,26.0,5,0,29,0,0,6.82
Timo Hübers,Köln,Big5,DF,675,,0,Perfil 0,0,0,0.02,0,0,0.0,0.0,0.0,0.0,10,0.0,0.0,0.0,0,0.0,0.0,0.0,29.0,0,0,8,0,0,6.86
Denis Huseinbasic,Köln,Big5,MF,726,,0,Perfil 0,0,0,0.0,0,0,0.4,0.0,0.0,0.0,5,0.0,0.0,5.994,0,0.0,0.0,0.0,24.0,1,0,15,3,0,6.86
Arijon Ibrahimović,Heidenheim,Big5,MF,2105,,1,Atacantes,1,1,1.0,2,4,6.3,0.0,0.0,0.0,23,0.0,0.0,43.992,19,0.0,0.0,0.0,20.0,2,0,31,3,0,6.91
Borja Iglesias,Celta Vigo,Big5,FW,1769,,1,Atacantes,1,1,0.99,14,2,10.5,0.0,0.0,0.0,0,0.0,0.0,46.098,26,0.0,0.0,0.0,33.0,7,0,33,1,0,6.79
Andrej Ilic,Union Berlin,Big5,FW,2172,,1,Atacantes,1,1,0.96,3,10,11.3,0.0,0.0,0.0,2,0.0,0.0,67.962,23,0.0,0.0,0.0,26.0,5,0,31,1,0,6.75
Luka Ilić,Oviedo,Big5,MF,714,,0,Perfil 0,0,0,0.17,1,0,0.7,0.0,0.0,0.0,7,0.0,0.0,8.927,5,0.0,0.0,0.0,26.0,4,1,18,3,0,6.86
Samuele Inácio,Dortmund,Big5,MF,316,,0,Perfil 0,0,0,0.0,1,0,1.8,0.0,0.0,0.0,0,0.0,0.0,6.965,4,0.0,0.0,0.0,18.0,2,0,6,3,0,6.86
Cyriaque Irié,Freiburg,Big5,MF,347,,0,Perfil 0,0,0,0.0,0,0,0.7,0.0,0.0,0.0,3,0.0,0.0,7.098,2,0.0,0.0,0.0,20.0,3,0,10,3,0,6.86
Jackson Irvine,St Pauli,Big5,MF,1535,,0,Perfil 0,1,1,0.96,0,1,1.4,0.0,0.0,0.0,26,0.0,0.0,18.126,4,0.0,0.0,0.0,33.0,2,1,23,3,0,6.76
Hiroki Ito,Bayern Munich,Big5,DF,920,,0,Perfil 0,0,0,0.26,1,2,0.9,0.0,0.0,0.0,13,0.0,0.0,9.995999999999999,3,0.0,0.0,0.0,27.0,0,0,16,0,0,6.86
Nicolas Jackson,Bayern Munich,Big5,FW,999,40000000.0,1,Atacantes,0,0,0.4,7,1,7.3,0.0,0.0,0.0,4,0.0,0.0,36.963,20,0.0,0.0,0.0,24.0,2,1,22,1,0,6.96
Kristijan Jakić,Augsburg,Big5,MF,1653,,0,Perfil 0,1,1,1.0,2,1,1.5,0.0,0.0,0.0,17,0.0,0.0,18.032,6,0.0,0.0,0.0,29.0,5,0,26,3,0,6.77
Luca Jaquez,Stuttgart,Big5,DF,880,,0,Perfil 0,0,0,0.06,0,1,0.1,0.0,0.0,0.0,11,0.0,0.0,4.018,0,0.0,0.0,0.0,22.0,1,0,13,0,0,6.86
Finn Jeltsch,Stuttgart,Big5,DF,1507,,0,Perfil 0,1,1,0.98,0,1,0.1,0.0,0.0,0.0,19,0.0,0.0,3.006,0,0.0,0.0,0.0,19.0,3,0,22,0,0,6.84
Moritz Jenz,Wolfsburg,Big5,DF,1787,,0,Perfil 0,1,1,0.9,1,0,0.5,0.0,0.0,0.0,12,0.0,0.0,4.975,1,0.0,0.0,0.0,27.0,8,1,22,0,0,6.45
Sam Johnstone,Wolves,Big5,GK,1080,,0,Perfil 0,1,1,0.88,0,0,0.0,0.0,0.0,0.0,0,0.0,0.0,0.0,0,39.0,62.9,0.0,33.0,0,0,12,2,0,6.93
Ricky-Jade Jones,St Pauli,Big5,FW,337,,0,Perfil 0,0,0,0.0,2,0,1.6,0.0,0.0,0.0,1,0.0,0.0,10.878,6,0.0,0.0,0.0,24.0,1,0,8,1,0,6.74
Anthony Jung,Freiburg,Big5,DF,526,,0,Perfil 0,0,0,0.04,0,0,0.0,0.0,0.0,0.0,10,0.0,0.0,0.986,0,0.0,0.0,0.0,34.0,2,0,12,0,0,6.86
Josip Juranović,Union Berlin,Big5,MF,304,,0,Perfil 0,0,0,0.0,1,1,0.7,0.0,0.0,0.0,0,0.0,0.0,4.012,1,0.0,0.0,0.0,30.0,1,0,10,3,0,6.86
Ferran Jutglà,Celta Vigo,Big5,FW,1569,,1,Atacantes,1,1,1.0,9,3,6.7,0.0,0.0,0.0,7,0.0,0.0,44.891999999999996,26,0.0,0.0,0.0,27.0,4,0,28,1,0,6.88
Martijn Kaars,St Pauli,Big5,FW,1258,,0,Perfil 0,1,1,0.79,3,1,3.6,0.0,0.0,0.0,0,0.0,0.0,21.98,10,0.0,0.0,0.0,27.0,2,0,28,1,0,6.33
Ozan Kabak,Hoffenheim,Big5,DF,1661,,0,Perfil 0,1,1,1.0,4,0,4.3,0.0,0.0,0.0,26,0.0,0.0,34.04,12,0.0,0.0,0.0,26.0,4,0,24,0,0,7.06
Anton Kade,Augsburg,Big5,MF,1653,,1,Atacantes,1,1,0.99,6,0,6.3,0.0,0.0,0.0,12,0.0,0.0,43.056,20,0.0,0.0,0.0,22.0,3,0,27,3,0,6.84
Ferdi Kadioglu,Brighton,Big5,DF,2953,,0,Perfil 0,1,1,1.0,1,0,2.0,0.0,0.0,0.0,24,0.0,0.0,25.912,12,0.0,0.0,0.0,26.0,6,0,35,0,0,6.93
Florian Kainz,Köln,Big5,MF,278,,0,Perfil 0,0,0,0.02,1,1,0.8,0.0,0.0,0.0,3,0.0,0.0,8.029,4,0.0,0.0,0.0,33.0,1,0,14,3,0,6.86
Jakub Kamiński,Köln,Big5,MF,2927,,1,Atacantes,1,1,1.0,7,3,7.1,0.0,0.0,0.0,22,0.0,0.0,61.099999999999994,25,0.0,0.0,0.0,23.0,4,0,33,3,0,7.11
Harry Kane,Bayern Munich,Big5,FW,2287,60000000.0,1,Atacantes,1,1,1.0,33,5,26.9,0.0,0.0,0.0,7,0.0,0.0,114.04599999999999,64,0.0,0.0,0.0,32.0,1,0,30,1,0,8.14
Atakan Karazor,Stuttgart,Big5,MF,1884,,0,Perfil 0,1,1,0.98,0,1,0.7,0.0,0.0,0.0,15,0.0,0.0,6.897,2,0.0,0.0,0.0,29.0,5,1,28,3,0,6.89
Lennart Karl,Bayern Munich,Big5,MF,1221,60000000.0,1,Atacantes,1,1,0.99,5,4,7.6,0.0,0.0,0.0,10,0.0,0.0,40.120000000000005,21,0.0,0.0,0.0,18.0,1,0,25,3,0,7.13
Mikkel Kaufmann,Heidenheim,Big5,FW,537,,0,Perfil 0,0,0,0.0,1,1,1.4,0.0,0.0,0.0,1,0.0,0.0,11.040000000000001,3,0.0,0.0,0.0,25.0,2,0,16,1,0,6.74
Sota Kawasaki,Mainz 05,Big5,MF,309,,0,Perfil 0,0,0,0.0,0,0,0.1,0.0,0.0,0.0,3,0.0,0.0,0.9859999999999999,0,0.0,0.0,0.0,24.0,1,0,10,3,0,6.86
Yannik Keitel,Augsburg,Big5,DF,194,,0,Perfil 0,0,0,0.0,0,0,0.0,0.0,0.0,0.0,2,0.0,0.0,0.0,0,0.0,0.0,0.0,26.0,2,0,5,0,0,6.86
Aljoscha Kemlein,Union Berlin,Big5,MF,1869,,0,Perfil 0,1,1,0.99,0,2,1.2,0.0,0.0,0.0,18,0.0,0.0,16.016000000000002,2,0.0,0.0,0.0,21.0,3,0,29,3,0,6.77
Luca Kerber,Heidenheim,Big5,MF,682,,0,Perfil 0,0,0,0.0,2,0,1.7,0.0,0.0,0.0,3,0.0,0.0,9.043999999999999,3,0.0,0.0,0.0,24.0,3,0,18,3,0,6.86
Bilal El Khannouss,Stuttgart,Big5,MF,1630,,1,Atacantes,1,1,0.97,4,5,3.2,0.0,0.0,0.0,10,0.0,0.0,41.992,15,0.0,0.0,0.0,22.0,6,0,25,3,0,7.23
Rani Khedira,Union Berlin,Big5,MF,2830,,1,Atacantes,1,1,1.0,5,1,2.0,0.0,0.0,0.0,37,0.0,0.0,22.921999999999997,10,0.0,0.0,0.0,32.0,7,0,32,3,0,6.85
Joshua Kimmich,Bayern Munich,Big5,MF,2190,,1,Atacantes,1,1,1.0,2,6,2.6,0.0,0.0,0.0,22,0.0,0.0,26.973000000000003,10,0.0,0.0,0.0,31.0,4,0,28,3,0,7.67
Carl Klaus,Union Berlin,Big5,GK,240,,0,Perfil 0,0,0,0.0,0,0,0.0,0.0,0.0,0.0,0,0.0,0.0,0.0,0,8.0,66.7,0.0,32.0,0,0,3,2,0,6.93
Gregor Kobel,Dortmund,Big5,GK,2970,,2,Goleiros,1,1,1.0,0,0,0.0,0.0,0.0,0.0,0,0.0,0.0,0.0,0,85.0,74.6,14.0,28.0,3,0,33,2,0,7.19
Christian Kofane,Leverkusen,Big5,FW,1239,40000000.0,1,Atacantes,1,1,0.98,5,4,6.8,0.0,0.0,0.0,2,0.0,0.0,46.092,19,0.0,0.0,0.0,19.0,3,0,29,1,0,6.81
Derrick Köhn,Union Berlin,Big5,MF,1899,,0,Perfil 0,1,1,0.95,1,2,2.2,0.0,0.0,0.0,8,0.0,0.0,28.063000000000002,5,0.0,0.0,0.0,27.0,5,1,29,3,0,6.65
Dominik Kohr,Mainz 05,Big5,DF,2248,,0,Perfil 0,1,1,1.0,2,0,1.6,0.0,0.0,0.0,42,0.0,0.0,14.000000000000002,3,0.0,0.0,0.0,32.0,11,2,28,0,0,6.72
Koke,Atlético Madrid,Big5,MF,2039,,0,Perfil 0,1,1,1.0,2,2,0.7,0.0,0.0,0.0,18,0.0,0.0,12.031,4,0.0,0.0,0.0,34.0,6,0,32,3,0,7.03
Adam Kölle,Heidenheim,Big5,DF,93,,0,Perfil 0,0,0,0.0,1,0,0.6,0.0,0.0,0.0,1,0.0,0.0,1.94,1,0.0,0.0,0.0,20.0,1,0,6,0,0,6.86
Mert Kömür,Augsburg,Big5,MF,1410,,1,Atacantes,1,1,0.98,2,4,3.4,0.0,0.0,0.0,7,0.0,0.0,41.134,16,0.0,0.0,0.0,20.0,1,0,27,3,0,6.7
Charalampos Kostoulas,Brighton,Big5,FW,328,,0,Perfil 0,0,0,0.02,2,1,2.1,0.0,0.0,0.0,1,0.0,0.0,16.776,7,0.0,0.0,0.0,18.0,2,0,19,1,0,6.74
Konstantinos Koulierakis,Wolfsburg,Big5,DF,2392,,0,Perfil 0,1,1,1.0,3,1,3.2,0.0,0.0,0.0,34,0.0,0.0,25.004,11,0.0,0.0,0.0,22.0,5,0,28,0,0,6.83
Alex Král,Union Berlin,Big5,MF,459,,0,Perfil 0,0,0,0.0,0,0,0.3,0.0,0.0,0.0,2,0.0,0.0,6.987,3,0.0,0.0,0.0,27.0,1,0,20,3,0,6.86
Andrej Kramarić,Hoffenheim,Big5,MF,2153,,1,Atacantes,1,1,1.0,14,6,11.9,0.0,0.0,0.0,7,0.0,0.0,61.900999999999996,31,0.0,0.0,0.0,34.0,2,0,33,3,0,7.2
Tom Krauß,Köln,Big5,MF,1780,,0,Perfil 0,1,1,1.0,0,2,0.4,0.0,0.0,0.0,26,0.0,0.0,9.108,2,0.0,0.0,0.0,24.0,4,0,26,3,0,7.04
Ladislav Krejčí,Wolves,Big5,DF,2201,,0,Perfil 0,1,1,1.0,2,1,2.2,0.0,0.0,0.0,30,0.0,0.0,19.11,10,0.0,0.0,0.0,27.0,5,1,26,0,0,6.56
Lukas Kübler,Freiburg,Big5,DF,1556,,0,Perfil 0,1,1,0.98,2,2,3.2,0.0,0.0,0.0,31,0.0,0.0,19.03,5,0.0,0.0,0.0,33.0,3,0,22,0,0,6.79
Sael Kumbedi,Wolfsburg,Big5,DF,1714,,0,Perfil 0,1,1,0.95,0,5,0.4,0.0,0.0,0.0,13,0.0,0.0,3.9899999999999998,0,0.0,0.0,0.0,21.0,2,0,23,0,0,6.66
Yoel Lago,Celta Vigo,Big5,DF,758,,0,Perfil 0,0,0,0.03,0,0,0.0,0.0,0.0,0.0,6,0.0,0.0,0.0,0,0.0,0.0,0.0,22.0,4,0,10,0,0,6.86
Konrad Laimer,Bayern Munich,Big5,DF,1949,,1,Atacantes,1,1,1.0,3,9,2.4,0.0,0.0,0.0,17,0.0,0.0,17.143,8,0.0,0.0,0.0,28.0,8,0,28,0,0,7.34
Senne Lammens,Manchester Utd,Big5,GK,2700,,2,Goleiros,1,1,1.0,0,0,0.0,0.0,0.0,0.0,0,0.0,0.0,0.0,0,74.0,69.4,7.0,23.0,0,0,30,2,0,7.11
Robin Le Normand,Atlético Madrid,Big5,DF,1699,,0,Perfil 0,1,1,1.0,1,1,0.6,0.0,0.0,0.0,20,0.0,0.0,6.048,1,0.0,0.0,0.0,29.0,4,0,27,0,0,6.83
Diogo Leite,Union Berlin,Big5,DF,1873,,0,Perfil 0,1,1,1.0,0,0,1.2,0.0,0.0,0.0,43,0.0,0.0,9.984,1,0.0,0.0,0.0,27.0,4,0,22,0,0,6.97
Maxim Leitsch,Mainz 05,Big5,DF,162,,0,Perfil 0,0,0,0.0,0,0,0.0,0.0,0.0,0.0,5,0.0,0.0,1.0080000000000002,0,0.0,0.0,0.0,27.0,0,0,3,0,0,6.86
Tim Lemperle,Hoffenheim,Big5,FW,1899,,1,Atacantes,1,1,1.0,8,2,8.4,0.0,0.0,0.0,6,0.0,0.0,51.906000000000006,21,0.0,0.0,0.0,24.0,1,0,28,1,0,6.9
Clément Lenglet,Atlético Madrid,Big5,DF,1273,,0,Perfil 0,1,1,0.92,0,1,0.4,0.0,0.0,0.0,19,0.0,0.0,3.9480000000000004,0,0.0,0.0,0.0,30.0,6,1,17,0,0,6.86
Jamie Leweling,Stuttgart,Big5,MF,2277,40000000.0,1,Atacantes,1,1,1.0,7,9,4.3,0.0,0.0,0.0,12,0.0,0.0,46.046,17,0.0,0.0,0.0,25.0,4,0,31,3,0,7.18
Philipp Lienhart,Freiburg,Big5,DF,1212,,0,Perfil 0,1,1,0.96,1,0,1.1,0.0,0.0,0.0,13,0.0,0.0,7.965,2,0.0,0.0,0.0,29.0,4,1,19,0,0,6.67
Matthijs de Ligt,Manchester Utd,Big5,DF,1170,,0,Perfil 0,1,1,0.78,1,0,1.5,0.0,0.0,0.0,11,0.0,0.0,11.049999999999999,3,0.0,0.0,0.0,26.0,0,0,13,0,0,6.86
Pedro Lima,Wolves,Big5,MF,245,,0,Perfil 0,0,0,0.0,0,0,0.3,0.0,0.0,0.0,4,0.0,0.0,1.971,0,0.0,0.0,0.0,19.0,0,0,7,3,0,6.86
Jesper Lindstrøm,Wolfsburg,Big5,MF,379,,0,Perfil 0,0,0,0.01,0,0,1.0,0.0,0.0,0.0,0,0.0,0.0,8.988000000000001,5,0.0,0.0,0.0,26.0,2,0,13,3,0,6.86
Pol Lirola,Hellas Verona,Big5,MF,305,,0,Perfil 0,0,0,0.0,0,0,0.0,0.0,0.0,0.0,2,0.0,0.0,0.0,0,0.0,0.0,0.0,28.0,1,0,6,3,0,6.86
Marcos Llorente,Atlético Madrid,Big5,DF,2091,,0,Perfil 0,1,1,0.98,0,4,2.0,0.0,0.0,0.0,13,0.0,0.0,17.864,6,0.0,0.0,0.0,31.0,7,1,28,0,0,7.05
Ademola Lookman,Atlético Madrid,Big5,FW,495,,0,Perfil 0,0,0,0.0,3,0,4.2,0.0,0.0,0.0,1,0.0,0.0,17.985,4,0.0,0.0,0.0,28.0,1,0,10,1,0,6.74
Diego López,Valencia,Big5,MF,1548,,0,Perfil 0,1,1,0.99,3,0,2.7,0.0,0.0,0.0,13,0.0,0.0,23.048000000000002,7,0.0,0.0,0.0,24.0,2,0,31,3,0,6.58
Fer López,Wolves,Big5,MF,235,,0,Perfil 0,0,0,0.0,0,1,0.2,0.0,0.0,0.0,0,0.0,0.0,4.966,1,0.0,0.0,0.0,21.0,1,0,9,3,0,6.86
Fer López,Celta Vigo,Big5,MF,1008,,0,Perfil 0,0,0,0.02,1,0,1.6,0.0,0.0,0.0,4,0.0,0.0,9.968,4,0.0,0.0,0.0,21.0,3,0,15,3,0,6.86
Javi López,Oviedo,Big5,DF,1607,,0,Perfil 0,1,1,0.99,0,1,0.5,0.0,0.0,0.0,18,0.0,0.0,6.981,1,0.0,0.0,0.0,24.0,3,1,23,0,0,6.77
Sandi Lovrić,Udinese,Big5,MF,161,,0,Perfil 0,0,0,0.0,0,1,0.5,0.0,0.0,0.0,4,0.0,0.0,3.024,1,0.0,0.0,0.0,28.0,1,0,6,3,0,6.86
Sandi Lovrić,Hellas Verona,Big5,MF,169,,0,Perfil 0,0,0,0.0,0,0,0.5,0.0,0.0,0.0,0,0.0,0.0,1.007,0,0.0,0.0,0.0,28.0,0,0,5,3,0,6.86
Oier Luengo,Oviedo,Big5,DF,225,,0,Perfil 0,0,0,0.0,0,1,0.0,0.0,0.0,0.0,2,0.0,0.0,1.0,0,0.0,0.0,0.0,28.0,1,0,3,0,0,6.86
Senne Lynen,Werder Bremen,Big5,MF,2662,,0,Perfil 0,1,1,1.0,0,0,1.1,0.0,0.0,0.0,75,0.0,0.0,25.16,4,0.0,0.0,0.0,27.0,4,0,30,3,0,6.77
Shuto Machino,Gladbach,Big5,FW,1059,,0,Perfil 0,1,1,0.95,3,1,2.9,0.0,0.0,0.0,3,0.0,0.0,25.016000000000002,11,0.0,0.0,0.0,26.0,1,0,31,1,0,6.46
Harry Maguire,Manchester Utd,Big5,DF,1473,,0,Perfil 0,1,1,0.97,1,2,1.1,0.0,0.0,0.0,11,0.0,0.0,12.956,4,0.0,0.0,0.0,33.0,3,1,21,0,0,7.05
Linton Maina,Köln,Big5,MF,978,,0,Perfil 0,0,0,0.07,2,0,1.3,0.0,0.0,0.0,4,0.0,0.0,19.075,8,0.0,0.0,0.0,26.0,0,0,23,3,0,6.52
Patrick Mainka,Heidenheim,Big5,DF,2970,,1,Atacantes,1,1,1.0,2,2,3.5,0.0,0.0,0.0,32,0.0,0.0,34.980000000000004,8,0.0,0.0,0.0,31.0,1,0,33,0,0,6.79
Kobbie Mainoo,Manchester Utd,Big5,MF,1482,70000000.0,0,Perfil 0,1,1,0.99,1,2,0.5,0.0,0.0,0.0,16,0.0,0.0,11.055000000000001,3,0.0,0.0,0.0,21.0,1,0,26,3,0,7.01
Lovro Majer,Wolfsburg,Big5,MF,1370,,0,Perfil 0,1,1,0.97,2,3,3.1,0.0,0.0,0.0,8,0.0,0.0,26.904,6,0.0,0.0,0.0,28.0,5,0,27,3,0,6.68
Jordy Makengo,Freiburg,Big5,DF,1088,,0,Perfil 0,1,1,0.83,0,0,0.0,0.0,0.0,0.0,11,0.0,0.0,0.0,0,0.0,0.0,0.0,24.0,1,0,19,0,0,6.48
Said El Mala,Köln,Big5,FW,1877,45000000.0,1,Atacantes,1,1,0.99,12,4,11.2,0.0,0.0,0.0,8,0.0,0.0,73.14999999999999,29,0.0,0.0,0.0,19.0,4,0,33,1,0,6.93
Julián Malatini,Werder Bremen,Big5,DF,516,,0,Perfil 0,0,0,0.0,0,0,0.0,0.0,0.0,0.0,6,0.0,0.0,1.9949999999999999,0,0.0,0.0,0.0,24.0,3,0,11,0,0,6.86
Lennard Maloney,Mainz 05,Big5,DF,471,,0,Perfil 0,0,0,0.07,0,0,0.4,0.0,0.0,0.0,8,0.0,0.0,4.992,1,0.0,0.0,0.0,26.0,1,0,20,0,0,6.86
Filippo Mane,Dortmund,Big5,DF,131,,0,Perfil 0,0,0,0.0,0,0,0.0,0.0,0.0,0.0,2,0.0,0.0,0.0,0,0.0,0.0,0.0,21.0,0,1,4,0,0,6.86
Mateus Mane,Wolves,Big5,MF,1615,,0,Perfil 0,1,1,0.94,2,1,2.0,0.0,0.0,0.0,4,0.0,0.0,34.904999999999994,14,0.0,0.0,0.0,18.0,0,0,25,3,0,6.64
Johan Manzambi,Freiburg,Big5,MF,2006,50000000.0,1,Atacantes,1,1,1.0,5,3,3.9,0.0,0.0,0.0,27,0.0,0.0,49.06,13,0.0,0.0,0.0,20.0,4,2,26,3,0,7.07
Eric Martel,Köln,Big5,MF,2469,,0,Perfil 0,1,1,1.0,2,2,2.5,0.0,0.0,0.0,34,0.0,0.0,21.098,4,0.0,0.0,0.0,24.0,12,1,30,3,0,6.88
Josep Martinez,Inter,Big5,GK,360,,0,Perfil 0,0,0,0.0,0,0,0.0,0.0,0.0,0.0,0,0.0,0.0,0.0,0,9.0,90.0,3.0,27.0,0,0,4,2,0,6.93
Lautaro Martínez,Inter,Big5,FW,2032,85000000.0,1,Atacantes,1,1,1.0,17,6,13.5,0.0,0.0,0.0,6,0.0,0.0,88.14,37,0.0,0.0,0.0,28.0,3,0,28,1,0,7.47
Lisandro Martínez,Manchester Utd,Big5,DF,1053,40000000.0,0,Perfil 0,1,1,0.74,0,0,0.2,0.0,0.0,0.0,11,0.0,0.0,3.978,0,0.0,0.0,0.0,28.0,0,1,16,0,0,6.86
Han-Noah Massengo,Augsburg,Big5,MF,2391,,0,Perfil 0,1,1,1.0,2,1,1.3,0.0,0.0,0.0,36,0.0,0.0,19.950000000000003,6,0.0,0.0,0.0,24.0,4,0,32,3,0,6.9
Igor Matanovic,Freiburg,Big5,FW,1486,,1,Atacantes,1,1,1.0,10,1,9.2,0.0,0.0,0.0,8,0.0,0.0,49.995,18,0.0,0.0,0.0,23.0,0,0,30,1,0,6.81
Chrislain Matsima,Augsburg,Big5,DF,1429,,0,Perfil 0,1,1,0.95,1,1,0.4,0.0,0.0,0.0,30,0.0,0.0,6.996,1,0.0,0.0,0.0,23.0,5,0,17,0,0,6.79
Ibrahim Maza,Leverkusen,Big5,MF,1759,45000000.0,1,Atacantes,1,1,1.0,3,4,5.3,0.0,0.0,0.0,15,0.0,0.0,46.8,15,0.0,0.0,0.0,20.0,2,0,27,3,0,7.24
Noussair Mazraoui,Manchester Utd,Big5,DF,912,,0,Perfil 0,0,0,0.27,0,0,0.2,0.0,0.0,0.0,10,0.0,0.0,4.949,0,0.0,0.0,0.0,28.0,3,0,19,0,0,6.86
Samuel Mbangula,Werder Bremen,Big5,MF,1150,,0,Perfil 0,1,1,0.87,3,2,1.7,0.0,0.0,0.0,3,0.0,0.0,16.0,7,0.0,0.0,0.0,22.0,0,0,25,3,0,6.8
Bryan Mbeumo,Manchester Utd,Big5,MF,2457,75000000.0,1,Atacantes,1,1,1.0,9,3,12.2,0.0,0.0,0.0,7,0.0,0.0,66.066,30,0.0,0.0,0.0,26.0,4,0,31,3,0,7.19
Rodrigo Mendoza,Elche,Big5,MF,794,,0,Perfil 0,0,0,0.1,1,0,1.6,0.0,0.0,0.0,5,0.0,0.0,11.0,2,0.0,0.0,0.0,21.0,4,0,16,3,0,6.56
Rodrigo Mendoza,Atlético Madrid,Big5,MF,434,,0,Perfil 0,0,0,0.0,0,1,1.6,0.0,0.0,0.0,0,0.0,0.0,5.952,2,0.0,0.0,0.0,21.0,2,0,8,3,0,6.56
Connor Metcalfe,St Pauli,Big5,MF,503,,0,Perfil 0,0,0,0.1,0,1,0.6,0.0,0.0,0.0,5,0.0,0.0,14.0,3,0.0,0.0,0.0,26.0,2,0,24,3,0,6.86
Karol Mets,St Pauli,Big5,DF,1932,,0,Perfil 0,1,1,0.97,1,0,0.8,0.0,0.0,0.0,22,0.0,0.0,7.095000000000001,1,0.0,0.0,0.0,32.0,3,0,23,0,0,6.56
James Milner,Brighton,Big5,MF,726,,0,Perfil 0,0,0,0.03,1,1,1.0,0.0,0.0,0.0,5,0.0,0.0,8.019,2,0.0,0.0,0.0,40.0,2,0,19,3,0,6.86
Jovan Milošević,Werder Bremen,Big5,FW,488,,0,Perfil 0,0,0,0.01,3,1,2.0,0.0,0.0,0.0,0,0.0,0.0,11.934000000000001,4,0.0,0.0,0.0,20.0,2,0,13,1,0,6.74
Óscar Mingueza,Celta Vigo,Big5,MF,1922,,0,Perfil 0,1,1,0.95,1,4,0.6,0.0,0.0,0.0,9,0.0,0.0,14.124,5,0.0,0.0,0.0,27.0,4,0,32,3,0,6.86
Yankuba Minteh,Brighton,Big5,MF,2257,45000000.0,1,Atacantes,1,1,0.99,3,4,3.8,0.0,0.0,0.0,14,0.0,0.0,40.913,11,0.0,0.0,0.0,21.0,3,0,32,3,0,7.07
Kaoru Mitoma,Brighton,Big5,MF,1721,,1,Atacantes,1,1,0.95,3,1,4.1,0.0,0.0,0.0,8,0.0,0.0,31.897000000000002,13,0.0,0.0,0.0,28.0,5,0,25,3,0,6.86
Maximilian Mittelstädt,Stuttgart,Big5,DF,2114,,1,Atacantes,1,1,0.99,6,4,4.4,0.0,0.0,0.0,33,0.0,0.0,31.020000000000003,16,0.0,0.0,0.0,29.0,3,0,31,0,0,7.52
Henrikh Mkhitaryan,Inter,Big5,MF,1433,,1,Atacantes,1,1,0.99,4,1,4.9,0.0,0.0,0.0,15,0.0,0.0,36.888,11,0.0,0.0,0.0,37.0,4,0,28,3,0,6.99
Max Moerstedt,Hoffenheim,Big5,FW,420,,0,Perfil 0,0,0,0.06,2,0,0.8,0.0,0.0,0.0,0,0.0,0.0,6.063000000000001,4,0.0,0.0,0.0,20.0,2,0,22,1,0,6.74
Wael Mohya,Gladbach,Big5,MF,486,,0,Perfil 0,0,0,0.01,2,0,0.9,0.0,0.0,0.0,2,0.0,0.0,9.990000000000002,5,0.0,0.0,0.0,17.0,0,0,14,3,0,6.86
Nahuel Molina,Atlético Madrid,Big5,DF,1331,,0,Perfil 0,1,1,1.0,2,2,0.5,0.0,0.0,0.0,14,0.0,0.0,14.06,4,0.0,0.0,0.0,28.0,4,0,26,0,0,6.98
Lorenzo Montipò,Hellas Verona,Big5,GK,2970,,2,Goleiros,1,1,0.98,0,1,0.0,0.0,0.0,0.0,0,0.0,0.0,0.0,0,78.0,61.1,5.0,30.0,0,0,33,2,0,6.59
Javi Morcillo,Atlético Madrid,Big5,MF,112,,0,Perfil 0,0,0,0.0,0,0,0.2,0.0,0.0,0.0,1,0.0,0.0,1.932,0,0.0,0.0,0.0,20.0,1,0,3,3,0,6.86
Ilaix Moriba,Celta Vigo,Big5,MF,2315,,0,Perfil 0,1,1,1.0,1,2,1.4,0.0,0.0,0.0,21,0.0,0.0,16.962,4,0.0,0.0,0.0,23.0,7,0,34,3,0,6.85
Daniel Mosquera,Hellas Verona,Big5,FW,597,,0,Perfil 0,0,0,0.06,0,2,0.7,0.0,0.0,0.0,2,0.0,0.0,15.906,5,0.0,0.0,0.0,26.0,1,0,22,1,0,6.74
Yerson Mosquera,Wolves,Big5,DF,1956,,0,Perfil 0,1,1,0.99,0,0,2.5,0.0,0.0,0.0,22,0.0,0.0,26.04,6,0.0,0.0,0.0,25.0,11,0,25,0,0,6.77
Mason Mount,Manchester Utd,Big5,MF,934,,0,Perfil 0,0,0,0.21,3,0,1.5,0.0,0.0,0.0,7,0.0,0.0,17.992,5,0.0,0.0,0.0,27.0,2,0,21,3,0,6.86
Marshall Munetsi,Wolves,Big5,MF,875,,0,Perfil 0,0,0,0.01,1,1,1.6,0.0,0.0,0.0,5,0.0,0.0,13.967999999999998,6,0.0,0.0,0.0,29.0,2,0,13,3,0,6.86
Salim Musah,Werder Bremen,Big5,FW,129,,0,Perfil 0,0,0,0.0,1,0,0.9,0.0,0.0,0.0,2,0.0,0.0,5.8660000000000005,3,0.0,0.0,0.0,20.0,0,0,7,1,0,6.74
Jamal Musiala,Bayern Munich,Big5,MF,614,100000000.0,1,Atacantes,0,0,0.12,3,4,4.8,0.0,0.0,0.0,3,0.0,0.0,27.879999999999995,9,0.0,0.0,0.0,23.0,1,0,14,3,0,6.86
Juan Musso,Atlético Madrid,Big5,GK,630,,0,Perfil 0,0,0,0.01,0,0,0.0,0.0,0.0,0.0,0,0.0,0.0,0.0,0,19.0,76.0,3.0,32.0,2,0,7,2,0,6.93
Phillipp Mwene,Mainz 05,Big5,MF,1979,,0,Perfil 0,1,1,0.98,1,2,2.0,0.0,0.0,0.0,13,0.0,0.0,9.9,2,0.0,0.0,0.0,32.0,4,0,28,3,0,6.73
Joakim Mæhle,Wolfsburg,Big5,MF,1132,,0,Perfil 0,1,1,0.9,1,2,0.8,0.0,0.0,0.0,19,0.0,0.0,12.978,3,0.0,0.0,0.0,28.0,1,0,15,3,0,6.86
David Møller Wolfe,Wolves,Big5,MF,892,,0,Perfil 0,0,0,0.04,0,2,0.1,0.0,0.0,0.0,6,0.0,0.0,2.97,0,0.0,0.0,0.0,24.0,1,0,20,3,0,6.86
Stanley N'Soki,Union Berlin,Big5,DF,816,,0,Perfil 0,0,0,0.12,1,2,0.2,0.0,0.0,0.0,18,0.0,0.0,3.003,1,0.0,0.0,0.0,27.0,2,0,13,0,0,6.86
Nikolas Nartey,Stuttgart,Big5,MF,1170,,0,Perfil 0,1,1,1.0,3,3,2.5,0.0,0.0,0.0,10,0.0,0.0,20.02,10,0.0,0.0,0.0,26.0,2,0,27,3,0,7.09
Bara Ndiaye,Bayern Munich,Big5,MF,143,,0,Perfil 0,0,0,0.0,0,0,0.0,0.0,0.0,0.0,2,0.0,0.0,0.0,0,0.0,0.0,0.0,18.0,0,0,4,3,0,6.86
Paul Nebel,Mainz 05,Big5,MF,1983,,1,Atacantes,1,1,0.98,5,2,5.3,0.0,0.0,0.0,12,0.0,0.0,29.92,7,0.0,0.0,0.0,23.0,2,2,29,3,0,6.96
Victor Nelsson,Hellas Verona,Big5,DF,3135,,0,Perfil 0,1,1,1.0,0,0,0.4,0.0,0.0,0.0,73,0.0,0.0,6.96,0,0.0,0.0,0.0,27.0,4,0,36,0,0,6.76
Luca Netz,Gladbach,Big5,MF,940,,0,Perfil 0,0,0,0.04,0,2,0.0,0.0,0.0,0.0,7,0.0,0.0,1.9760000000000002,0,0.0,0.0,0.0,22.0,1,0,15,3,0,6.86
Manuel Neuer,Bayern Munich,Big5,GK,1800,,2,Goleiros,1,1,0.95,0,0,0.0,0.0,0.0,0.0,0,0.0,0.0,0.0,0,31.0,63.3,7.0,40.0,0,0,21,2,0,6.78
Florian Neuhaus,Gladbach,Big5,MF,930,,0,Perfil 0,0,0,0.17,0,1,1.1,0.0,0.0,0.0,9,0.0,0.0,21.939,6,0.0,0.0,0.0,29.0,0,0,17,3,0,6.86
Youssoupha Niang,Köln,Big5,MF,184,,0,Perfil 0,0,0,0.0,0,0,0.3,0.0,0.0,0.0,0,0.0,0.0,4.9,1,0.0,0.0,0.0,20.0,0,0,9,3,0,6.86
Cheikh Niasse,Hellas Verona,Big5,MF,970,,0,Perfil 0,0,0,0.17,0,1,0.2,0.0,0.0,0.0,15,0.0,0.0,6.048000000000001,1,0.0,0.0,0.0,26.0,1,0,19,3,0,6.86
Moritz Nicolas,Gladbach,Big5,GK,2970,,2,Goleiros,1,1,1.0,0,0,0.0,0.0,0.0,0.0,0,0.0,0.0,0.0,0,133.0,73.5,12.0,28.0,1,0,33,2,0,7.24
Julian Niehues,Heidenheim,Big5,MF,1383,,0,Perfil 0,1,1,0.93,3,0,1.3,0.0,0.0,0.0,23,0.0,0.0,18.018,5,0.0,0.0,0.0,25.0,1,0,24,3,0,6.71
Justin Njinmah,Werder Bremen,Big5,FW,1857,,1,Atacantes,1,1,1.0,5,0,6.7,0.0,0.0,0.0,6,0.0,0.0,60.976000000000006,23,0.0,0.0,0.0,25.0,2,0,32,1,0,6.63
Felix Nmecha,Dortmund,Big5,MF,2086,50000000.0,0,Perfil 0,1,1,1.0,2,3,3.6,0.0,0.0,0.0,24,0.0,0.0,31.088,7,0.0,0.0,0.0,25.0,0,0,28,3,0,7.22
Arnaud Nordin,Mainz 05,Big5,MF,469,,0,Perfil 0,0,0,0.0,0,0,0.8,0.0,0.0,0.0,3,0.0,0.0,12.948000000000002,2,0.0,0.0,0.0,27.0,0,0,13,3,0,6.86
Alexander Nübel,Stuttgart,Big5,GK,2970,,2,Goleiros,1,1,0.98,0,1,0.0,0.0,0.0,0.0,1,0.0,0.0,0.0,0,102.0,71.8,11.0,29.0,0,0,33,2,0,7.33
Álvaro Núñez,Elche,Big5,DF,1647,,0,Perfil 0,1,1,0.92,0,2,0.3,0.0,0.0,0.0,15,0.0,0.0,4.026,0,0.0,0.0,0.0,25.0,2,0,19,0,0,6.99
Álvaro Núñez,Celta Vigo,Big5,DF,328,,0,Perfil 0,0,0,0.02,0,0,0.3,0.0,0.0,0.0,1,0.0,0.0,1.9800000000000002,1,0.0,0.0,0.0,25.0,0,0,6,0,0,6.99
Unai Núñez,Hellas Verona,Big5,DF,1265,,0,Perfil 0,1,1,0.93,0,0,0.4,0.0,0.0,0.0,23,0.0,0.0,7.05,1,0.0,0.0,0.0,29.0,6,0,17,0,0,6.86
Unai Núñez,Valencia,Big5,DF,680,,0,Perfil 0,0,0,0.01,0,0,0.4,0.0,0.0,0.0,7,0.0,0.0,5.016,0,0.0,0.0,0.0,29.0,2,0,10,0,0,6.86
Jan Oblak,Atlético Madrid,Big5,GK,2610,,2,Goleiros,1,1,1.0,0,0,0.0,0.0,0.0,0.0,0,0.0,0.0,0.0,0,64.0,68.8,10.0,33.0,0,0,29,2,0,7.01
Michael Olise,Bayern Munich,Big5,MF,2286,150000000.0,1,Atacantes,1,1,1.0,15,19,11.5,0.0,0.0,0.0,14,0.0,0.0,101.092,50,0.0,0.0,0.0,24.0,8,0,31,3,0,8.09
Louis Oppie,St Pauli,Big5,MF,1530,,0,Perfil 0,1,1,0.85,1,0,0.9,0.0,0.0,0.0,11,0.0,0.0,14.96,4,0.0,0.0,0.0,23.0,0,0,22,3,0,6.6
Gift Orban,Hellas Verona,Big5,FW,2027,,1,Atacantes,1,1,0.98,7,2,10.5,0.0,0.0,0.0,3,0.0,0.0,84.825,28,0.0,0.0,0.0,23.0,4,1,28,1,0,6.59
Patrick Osterhage,Freiburg,Big5,MF,1189,,0,Perfil 0,1,1,0.87,1,0,1.0,0.0,0.0,0.0,15,0.0,0.0,6.9959999999999996,2,0.0,0.0,0.0,26.0,4,0,20,3,0,6.54
Daniel Oyegoke,Hellas Verona,Big5,MF,594,,0,Perfil 0,0,0,0.0,0,0,0.1,0.0,0.0,0.0,7,0.0,0.0,2.9699999999999998,1,0.0,0.0,0.0,23.0,2,0,15,3,0,6.86
Cenk Özkacar,Köln,Big5,DF,1701,,0,Perfil 0,1,1,0.98,0,0,1.0,0.0,0.0,0.0,22,0.0,0.0,10.961999999999998,4,0.0,0.0,0.0,25.0,2,0,24,0,0,6.56
Exequiel Palacios,Leverkusen,Big5,MF,1009,,0,Perfil 0,0,0,0.21,0,1,0.6,0.0,0.0,0.0,7,0.0,0.0,7.951999999999999,2,0.0,0.0,0.0,27.0,3,0,17,3,0,7.19
Kevin Paredes,Wolfsburg,Big5,MF,164,,0,Perfil 0,0,0,0.0,0,0,0.1,0.0,0.0,0.0,2,0.0,0.0,1.9800000000000002,1,0.0,0.0,0.0,23.0,1,0,6,3,0,6.86
Benjamin Pavard,Inter,Big5,DF,90,,0,Perfil 0,0,0,0.0,0,0,0.0,0.0,0.0,0.0,2,0.0,0.0,1.0,1,0.0,0.0,0.0,30.0,0,0,1,0,0,6.86
Aleksandar Pavlovic,Bayern Munich,Big5,MF,1462,90000000.0,0,Perfil 0,1,1,0.97,3,1,1.6,0.0,0.0,0.0,13,0.0,0.0,10.043999999999999,5,0.0,0.0,0.0,22.0,2,0,24,3,0,7.13
Dženan Pejčinović,Wolfsburg,Big5,FW,1371,,1,Atacantes,1,1,1.0,7,0,7.9,0.0,0.0,0.0,3,0.0,0.0,46.967999999999996,20,0.0,0.0,0.0,21.0,1,0,29,1,0,6.71
Mathias Pereira Lage,St Pauli,Big5,MF,2018,,1,Atacantes,1,1,1.0,2,2,4.3,0.0,0.0,0.0,16,0.0,0.0,43.007999999999996,15,0.0,0.0,0.0,29.0,3,0,28,3,0,6.69
Simone Perilli,Hellas Verona,Big5,GK,270,,0,Perfil 0,0,0,0.0,0,0,0.0,0.0,0.0,0.0,0,0.0,0.0,0.0,0,8.0,53.3,1.0,31.0,0,0,3,2,0,6.93
Amos Pieper,Werder Bremen,Big5,DF,1457,,0,Perfil 0,1,1,0.98,0,0,0.4,0.0,0.0,0.0,25,0.0,0.0,7.938,2,0.0,0.0,0.0,28.0,4,0,18,0,0,6.85
Marvin Pieringer,Heidenheim,Big5,FW,1605,,1,Atacantes,1,1,0.92,4,1,5.8,0.0,0.0,0.0,11,0.0,0.0,30.972,8,0.0,0.0,0.0,26.0,2,0,26,1,0,6.71
Ernest Poku,Leverkusen,Big5,MF,1482,,1,Atacantes,1,1,0.95,5,5,3.0,0.0,0.0,0.0,8,0.0,0.0,27.06,9,0.0,0.0,0.0,22.0,0,0,29,3,0,6.75
Stefan Posch,Mainz 05,Big5,DF,1350,,0,Perfil 0,1,1,0.93,0,0,0.5,0.0,0.0,0.0,20,0.0,0.0,10.95,3,0.0,0.0,0.0,29.0,4,0,15,0,0,6.86
Kacper Potulski,Mainz 05,Big5,DF,975,,0,Perfil 0,0,0,0.28,1,0,1.9,0.0,0.0,0.0,19,0.0,0.0,11.016000000000002,3,0.0,0.0,0.0,18.0,3,0,14,0,0,6.86
Alexander Prass,Hoffenheim,Big5,MF,1272,,0,Perfil 0,1,1,0.96,3,2,1.2,0.0,0.0,0.0,6,0.0,0.0,17.907,11,0.0,0.0,0.0,24.0,3,0,31,3,0,6.69
Grischa Prömel,Hoffenheim,Big5,MF,1732,,1,Atacantes,1,1,1.0,7,2,5.1,0.0,0.0,0.0,15,0.0,0.0,42.815999999999995,14,0.0,0.0,0.0,31.0,5,0,32,3,0,6.96
Marc Pubill,Atlético Madrid,Big5,DF,1246,,0,Perfil 0,1,1,0.89,0,1,0.9,0.0,0.0,0.0,17,0.0,0.0,8.97,3,0.0,0.0,0.0,22.0,2,0,17,0,0,7.17
Cameron Puertas,Werder Bremen,Big5,MF,1777,,0,Perfil 0,1,1,1.0,1,2,1.8,0.0,0.0,0.0,18,0.0,0.0,36.839,8,0.0,0.0,0.0,27.0,6,0,27,3,0,6.88
Arkadiusz Pyrka,St Pauli,Big5,MF,2486,,0,Perfil 0,1,1,1.0,0,1,1.1,0.0,0.0,0.0,21,0.0,0.0,19.044,3,0.0,0.0,0.0,23.0,3,0,30,3,0,6.85
Jarell Quansah,Leverkusen,Big5,DF,2209,45000000.0,0,Perfil 0,1,1,0.99,3,0,2.8,0.0,0.0,0.0,24,0.0,0.0,14.945,7,0.0,0.0,0.0,23.0,9,0,27,0,0,7.13
Leopold Querfeld,Union Berlin,Big5,DF,2700,,0,Perfil 0,1,1,1.0,3,0,3.7,0.0,0.0,0.0,35,0.0,0.0,29.099999999999998,10,0.0,0.0,0.0,22.0,7,0,30,0,0,6.87
Matheo Raab,Union Berlin,Big5,GK,90,,0,Perfil 0,0,0,0.0,0,0,0.0,0.0,0.0,0.0,0,0.0,0.0,0.0,0,6.0,100.0,1.0,27.0,0,0,1,2,0,6.93
Dani Raba,Valencia,Big5,FW,270,,0,Perfil 0,0,0,0.01,0,1,0.4,0.0,0.0,0.0,4,0.0,0.0,9.0,1,0.0,0.0,0.0,30.0,0,0,13,1,0,6.74
Ionuț Radu,Celta Vigo,Big5,GK,3240,,2,Goleiros,1,1,1.0,0,0,0.0,0.0,0.0,0.0,1,0.0,0.0,0.0,0,101.0,70.7,9.0,28.0,1,0,36,2,0,6.86
Diant Ramaj,Heidenheim,Big5,GK,2790,,2,Goleiros,1,1,0.98,0,1,0.0,0.0,0.0,0.0,0,0.0,0.0,0.0,0,100.0,61.7,1.0,24.0,2,0,31,2,0,6.39
Largie Ramazani,Valencia,Big5,MF,1148,,1,Atacantes,1,1,0.99,6,1,6.9,0.0,0.0,0.0,14,0.0,0.0,45.184,18,0.0,0.0,0.0,25.0,4,0,24,3,0,6.62
Mathias Rasmussen,St Pauli,Big5,MF,693,,0,Perfil 0,0,0,0.01,0,0,0.8,0.0,0.0,0.0,8,0.0,0.0,6.006,2,0.0,0.0,0.0,28.0,0,0,12,3,0,6.86
Giacomo Raspadori,Atlético Madrid,Big5,FW,236,,0,Perfil 0,0,0,0.0,0,1,0.7,0.0,0.0,0.0,0,0.0,0.0,6.942,3,0.0,0.0,0.0,26.0,1,0,12,1,0,6.74
Luca Reggiani,Dortmund,Big5,DF,421,,0,Perfil 0,0,0,0.0,1,0,0.4,0.0,0.0,0.0,2,0.0,0.0,3.008,1,0.0,0.0,0.0,18.0,2,0,7,0,0,6.86
Alberto Reina,Oviedo,Big5,MF,2192,,0,Perfil 0,1,1,1.0,4,1,3.5,0.0,0.0,0.0,14,0.0,0.0,20.008,11,0.0,0.0,0.0,28.0,6,1,34,3,0,6.64
Rocco Reitz,Gladbach,Big5,MF,2627,,1,Atacantes,1,1,1.0,0,4,2.6,0.0,0.0,0.0,49,0.0,0.0,47.012,14,0.0,0.0,0.0,23.0,8,1,31,3,0,7.06
Elvis Rexhbeçaj,Augsburg,Big5,MF,1118,,0,Perfil 0,1,1,0.77,2,0,0.5,0.0,0.0,0.0,4,0.0,0.0,11.036000000000001,5,0.0,0.0,0.0,28.0,4,0,26,3,0,6.43
Rodrigo Ribeiro,Augsburg,Big5,FW,600,,0,Perfil 0,0,0,0.01,2,0,3.5,0.0,0.0,0.0,3,0.0,0.0,25.125,7,0.0,0.0,0.0,21.0,1,0,13,1,0,6.74
Fabian Rieder,Augsburg,Big5,MF,2253,,1,Atacantes,1,1,1.0,6,3,4.2,0.0,0.0,0.0,13,0.0,0.0,38.0,13,0.0,0.0,0.0,24.0,4,0,31,3,0,7.0
Lasse Rieß,Mainz 05,Big5,GK,292,,0,Perfil 0,0,0,0.02,0,0,0.0,0.0,0.0,0.0,0,0.0,0.0,0.0,0,15.0,57.7,0.0,24.0,0,0,4,2,0,6.93
Luis Rioja,Valencia,Big5,MF,2371,,1,Atacantes,1,1,0.99,2,6,2.3,0.0,0.0,0.0,16,0.0,0.0,37.872,4,0.0,0.0,0.0,32.0,1,0,34,3,0,6.91
Mihailo Ristić,Celta Vigo,Big5,MF,253,,0,Perfil 0,0,0,0.0,0,0,0.0,0.0,0.0,0.0,2,0.0,0.0,1.008,0,0.0,0.0,0.0,30.0,0,0,5,3,0,6.86
Lars Ritzka,St Pauli,Big5,MF,966,,0,Perfil 0,0,0,0.21,0,0,0.4,0.0,0.0,0.0,13,0.0,0.0,3.9589999999999996,1,0.0,0.0,0.0,28.0,1,0,21,3,0,6.46
Damián Rodríguez,Celta Vigo,Big5,MF,150,,0,Perfil 0,0,0,0.0,0,0,0.1,0.0,0.0,0.0,1,0.0,0.0,3.06,0,0.0,0.0,0.0,23.0,1,0,2,3,0,6.86
Guido Rodríguez,Valencia,Big5,MF,1039,,0,Perfil 0,1,1,0.77,2,0,1.0,0.0,0.0,0.0,8,0.0,0.0,11.96,3,0.0,0.0,0.0,32.0,4,0,13,3,0,6.86
Javi Rodríguez,Celta Vigo,Big5,DF,2378,,0,Perfil 0,1,1,0.99,0,1,0.7,0.0,0.0,0.0,26,0.0,0.0,11.088,1,0.0,0.0,0.0,22.0,5,0,31,0,0,6.73
Miguel Román,Celta Vigo,Big5,MF,1311,,0,Perfil 0,1,1,0.88,1,0,0.9,0.0,0.0,0.0,12,0.0,0.0,9.052,2,0.0,0.0,0.0,23.0,3,0,19,3,0,6.89
Max Rosenfelder,Freiburg,Big5,DF,492,,0,Perfil 0,0,0,0.0,0,0,0.0,0.0,0.0,0.0,5,0.0,0.0,0.99,0,0.0,0.0,0.0,23.0,0,0,12,0,0,6.86
Tom Rothe,Union Berlin,Big5,MF,939,,0,Perfil 0,0,0,0.27,2,0,1.1,0.0,0.0,0.0,19,0.0,0.0,18.928,5,0.0,0.0,0.0,21.0,1,1,20,3,0,6.52
Javi Rueda,Celta Vigo,Big5,MF,1270,,0,Perfil 0,1,1,0.99,2,6,1.3,0.0,0.0,0.0,19,0.0,0.0,10.998,3,0.0,0.0,0.0,24.0,5,0,24,3,0,6.92
Matteo Ruggeri,Atlético Madrid,Big5,DF,1639,,0,Perfil 0,1,1,0.99,0,3,0.1,0.0,0.0,0.0,19,0.0,0.0,4.914,2,0.0,0.0,0.0,23.0,4,0,24,0,0,6.96
Georginio Rutter,Brighton,Big5,MF,1743,,1,Atacantes,1,1,1.0,3,3,3.0,0.0,0.0,0.0,10,0.0,0.0,38.99399999999999,13,0.0,0.0,0.0,24.0,2,0,30,3,0,6.6
Julian Ryerson,Dortmund,Big5,MF,2179,,1,Atacantes,1,1,0.97,0,14,0.9,0.0,0.0,0.0,12,0.0,0.0,12.1,1,0.0,0.0,0.0,28.0,8,0,30,3,0,7.26
Frederik Rønnow,Union Berlin,Big5,GK,2640,,2,Goleiros,1,1,0.99,0,0,0.0,0.0,0.0,0.0,1,0.0,0.0,0.0,0,75.0,61.6,5.0,33.0,2,0,30,2,0,6.5
José Sá,Wolves,Big5,GK,1890,,2,Goleiros,1,1,0.98,0,0,0.0,0.0,0.0,0.0,0,0.0,0.0,0.0,0,54.0,62.1,4.0,33.0,2,0,21,2,0,6.76
Elias Saad,Augsburg,Big5,MF,497,,0,Perfil 0,0,0,0.0,0,0,0.5,0.0,0.0,0.0,1,0.0,0.0,5.995,3,0.0,0.0,0.0,26.0,1,0,10,3,0,6.86
Marcel Sabitzer,Dortmund,Big5,MF,1817,,0,Perfil 0,1,1,1.0,1,2,1.2,0.0,0.0,0.0,20,0.0,0.0,19.997999999999998,4,0.0,0.0,0.0,32.0,3,0,26,3,0,6.97
Umar Sadiq,Valencia,Big5,FW,852,,0,Perfil 0,0,0,0.14,4,2,3.5,0.0,0.0,0.0,1,0.0,0.0,24.13,9,0.0,0.0,0.0,29.0,3,0,17,1,0,6.43
Umar Sadiq,Real Sociedad,Big5,FW,153,,0,Perfil 0,0,0,0.01,0,0,3.5,0.0,0.0,0.0,0,0.0,0.0,3.995,0,0.0,0.0,0.0,29.0,1,0,5,1,0,6.43
Manolis Saliakas,St Pauli,Big5,MF,1106,,0,Perfil 0,1,1,0.92,1,3,0.6,0.0,0.0,0.0,13,0.0,0.0,15.990000000000002,3,0.0,0.0,0.0,29.0,3,0,17,3,0,7.05
Philipp Sander,Gladbach,Big5,DF,2360,,0,Perfil 0,1,1,1.0,2,0,1.6,0.0,0.0,0.0,48,0.0,0.0,24.889999999999997,8,0.0,0.0,0.0,28.0,3,0,29,0,0,6.98
James Sands,St Pauli,Big5,MF,1934,,0,Perfil 0,1,1,0.99,1,0,1.0,0.0,0.0,0.0,41,0.0,0.0,15.91,4,0.0,0.0,0.0,25.0,4,0,24,3,0,6.87
Kaishu Sano,Mainz 05,Big5,MF,2969,40000000.0,0,Perfil 0,1,1,1.0,1,2,1.4,0.0,0.0,0.0,67,0.0,0.0,23.099999999999998,5,0.0,0.0,0.0,25.0,1,0,33,3,0,7.3
Baptiste Santamaria,Valencia,Big5,MF,754,,0,Perfil 0,0,0,0.06,1,1,0.4,0.0,0.0,0.0,8,0.0,0.0,6.048,2,0.0,0.0,0.0,31.0,2,0,19,3,0,6.86
Renzo Saravia,Valencia,Big5,DF,320,,0,Perfil 0,0,0,0.0,0,0,0.0,0.0,0.0,0.0,6,0.0,0.0,1.0080000000000002,0,0.0,0.0,0.0,32.0,1,0,4,0,0,6.86
Amin Sarr,Hellas Verona,Big5,FW,1051,,0,Perfil 0,1,1,0.86,0,1,1.3,0.0,0.0,0.0,4,0.0,0.0,17.081999999999997,5,0.0,0.0,0.0,25.0,2,1,32,1,0,6.17
András Schäfer,Union Berlin,Big5,MF,1331,,0,Perfil 0,1,1,0.98,1,0,2.0,0.0,0.0,0.0,20,0.0,0.0,25.012,9,0.0,0.0,0.0,27.0,2,1,27,3,0,6.61
Fynn Schenten,Köln,Big5,FW,100,,0,Perfil 0,0,0,0.0,0,0,0.0,0.0,0.0,0.0,0,0.0,0.0,0.9900000000000001,0,0.0,0.0,0.0,18.0,0,0,7,1,0,6.74
Derry Scherhant,Freiburg,Big5,MF,1211,,0,Perfil 0,1,1,0.99,4,1,2.6,0.0,0.0,0.0,7,0.0,0.0,33.075,12,0.0,0.0,0.0,23.0,2,0,30,3,0,6.57
Patrik Schick,Leverkusen,Big5,FW,1898,,1,Atacantes,1,1,1.0,16,3,17.2,0.0,0.0,0.0,3,0.0,0.0,67.94200000000001,31,0.0,0.0,0.0,30.0,2,0,27,1,0,7.25
Stefan Schimmer,Heidenheim,Big5,FW,794,,1,Atacantes,0,0,0.31,5,1,5.4,0.0,0.0,0.0,4,0.0,0.0,30.888,11,0.0,0.0,0.0,32.0,1,0,26,1,0,6.44
Keven Schlotterbeck,Augsburg,Big5,DF,2031,,0,Perfil 0,1,1,1.0,0,1,1.4,0.0,0.0,0.0,33,0.0,0.0,11.978000000000002,3,0.0,0.0,0.0,29.0,7,1,24,0,0,7.02
Nico Schlotterbeck,Dortmund,Big5,DF,2430,55000000.0,1,Atacantes,1,1,1.0,5,1,3.7,0.0,0.0,0.0,23,0.0,0.0,32.129999999999995,9,0.0,0.0,0.0,26.0,8,0,27,0,0,7.59
Romano Schmid,Werder Bremen,Big5,MF,2893,,1,Atacantes,1,1,1.0,4,8,7.8,0.0,0.0,0.0,13,0.0,0.0,54.891,21,0.0,0.0,0.0,26.0,4,0,33,3,0,7.25
Isaac Schmidt,Werder Bremen,Big5,MF,630,,0,Perfil 0,0,0,0.14,1,0,1.0,0.0,0.0,0.0,10,0.0,0.0,3.9899999999999998,2,0.0,0.0,0.0,26.0,2,0,18,3,0,6.65
Joël Schmied,Köln,Big5,DF,1033,,0,Perfil 0,1,1,0.81,0,0,0.2,0.0,0.0,0.0,10,0.0,0.0,5.06,0,0.0,0.0,0.0,27.0,4,0,15,0,0,6.86
Jan Schöppner,Heidenheim,Big5,MF,2162,,0,Perfil 0,1,1,1.0,3,3,2.2,0.0,0.0,0.0,30,0.0,0.0,24.0,7,0.0,0.0,0.0,26.0,5,0,30,3,0,6.63
Marvin Schwäbe,Köln,Big5,GK,2970,,2,Goleiros,1,1,0.98,0,0,0.0,0.0,0.0,0.0,3,0.0,0.0,0.0,0,90.0,62.4,3.0,31.0,2,0,33,2,0,6.75
Léo Scienza,Heidenheim,Big5,MF,180,,0,Perfil 0,0,0,0.0,1,0,0.1,0.0,0.0,0.0,0,0.0,0.0,4.0,1,0.0,0.0,0.0,27.0,0,0,2,3,0,6.86
Sebastian Sebulonsen,Köln,Big5,DF,2408,,0,Perfil 0,1,1,0.98,0,0,1.5,0.0,0.0,0.0,17,0.0,0.0,30.016000000000005,5,0.0,0.0,0.0,26.0,5,0,30,0,0,6.47
Jenson Seelt,Wolfsburg,Big5,DF,681,,0,Perfil 0,0,0,0.0,0,0,0.2,0.0,0.0,0.0,5,0.0,0.0,1.976,0,0.0,0.0,0.0,22.0,0,0,9,0,0,6.86
Suat Serdar,Hellas Verona,Big5,MF,1108,,0,Perfil 0,1,1,0.83,2,0,2.1,0.0,0.0,0.0,10,0.0,0.0,18.942,7,0.0,0.0,0.0,29.0,3,0,20,3,0,6.61
Benjamin Šeško,Manchester Utd,Big5,FW,1643,75000000.0,1,Atacantes,1,1,1.0,11,1,9.2,0.0,0.0,0.0,3,0.0,0.0,61.122,34,0.0,0.0,0.0,22.0,2,0,30,1,0,6.8
Luke Shaw,Manchester Utd,Big5,DF,3048,,0,Perfil 0,1,1,1.0,0,1,0.7,0.0,0.0,0.0,40,0.0,0.0,8.136,2,0.0,0.0,0.0,30.0,8,0,36,0,0,6.95
Kento Shiogai,Wolfsburg,Big5,MF,315,,0,Perfil 0,0,0,0.0,1,0,1.5,0.0,0.0,0.0,3,0.0,0.0,8.995,6,0.0,0.0,0.0,21.0,2,0,11,3,0,6.86
Kwasi Sibo,Oviedo,Big5,MF,1681,,0,Perfil 0,1,1,0.9,0,0,0.4,0.0,0.0,0.0,14,0.0,0.0,8.975999999999999,2,0.0,0.0,0.0,27.0,3,1,26,3,0,6.42
Armindo Sieb,Mainz 05,Big5,FW,548,,0,Perfil 0,0,0,0.01,2,0,2.2,0.0,0.0,0.0,0,0.0,0.0,18.055999999999997,6,0.0,0.0,0.0,23.0,1,0,22,1,0,6.14
Tim Siersleben,Heidenheim,Big5,DF,1081,,0,Perfil 0,1,1,0.87,0,0,0.5,0.0,0.0,0.0,21,0.0,0.0,5.04,3,0.0,0.0,0.0,26.0,2,0,15,0,0,6.86
Fábio Silva,Dortmund,Big5,FW,809,,0,Perfil 0,0,0,0.26,2,6,2.6,0.0,0.0,0.0,2,0.0,0.0,22.05,7,0.0,0.0,0.0,23.0,3,0,27,1,0,6.53
Giuliano Simeone,Atlético Madrid,Big5,MF,2009,40000000.0,1,Atacantes,1,1,0.99,4,6,5.2,0.0,0.0,0.0,19,0.0,0.0,33.896,13,0.0,0.0,0.0,23.0,1,0,29,3,0,7.14
Jahmai Simpson-Pusey,Köln,Big5,DF,773,,0,Perfil 0,0,0,0.05,0,0,0.4,0.0,0.0,0.0,12,0.0,0.0,4.9879999999999995,3,0.0,0.0,0.0,20.0,2,1,10,0,0,6.86
Danel Sinani,St Pauli,Big5,MF,2069,,1,Atacantes,1,1,1.0,5,3,5.1,0.0,0.0,0.0,5,0.0,0.0,48.989999999999995,18,0.0,0.0,0.0,29.0,4,0,30,3,0,6.9
Tim Skarke,Union Berlin,Big5,MF,603,,0,Perfil 0,0,0,0.04,1,1,0.9,0.0,0.0,0.0,1,0.0,0.0,14.003,5,0.0,0.0,0.0,29.0,0,0,21,3,0,6.23
Andreas Skov Olsen,Wolfsburg,Big5,MF,362,,0,Perfil 0,0,0,0.0,1,0,0.3,0.0,0.0,0.0,1,0.0,0.0,6.96,2,0.0,0.0,0.0,26.0,1,0,8,3,0,6.86
Robert Skov,Union Berlin,Big5,DF,220,,0,Perfil 0,0,0,0.0,0,0,0.0,0.0,0.0,0.0,2,0.0,0.0,0.9839999999999999,0,0.0,0.0,0.0,29.0,0,0,3,0,0,6.86
Tobias Slotsager,Hellas Verona,Big5,DF,446,,0,Perfil 0,0,0,0.0,0,0,0.1,0.0,0.0,0.0,3,0.0,0.0,3.05,1,0.0,0.0,0.0,20.0,0,0,8,0,0,6.86
Eric Smith,St Pauli,Big5,DF,2311,,0,Perfil 0,1,1,1.0,2,2,0.6,0.0,0.0,0.0,24,0.0,0.0,12.078999999999999,5,0.0,0.0,0.0,29.0,4,1,27,0,0,6.83
Yann Sommer,Inter,Big5,GK,2880,,2,Goleiros,1,1,0.99,0,0,0.0,0.0,0.0,0.0,0,0.0,0.0,0.0,0,61.0,70.5,15.0,37.0,0,0,32,2,0,6.84
Hugo Sotelo,Celta Vigo,Big5,MF,1338,,0,Perfil 0,1,1,0.94,0,2,0.1,0.0,0.0,0.0,13,0.0,0.0,1.937,1,0.0,0.0,0.0,22.0,3,0,20,3,0,7.02
Jens Stage,Werder Bremen,Big5,MF,2370,,1,Atacantes,1,1,1.0,10,2,6.1,0.0,0.0,0.0,18,0.0,0.0,53.915,21,0.0,0.0,0.0,29.0,5,0,28,3,0,7.19
Josip Stanišić,Bayern Munich,Big5,DF,1812,40000000.0,0,Perfil 0,1,1,0.98,2,3,1.4,0.0,0.0,0.0,18,0.0,0.0,7.035,4,0.0,0.0,0.0,26.0,1,0,25,0,0,7.28
Carl Starfelt,Celta Vigo,Big5,DF,1491,,0,Perfil 0,1,1,0.97,0,0,0.6,0.0,0.0,0.0,16,0.0,0.0,3.984,1,0.0,0.0,0.0,30.0,3,1,19,0,0,6.76
Niklas Stark,Werder Bremen,Big5,DF,697,,0,Perfil 0,0,0,0.16,0,0,0.4,0.0,0.0,0.0,13,0.0,0.0,3.003,1,0.0,0.0,0.0,31.0,8,2,14,0,0,6.86
Pascal Stenzel,Stuttgart,Big5,MF,106,,0,Perfil 0,0,0,0.0,0,0,0.3,0.0,0.0,0.0,2,0.0,0.0,3.0599999999999996,1,0.0,0.0,0.0,30.0,2,0,2,3,0,6.86
Leonidas Stergiou,Heidenheim,Big5,DF,206,,0,Perfil 0,0,0,0.0,0,0,0.1,0.0,0.0,0.0,1,0.0,0.0,1.012,0,0.0,0.0,0.0,24.0,0,0,5,0,0,6.86
Angelo Stiller,Stuttgart,Big5,MF,2653,45000000.0,1,Atacantes,1,1,1.0,2,5,3.1,0.0,0.0,0.0,25,0.0,0.0,17.11,8,0.0,0.0,0.0,25.0,1,0,33,3,0,7.31
Kevin Stöger,Gladbach,Big5,MF,1258,,0,Perfil 0,1,1,0.96,1,1,2.5,0.0,0.0,0.0,13,0.0,0.0,21.98,7,0.0,0.0,0.0,32.0,3,0,28,3,0,6.67
Petar Sucic,Inter,Big5,MF,1602,40000000.0,0,Perfil 0,1,1,0.98,2,2,1.7,0.0,0.0,0.0,8,0.0,0.0,19.936000000000003,5,0.0,0.0,0.0,22.0,5,0,32,3,0,6.97
Yukinari Sugawara,Werder Bremen,Big5,DF,2428,,1,Atacantes,1,1,1.0,0,6,1.8,0.0,0.0,0.0,15,0.0,0.0,29.970000000000002,11,0.0,0.0,0.0,25.0,2,1,31,0,0,6.8
Niklas Süle,Dortmund,Big5,DF,486,,0,Perfil 0,0,0,0.0,0,1,0.0,0.0,0.0,0.0,6,0.0,0.0,1.998,1,0.0,0.0,0.0,30.0,3,0,11,0,0,6.86
Tomáš Suslov,Hellas Verona,Big5,FW,329,,0,Perfil 0,0,0,0.02,0,0,0.6,0.0,0.0,0.0,1,0.0,0.0,11.137,3,0.0,0.0,0.0,23.0,1,1,9,1,0,6.74
Yuito Suzuki,Freiburg,Big5,MF,1632,,1,Atacantes,1,1,0.97,4,2,3.9,0.0,0.0,0.0,10,0.0,0.0,38.010000000000005,14,0.0,0.0,0.0,24.0,3,0,25,3,0,6.76
Mattias Svanberg,Wolfsburg,Big5,MF,795,,0,Perfil 0,0,0,0.33,3,1,2.9,0.0,0.0,0.0,9,0.0,0.0,17.952,7,0.0,0.0,0.0,27.0,6,1,23,3,0,6.38
Daniel Svensson,Dortmund,Big5,MF,2364,,0,Perfil 0,1,1,0.98,2,2,1.8,0.0,0.0,0.0,20,0.0,0.0,12.098,4,0.0,0.0,0.0,24.0,0,0,32,3,0,7.0
Williot Swedberg,Celta Vigo,Big5,FW,1133,,1,Atacantes,1,1,0.85,4,5,4.3,0.0,0.0,0.0,3,0.0,0.0,20.034,11,0.0,0.0,0.0,22.0,2,0,27,1,0,6.62
Alexander Sørloth,Atlético Madrid,Big5,FW,1905,,1,Atacantes,1,1,0.99,13,0,10.2,0.0,0.0,0.0,0,0.0,0.0,66.144,34,0.0,0.0,0.0,30.0,4,1,33,1,0,6.79
Haris Tabakovic,Gladbach,Big5,FW,2309,,1,Atacantes,1,1,1.0,12,3,13.0,0.0,0.0,0.0,0,0.0,0.0,65.02099999999999,25,0.0,0.0,0.0,31.0,4,0,31,1,0,6.77
Jonathan Tah,Bayern Munich,Big5,DF,1928,,0,Perfil 0,1,1,1.0,2,1,0.7,0.0,0.0,0.0,25,0.0,0.0,7.917999999999999,5,0.0,0.0,0.0,30.0,7,0,27,0,0,7.27
Kōta Takai,Gladbach,Big5,DF,342,,0,Perfil 0,0,0,0.0,0,0,0.2,0.0,0.0,0.0,4,0.0,0.0,3.002,2,0.0,0.0,0.0,21.0,1,0,8,0,0,6.86
Axel Tapé,Leverkusen,Big5,MF,222,,0,Perfil 0,0,0,0.0,0,0,0.2,0.0,0.0,0.0,1,0.0,0.0,3.05,1,0.0,0.0,0.0,18.0,1,0,6,3,0,6.86
Edmond Tapsoba,Leverkusen,Big5,DF,2485,,1,Atacantes,1,1,1.0,5,3,2.5,0.0,0.0,0.0,20,0.0,0.0,27.876,10,0.0,0.0,0.0,27.0,7,0,28,0,0,7.39
César Tárrega,Valencia,Big5,DF,2328,,0,Perfil 0,1,1,1.0,0,0,0.6,0.0,0.0,0.0,21,0.0,0.0,9.065,1,0.0,0.0,0.0,24.0,6,0,29,0,0,6.7
Jackson Tchatchoua,Wolves,Big5,MF,1845,,0,Perfil 0,1,1,0.98,0,1,0.3,0.0,0.0,0.0,14,0.0,0.0,3.0749999999999997,1,0.0,0.0,0.0,24.0,3,0,31,3,0,6.5
Nathan Tella,Leverkusen,Big5,MF,868,,0,Perfil 0,0,0,0.12,1,4,2.8,0.0,0.0,0.0,4,0.0,0.0,23.904,8,0.0,0.0,0.0,26.0,2,0,17,3,0,6.86
Martin Terrier,Leverkusen,Big5,MF,675,,0,Perfil 0,0,0,0.07,4,1,2.6,0.0,0.0,0.0,1,0.0,0.0,17.025,6,0.0,0.0,0.0,29.0,1,0,18,3,0,6.86
Jan Thielmann,Köln,Big5,MF,1529,,0,Perfil 0,1,1,0.99,3,1,2.3,0.0,0.0,0.0,13,0.0,0.0,27.03,10,0.0,0.0,0.0,23.0,4,0,25,3,0,6.67
Marcus Thuram,Inter,Big5,FW,1900,50000000.0,1,Atacantes,1,1,1.0,13,6,9.4,0.0,0.0,0.0,1,0.0,0.0,74.061,29,0.0,0.0,0.0,28.0,2,0,29,1,0,7.28
Phillip Tietz,Augsburg,Big5,FW,198,,0,Perfil 0,0,0,0.02,1,0,8.9,0.0,0.0,0.0,0,0.0,0.0,6.006,3,0.0,0.0,0.0,28.0,2,0,10,1,0,6.8
Phillip Tietz,Mainz 05,Big5,FW,1527,,1,Atacantes,1,1,0.95,4,1,8.9,0.0,0.0,0.0,7,0.0,0.0,44.03,20,0.0,0.0,0.0,28.0,2,0,18,1,0,6.8
Malik Tillman,Leverkusen,Big5,MF,1613,,1,Atacantes,1,1,1.0,6,1,4.6,0.0,0.0,0.0,18,0.0,0.0,32.936,12,0.0,0.0,0.0,23.0,2,0,28,3,0,7.07
Umut Tohumcu,Hoffenheim,Big5,MF,136,,0,Perfil 0,0,0,0.0,0,0,0.1,0.0,0.0,0.0,0,0.0,0.0,1.98,0,0.0,0.0,0.0,21.0,2,0,5,3,0,6.86
Tiago Tomás,Stuttgart,Big5,MF,1015,,1,Atacantes,0,0,0.25,5,3,6.0,0.0,0.0,0.0,5,0.0,0.0,35.03,10,0.0,0.0,0.0,23.0,4,0,26,3,0,6.74
Keke Topp,Werder Bremen,Big5,FW,638,,0,Perfil 0,0,0,0.06,1,1,2.0,0.0,0.0,0.0,1,0.0,0.0,25.063,3,0.0,0.0,0.0,22.0,4,0,20,1,0,6.74
Bazoumana Touré,Hoffenheim,Big5,MF,2233,40000000.0,1,Atacantes,1,1,0.98,5,9,4.2,0.0,0.0,0.0,6,0.0,0.0,45.88,13,0.0,0.0,0.0,20.0,2,0,29,3,0,7.2
Omar Traoré,Heidenheim,Big5,DF,1456,,0,Perfil 0,1,1,0.98,0,2,0.4,0.0,0.0,0.0,17,0.0,0.0,10.043999999999999,2,0.0,0.0,0.0,28.0,2,0,25,0,0,6.32
Philipp Treu,Freiburg,Big5,DF,2096,,0,Perfil 0,1,1,0.92,1,2,1.2,0.0,0.0,0.0,6,0.0,0.0,16.076999999999998,4,0.0,0.0,0.0,25.0,2,0,27,0,0,6.67
Christopher Trimmel,Union Berlin,Big5,MF,1797,,0,Perfil 0,1,1,0.94,0,3,0.1,0.0,0.0,0.0,8,0.0,0.0,4.0,0,0.0,0.0,0.0,39.0,7,0,28,3,0,6.99
Stefanos Tzimas,Brighton,Big5,FW,139,,0,Perfil 0,0,0,0.0,1,1,0.5,0.0,0.0,0.0,0,0.0,0.0,3.885,1,0.0,0.0,0.0,20.0,0,0,9,1,0,6.74
Manuel Ugarte,Manchester Utd,Big5,MF,887,,0,Perfil 0,0,0,0.26,0,0,0.7,0.0,0.0,0.0,20,0.0,0.0,13.068000000000001,1,0.0,0.0,0.0,25.0,1,0,22,3,0,6.86
Filip Ugrinic,Valencia,Big5,MF,1312,,0,Perfil 0,1,1,0.87,0,3,1.0,0.0,0.0,0.0,8,0.0,0.0,17.958,2,0.0,0.0,0.0,27.0,3,0,24,3,0,6.85
Lukas Ullrich,Gladbach,Big5,DF,1215,,0,Perfil 0,1,1,0.97,0,0,0.6,0.0,0.0,0.0,20,0.0,0.0,9.99,2,0.0,0.0,0.0,22.0,2,0,22,0,0,6.59
Sven Ulreich,Bayern Munich,Big5,GK,90,,0,Perfil 0,0,0,0.0,0,0,0.0,0.0,0.0,0.0,0,0.0,0.0,0.0,0,6.0,85.7,0.0,37.0,1,0,1,2,0,6.93
Deniz Undav,Stuttgart,Big5,FW,2151,,1,Atacantes,1,1,1.0,19,6,16.4,0.0,0.0,0.0,4,0.0,0.0,123.08500000000001,46,0.0,0.0,0.0,29.0,5,0,28,1,0,7.46
Dayot Upamecano,Bayern Munich,Big5,DF,1704,70000000.0,0,Perfil 0,1,1,1.0,1,1,1.0,0.0,0.0,0.0,20,0.0,0.0,7.937999999999999,2,0.0,0.0,0.0,27.0,4,0,23,0,0,7.3
Jonas Urbig,Bayern Munich,Big5,GK,1080,,2,Goleiros,1,1,0.98,0,0,0.0,0.0,0.0,0.0,0,0.0,0.0,0.0,0,31.0,68.9,6.0,22.0,0,0,13,2,0,6.93
Josha Vagnoman,Stuttgart,Big5,DF,1569,,0,Perfil 0,1,1,0.88,1,3,2.9,0.0,0.0,0.0,3,0.0,0.0,18.966,11,0.0,0.0,0.0,25.0,3,0,26,0,0,6.74
Nicolás Valentini,Hellas Verona,Big5,DF,1270,,0,Perfil 0,1,1,0.92,0,0,0.9,0.0,0.0,0.0,15,0.0,0.0,12.972,6,0.0,0.0,0.0,25.0,5,0,19,0,0,6.62
Obed Vargas,Atlético Madrid,Big5,MF,590,,0,Perfil 0,0,0,0.0,0,1,0.2,0.0,0.0,0.0,8,0.0,0.0,3.036,0,0.0,0.0,0.0,20.0,2,0,10,3,0,6.86
Nikola Vasilj,St Pauli,Big5,GK,2970,,2,Goleiros,1,1,1.0,0,0,0.0,0.0,0.0,0.0,1,0.0,0.0,0.0,0,115.0,67.7,5.0,30.0,0,0,33,2,0,6.79
Denis Vavro,Wolfsburg,Big5,DF,1086,,0,Perfil 0,1,1,0.85,1,0,0.9,0.0,0.0,0.0,13,0.0,0.0,11.979,5,0.0,0.0,0.0,30.0,2,0,16,0,0,6.86
Jesus Vazquez,Valencia,Big5,DF,777,,0,Perfil 0,0,0,0.2,0,0,0.3,0.0,0.0,0.0,2,0.0,0.0,7.998,2,0.0,0.0,0.0,23.0,2,0,21,0,0,6.49
Lucas Vázquez,Leverkusen,Big5,MF,474,,0,Perfil 0,0,0,0.02,1,2,0.5,0.0,0.0,0.0,2,0.0,0.0,4.028,1,0.0,0.0,0.0,34.0,2,0,11,3,0,6.86
Matías Vecino,Celta Vigo,Big5,MF,117,,0,Perfil 0,0,0,0.0,0,0,0.1,0.0,0.0,0.0,2,0.0,0.0,2.0020000000000002,0,0.0,0.0,0.0,34.0,0,0,4,3,0,6.86
Joël Veltman,Brighton,Big5,DF,993,,0,Perfil 0,0,0,0.37,1,0,1.1,0.0,0.0,0.0,19,0.0,0.0,2.97,1,0.0,0.0,0.0,34.0,5,0,23,0,0,6.81
Nikolas Veratschnig,Mainz 05,Big5,MF,660,,0,Perfil 0,0,0,0.17,0,1,0.1,0.0,0.0,0.0,10,0.0,0.0,4.015000000000001,1,0.0,0.0,0.0,23.0,3,0,21,3,0,6.44
Bart Verbruggen,Brighton,Big5,GK,3240,40000000.0,2,Goleiros,1,1,1.0,0,0,0.0,0.0,0.0,0.0,0,0.0,0.0,0.0,0,97.0,72.6,10.0,23.0,3,0,36,2,0,6.93
Nacho Vidal,Oviedo,Big5,DF,2103,,0,Perfil 0,1,1,0.97,0,0,2.2,0.0,0.0,0.0,29,0.0,0.0,13.104000000000001,3,0.0,0.0,0.0,31.0,4,0,26,0,0,6.77
Federico Viñas,Oviedo,Big5,FW,2271,,1,Atacantes,1,1,0.99,9,1,8.7,0.0,0.0,0.0,12,0.0,0.0,53.928000000000004,21,0.0,0.0,0.0,27.0,6,3,31,1,0,6.98
Stefan de Vrij,Inter,Big5,DF,500,,0,Perfil 0,0,0,0.02,0,0,0.3,0.0,0.0,0.0,4,0.0,0.0,5.04,2,0.0,0.0,0.0,34.0,1,0,9,0,0,6.86
Hauke Wahl,St Pauli,Big5,DF,2502,,0,Perfil 0,1,1,0.97,2,1,0.6,0.0,0.0,0.0,28,0.0,0.0,10.008,4,0.0,0.0,0.0,32.0,1,0,29,0,0,6.69
Nelson Weiper,Mainz 05,Big5,FW,551,,0,Perfil 0,0,0,0.04,0,0,2.8,0.0,0.0,0.0,3,0.0,0.0,12.932,6,0.0,0.0,0.0,21.0,1,0,23,1,0,6.74
Danny Welbeck,Brighton,Big5,FW,2136,,1,Atacantes,1,1,1.0,13,1,12.4,0.0,0.0,0.0,8,0.0,0.0,54.035999999999994,27,0.0,0.0,0.0,35.0,5,0,35,1,0,6.79
Silvan Widmer,Mainz 05,Big5,MF,1743,,0,Perfil 0,1,1,0.99,2,1,2.5,0.0,0.0,0.0,16,0.0,0.0,19.982,4,0.0,0.0,0.0,33.0,5,0,26,3,0,6.73
Mats Wieffer,Brighton,Big5,DF,1813,,0,Perfil 0,1,1,1.0,2,3,1.9,0.0,0.0,0.0,24,0.0,0.0,17.889000000000003,6,0.0,0.0,0.0,26.0,8,0,25,0,0,7.02
Patrick Wimmer,Wolfsburg,Big5,MF,1621,,0,Perfil 0,1,1,0.97,4,3,3.1,0.0,0.0,0.0,23,0.0,0.0,23.94,8,0.0,0.0,0.0,24.0,4,0,25,3,0,6.86
Jonas Wind,Wolfsburg,Big5,FW,481,,0,Perfil 0,0,0,0.0,1,0,1.2,0.0,0.0,0.0,0,0.0,0.0,8.904,6,0.0,0.0,0.0,27.0,1,0,11,1,0,6.74
Marius Wolf,Augsburg,Big5,MF,959,,0,Perfil 0,0,0,0.28,1,1,1.1,0.0,0.0,0.0,12,0.0,0.0,14.017,5,0.0,0.0,0.0,30.0,4,0,28,3,0,6.5
Nick Woltemade,Stuttgart,Big5,MF,90,55000000.0,0,Perfil 0,0,0,0.0,0,0,0.0,0.0,0.0,0.0,0,0.0,0.0,0.0,0,0.0,0.0,0.0,24.0,0,0,1,3,0,6.86
Leny Yoro,Manchester Utd,Big5,DF,1723,50000000.0,0,Perfil 0,1,1,1.0,0,0,1.4,0.0,0.0,0.0,30,0.0,0.0,8.977,3,0.0,0.0,0.0,20.0,1,0,31,0,0,6.67
Dan-Axel Zagadou,Stuttgart,Big5,DF,209,,0,Perfil 0,0,0,0.01,0,0,0.3,0.0,0.0,0.0,5,0.0,0.0,5.933999999999999,1,0.0,0.0,0.0,26.0,0,0,3,0,0,6.86
Bryan Zaragoza,Celta Vigo,Big5,FW,1131,,0,Perfil 0,1,1,0.74,1,1,2.0,0.0,0.0,0.0,2,0.0,0.0,26.081999999999997,12,0.0,0.0,0.0,24.0,1,0,19,1,0,6.74
Aaron Zehnter,Wolfsburg,Big5,DF,1456,,0,Perfil 0,1,1,0.93,2,0,1.3,0.0,0.0,0.0,16,0.0,0.0,11.016,5,0.0,0.0,0.0,21.0,0,0,20,0,0,6.81
Robin Zentner,Mainz 05,Big5,GK,876,,0,Perfil 0,0,0,0.09,0,0,0.0,0.0,0.0,0.0,0,0.0,0.0,0.0,0,31.0,68.9,0.0,31.0,2,1,10,2,0,6.93
Cedric Zesiger,Augsburg,Big5,DF,1726,,0,Perfil 0,1,1,0.99,0,0,0.8,0.0,0.0,0.0,16,0.0,0.0,10.943999999999999,3,0.0,0.0,0.0,27.0,7,0,26,0,0,6.56
Piotr Zieliński,Inter,Big5,MF,1927,,1,Atacantes,1,1,1.0,6,3,2.5,0.0,0.0,0.0,7,0.0,0.0,28.034,10,0.0,0.0,0.0,31.0,3,0,32,3,0,7.23
Joshua Zirkzee,Manchester Utd,Big5,FW,598,,0,Perfil 0,0,0,0.06,2,1,3.0,0.0,0.0,0.0,1,0.0,0.0,21.846,7,0.0,0.0,0.0,24.0,3,0,22,1,0,6.74
Budu Zivzivadze,Heidenheim,Big5,FW,1052,,0,Perfil 0,1,1,0.77,6,0,5.3,0.0,0.0,0.0,1,0.0,0.0,23.984999999999996,12,0.0,0.0,0.0,32.0,2,1,19,1,0,6.57
Allan,Botafogo (RJ),Brasileirao,MF,463,,0,Perfil 0,0,0,0.01,0,0,0.1,0.0,0.0,0.0,9,0.0,0.0,1.9889999999999999,0,0.0,0.0,0.0,35.0,3,0,10,3,1,6.48
Júnior Alonso,Atlético Mineiro,Brasileirao,DF,720,,0,Perfil 0,0,0,0.01,0,0,0.2,0.0,0.0,0.0,10,0.0,0.0,4.96,1,0.0,0.0,0.0,33.0,2,0,8,0,1,6.83
João Ananias,Santos,Brasileirao,DF,90,,0,Perfil 0,0,0,0.0,0,0,0.0,0.0,0.0,0.0,1,0.0,0.0,0.0,0,0.0,0.0,0.0,19.0,0,0,1,0,1,6.86
Anderson,Chapecoense,Brasileirao,GK,270,,0,Perfil 0,0,0,0.0,0,0,0.1,0.0,0.0,0.0,0,0.0,0.0,0.99,0,13.0,76.5,0.0,28.0,0,0,3,2,1,6.93
Willian Arão,Santos,Brasileirao,MF,488,,0,Perfil 0,0,0,0.0,0,0,0.0,0.0,0.0,0.0,1,0.0,0.0,0.0,0,0.0,0.0,0.0,33.0,0,0,10,3,1,6.66
Giovanni Augusto,Chapecoense,Brasileirao,MF,336,,0,Perfil 0,0,0,0.0,0,0,0.1,0.0,0.0,0.0,3,0.0,0.0,2.9600000000000004,0,0.0,0.0,0.0,36.0,1,0,9,3,1,6.41
Ryan Augusto,RB Bragantino,Brasileirao,DF,234,,0,Perfil 0,0,0,0.0,0,0,0.1,0.0,0.0,0.0,0,0.0,0.0,4.992,1,0.0,0.0,0.0,18.0,0,0,5,0,1,6.86
Gabriel Barbosa,Santos,Brasileirao,FW,623,,0,Perfil 0,0,0,0.05,4,2,4.7,0.0,0.0,0.0,2,0.0,0.0,22.908,4,0.0,0.0,0.0,29.0,3,0,9,1,1,7.26
Lucas Barbosa,RB Bragantino,Brasileirao,MF,1255,,1,Atacantes,1,1,0.91,3,1,4.7,0.0,0.0,0.0,12,0.0,0.0,36.835,16,0.0,0.0,0.0,25.0,4,0,14,3,1,7.28
Alexander Barboza,Botafogo (RJ),Brasileirao,DF,944,,0,Perfil 0,0,0,0.08,1,2,0.6,0.0,0.0,0.0,9,0.0,0.0,11.969999999999999,6,0.0,0.0,0.0,31.0,4,1,11,0,1,7.1
Álvaro Barreal,Santos,Brasileirao,MF,833,,0,Perfil 0,0,0,0.04,2,0,1.5,0.0,0.0,0.0,4,0.0,0.0,19.065,5,0.0,0.0,0.0,25.0,3,0,13,3,1,6.69
Jordan Barrera,Botafogo (RJ),Brasileirao,MF,348,,0,Perfil 0,0,0,0.0,0,0,1.5,0.0,0.0,0.0,3,0.0,0.0,9.087,3,0.0,0.0,0.0,20.0,0,0,10,3,1,6.52
Kadir Barría,Botafogo (RJ),Brasileirao,FW,166,,0,Perfil 0,0,0,0.0,0,0,1.1,0.0,0.0,0.0,1,0.0,0.0,5.8500000000000005,1,0.0,0.0,0.0,18.0,0,0,6,1,1,6.74
Bastos,Botafogo (RJ),Brasileirao,DF,520,,0,Perfil 0,0,0,0.0,0,0,0.0,0.0,0.0,0.0,6,0.0,0.0,0.0,0,0.0,0.0,0.0,35.0,1,0,6,0,1,6.86
Bernard,Atlético Mineiro,Brasileirao,MF,509,,0,Perfil 0,0,0,0.02,1,0,0.6,0.0,0.0,0.0,4,0.0,0.0,5.016,2,0.0,0.0,0.0,33.0,0,0,12,3,1,6.6
Yannick Bolasie,Chapecoense,Brasileirao,FW,748,,0,Perfil 0,0,0,0.04,1,1,3.5,0.0,0.0,0.0,0,0.0,0.0,16.019000000000002,3,0.0,0.0,0.0,36.0,3,0,12,1,1,6.36
Gabriel Bontempo,Santos,Brasileirao,MF,805,,0,Perfil 0,0,0,0.15,0,1,1.1,0.0,0.0,0.0,9,0.0,0.0,8.989,1,0.0,0.0,0.0,21.0,2,0,13,3,1,7.04
Gabriel Brazão,Santos,Brasileirao,GK,1170,,0,Perfil 0,1,1,0.89,0,0,0.1,0.0,0.0,0.0,0,0.0,0.0,1.04,1,33.0,66.0,3.0,25.0,3,0,13,2,1,6.75
Arthur Cabral,Botafogo (RJ),Brasileirao,FW,941,,0,Perfil 0,0,0,0.04,4,1,3.4,0.0,0.0,0.0,0,0.0,0.0,21.104999999999997,11,0.0,0.0,0.0,28.0,2,0,12,1,1,7.02
Victor Caetano,Chapecoense,Brasileirao,DF,647,,0,Perfil 0,0,0,0.0,0,0,0.2,0.0,0.0,0.0,8,0.0,0.0,1.0080000000000002,0,0.0,0.0,0.0,28.0,2,0,8,0,1,6.86
Camilo,Chapecoense,Brasileirao,MF,990,,0,Perfil 0,0,0,0.05,0,0,0.3,0.0,0.0,0.0,17,0.0,0.0,11.0,1,0.0,0.0,0.0,27.0,2,0,12,3,1,7.01
Juninho Capixaba,RB Bragantino,Brasileirao,DF,1164,,0,Perfil 0,1,1,0.9,2,2,1.1,0.0,0.0,0.0,17,0.0,0.0,16.899,3,0.0,0.0,0.0,28.0,6,0,13,0,1,7.38
Rafael Carvalheira,Chapecoense,Brasileirao,MF,623,,0,Perfil 0,0,0,0.0,1,0,0.7,0.0,0.0,0.0,5,0.0,0.0,8.004,2,0.0,0.0,0.0,26.0,1,0,11,3,1,6.45
Mateo Cassierra,Atlético Mineiro,Brasileirao,FW,501,,0,Perfil 0,0,0,0.0,2,1,2.5,0.0,0.0,0.0,0,0.0,0.0,11.088,4,0.0,0.0,0.0,29.0,1,0,12,1,1,6.59
Mamady Cissé,Atlético Mineiro,Brasileirao,MF,116,,0,Perfil 0,0,0,0.0,0,0,0.5,0.0,0.0,0.0,1,0.0,0.0,3.0290000000000004,0,0.0,0.0,0.0,19.0,0,0,5,3,1,6.86
Walter Clar,Chapecoense,Brasileirao,DF,765,,0,Perfil 0,0,0,0.05,3,1,2.8,0.0,0.0,0.0,7,0.0,0.0,10.03,6,0.0,0.0,0.0,31.0,0,0,10,0,1,6.92
Joaquín Correa,Botafogo (RJ),Brasileirao,FW,168,,0,Perfil 0,0,0,0.0,0,1,0.3,0.0,0.0,0.0,0,0.0,0.0,4.066,1,0.0,0.0,0.0,31.0,2,0,5,1,1,6.74
Tomás Cuello,Atlético Mineiro,Brasileirao,MF,953,,0,Perfil 0,0,0,0.18,2,1,3.6,0.0,0.0,0.0,15,0.0,0.0,33.072,9,0.0,0.0,0.0,26.0,0,0,14,3,1,7.0
Lautaro Díaz,Santos,Brasileirao,FW,234,,0,Perfil 0,0,0,0.0,1,0,0.5,0.0,0.0,0.0,0,0.0,0.0,6.994,2,0.0,0.0,0.0,27.0,0,0,7,1,1,6.74
Diogenes,Santos,Brasileirao,GK,180,,0,Perfil 0,0,0,0.0,0,0,0.0,0.0,0.0,0.0,0,0.0,0.0,0.0,0,6.0,75.0,1.0,25.0,1,0,2,2,1,6.93
Alexis Duarte,Santos,Brasileirao,DF,90,,0,Perfil 0,0,0,0.0,0,0,0.0,0.0,0.0,0.0,1,0.0,0.0,0.0,0,0.0,0.0,0.0,26.0,1,0,1,0,1,6.86
Dudu,Athletico Paranaense,Brasileirao,MF,598,,0,Perfil 0,0,0,0.0,1,1,1.3,0.0,0.0,0.0,6,0.0,0.0,4.949999999999999,2,0.0,0.0,0.0,20.0,0,0,11,3,1,6.4
Dudu,Atlético Mineiro,Brasileirao,MF,313,,0,Perfil 0,0,0,0.0,2,0,1.3,0.0,0.0,0.0,1,0.0,0.0,13.09,7,0.0,0.0,0.0,34.0,0,0,12,3,1,6.4
Edenílson,Grêmio,Brasileirao,MF,152,,0,Perfil 0,0,0,0.01,1,0,1.9,0.0,0.0,0.0,2,0.0,0.0,4.029,1,0.0,0.0,0.0,36.0,0,0,3,3,1,6.84
Edenílson,Botafogo (RJ),Brasileirao,MF,525,,0,Perfil 0,0,0,0.01,3,2,1.9,0.0,0.0,0.0,3,0.0,0.0,9.918,5,0.0,0.0,0.0,36.0,2,0,10,3,1,6.84
Ênio,Chapecoense,Brasileirao,MF,392,,0,Perfil 0,0,0,0.02,1,0,0.6,0.0,0.0,0.0,2,0.0,0.0,13.112,4,0.0,0.0,0.0,25.0,2,0,6,3,1,6.95
Gonzalo Escobar,Santos,Brasileirao,DF,777,,0,Perfil 0,0,0,0.09,0,1,0.3,0.0,0.0,0.0,17,0.0,0.0,5.933999999999999,0,0.0,0.0,0.0,29.0,4,0,9,0,1,6.99
Éverson,Atlético Mineiro,Brasileirao,GK,1350,,2,Goleiros,1,1,0.96,0,1,0.0,0.0,0.0,0.0,0,0.0,0.0,0.0,0,45.0,69.2,3.0,35.0,0,0,15,2,1,6.94
Everton,Mirassol,Brasileirao,FW,204,,0,Perfil 0,0,0,0.0,0,0,0.6,0.0,0.0,0.0,0,0.0,0.0,6.095,1,0.0,0.0,0.0,29.0,0,0,7,1,1,6.74
Everton,Chapecoense,Brasileirao,MF,805,,0,Perfil 0,0,0,0.03,0,1,0.6,0.0,0.0,0.0,6,0.0,0.0,8.989,2,0.0,0.0,0.0,31.0,6,1,12,3,1,6.86
Fabinho,RB Bragantino,Brasileirao,MF,223,,0,Perfil 0,0,0,0.01,0,0,0.0,0.0,0.0,0.0,4,0.0,0.0,0.0,0,0.0,0.0,0.0,24.0,2,1,5,3,1,6.86
Matheus Fernandes,RB Bragantino,Brasileirao,MF,657,,0,Perfil 0,0,0,0.03,0,1,0.4,0.0,0.0,0.0,10,0.0,0.0,11.972,1,0.0,0.0,0.0,27.0,2,0,11,3,1,6.68
Nahuel Ferraresi,Botafogo (RJ),Brasileirao,DF,648,,0,Perfil 0,0,0,0.03,1,0,0.3,0.0,0.0,0.0,11,0.0,0.0,3.024,1,0.0,0.0,0.0,27.0,1,0,9,0,1,6.89
Alan Franco,Atlético Mineiro,Brasileirao,MF,1125,,0,Perfil 0,1,1,0.74,0,1,0.6,0.0,0.0,0.0,19,0.0,0.0,5.0,2,0.0,0.0,0.0,27.0,3,0,13,3,1,6.68
Adonis Frías,Santos,Brasileirao,DF,495,,0,Perfil 0,0,0,0.01,1,0,0.3,0.0,0.0,0.0,7,0.0,0.0,1.98,2,0.0,0.0,0.0,28.0,1,0,6,0,1,6.86
Gabriel,Bahia,Brasileirao,DF,429,75000000.0,0,Perfil 0,0,0,0.0,0,0,0.6,0.0,0.0,0.0,6,0.0,0.0,1.008,0,0.0,0.0,0.0,25.0,1,0,6,0,1,6.72
Gabriel,Mirassol,Brasileirao,MF,254,75000000.0,0,Perfil 0,0,0,0.01,0,1,0.6,0.0,0.0,0.0,5,0.0,0.0,11.899999999999999,4,0.0,0.0,0.0,32.0,1,0,7,3,1,6.72
Gabriel,Vitória,Brasileirao,GK,270,75000000.0,0,Perfil 0,0,0,0.0,0,0,0.6,0.0,0.0,0.0,0,0.0,0.0,0.0,0,3.0,30.0,1.0,33.0,0,0,3,2,1,6.72
Gabriel,RB Bragantino,Brasileirao,MF,926,75000000.0,0,Perfil 0,0,0,0.19,2,0,0.6,0.0,0.0,0.0,8,0.0,0.0,16.068,6,0.0,0.0,0.0,33.0,5,0,13,3,1,6.72
Maurício Garcez,Chapecoense,Brasileirao,FW,374,,0,Perfil 0,0,0,0.0,0,0,0.6,0.0,0.0,0.0,0,0.0,0.0,6.048,1,0.0,0.0,0.0,29.0,0,0,6,1,1,6.74
Igor Gomes,Atlético Mineiro,Brasileirao,MF,231,,0,Perfil 0,0,0,0.0,0,0,0.0,0.0,0.0,0.0,3,0.0,0.0,1.014,0,0.0,0.0,0.0,27.0,1,0,5,3,1,6.86
Gustavinho,RB Bragantino,Brasileirao,MF,516,,0,Perfil 0,0,0,0.0,1,1,0.6,0.0,0.0,0.0,4,0.0,0.0,5.985,5,0.0,0.0,0.0,22.0,1,0,11,3,1,6.76
Gustavo Henrique,Santos,Brasileirao,MF,456,,0,Perfil 0,0,0,0.01,0,0,0.1,0.0,0.0,0.0,9,0.0,0.0,1.02,0,0.0,0.0,0.0,21.0,3,0,6,3,1,6.86
Pedro Henrique,RB Bragantino,Brasileirao,DF,715,,0,Perfil 0,0,0,0.01,0,0,0.5,0.0,0.0,0.0,10,0.0,0.0,1.975,0,0.0,0.0,0.0,30.0,2,0,10,0,1,6.78
José Herrera,RB Bragantino,Brasileirao,MF,492,,0,Perfil 0,0,0,0.01,1,0,1.0,0.0,0.0,0.0,2,0.0,0.0,14.08,6,0.0,0.0,0.0,23.0,3,0,11,3,1,6.61
Victor Hugo,Atlético Mineiro,Brasileirao,MF,1076,,0,Perfil 0,1,1,0.74,3,1,1.4,0.0,0.0,0.0,7,0.0,0.0,16.080000000000002,9,0.0,0.0,0.0,22.0,0,0,13,3,1,7.04
Vitor Hugo,Atlético Mineiro,Brasileirao,DF,381,,0,Perfil 0,0,0,0.0,0,0,0.3,0.0,0.0,0.0,5,0.0,0.0,2.9819999999999998,0,0.0,0.0,0.0,34.0,1,0,5,0,1,6.86
Hulk,Atlético Mineiro,Brasileirao,FW,906,,0,Perfil 0,0,0,0.07,1,3,1.8,0.0,0.0,0.0,0,0.0,0.0,25.048,7,0.0,0.0,0.0,39.0,1,0,12,1,1,6.63
José Hurtado,RB Bragantino,Brasileirao,DF,922,,0,Perfil 0,0,0,0.14,1,0,0.7,0.0,0.0,0.0,11,0.0,0.0,13.974,2,0.0,0.0,0.0,24.0,2,0,12,0,1,6.97
Italo,Chapecoense,Brasileirao,MF,663,,0,Perfil 0,0,0,0.0,0,0,1.5,0.0,0.0,0.0,5,0.0,0.0,10.064000000000002,0,0.0,0.0,0.0,23.0,0,0,13,3,1,6.35
Zé Ivaldo,Santos,Brasileirao,DF,358,,0,Perfil 0,0,0,0.0,0,0,0.2,0.0,0.0,0.0,11,0.0,0.0,2.0,2,0.0,0.0,0.0,29.0,1,0,5,0,1,6.86
Gabriel Justino,Botafogo (RJ),Brasileirao,DF,131,,0,Perfil 0,0,0,0.0,0,0,0.0,0.0,0.0,0.0,0,0.0,0.0,0.0,0,0.0,0.0,0.0,20.0,0,0,3,0,1,6.86
Léo,Bahia,Brasileirao,GK,630,,0,Perfil 0,0,0,0.16,0,0,0.0,0.0,0.0,0.0,0,0.0,0.0,0.0,0,34.0,79.1,1.0,35.0,0,0,7,2,1,6.93
Léo,Chapecoense,Brasileirao,GK,630,,0,Perfil 0,0,0,0.07,0,0,0.0,0.0,0.0,0.0,0,0.0,0.0,0.0,0,32.0,76.2,1.0,35.0,1,0,7,2,1,6.93
Bruno Leonardo,Chapecoense,Brasileirao,DF,969,,0,Perfil 0,0,0,0.01,0,0,0.1,0.0,0.0,0.0,11,0.0,0.0,2.052,0,0.0,0.0,0.0,29.0,3,0,11,0,1,6.28
Vinicius Lira,Santos,Brasileirao,DF,353,,0,Perfil 0,0,0,0.0,0,0,0.1,0.0,0.0,0.0,4,0.0,0.0,2.964,1,0.0,0.0,0.0,18.0,1,0,5,0,1,6.86
Renan Lodi,Atlético Mineiro,Brasileirao,DF,1254,,0,Perfil 0,1,1,0.84,0,2,1.0,0.0,0.0,0.0,8,0.0,0.0,17.931,6,0.0,0.0,0.0,28.0,2,1,14,0,1,7.01
Lyanco,Atlético Mineiro,Brasileirao,DF,352,,0,Perfil 0,0,0,0.01,0,0,0.1,0.0,0.0,0.0,5,0.0,0.0,3.9779999999999998,0,0.0,0.0,0.0,29.0,4,1,5,0,1,6.86
Marcinho,Chapecoense,Brasileirao,FW,636,,0,Perfil 0,0,0,0.02,1,1,0.7,0.0,0.0,0.0,3,0.0,0.0,15.052,3,0.0,0.0,0.0,30.0,0,0,13,1,1,6.56
Gustavo Marques,RB Bragantino,Brasileirao,DF,1085,,0,Perfil 0,1,1,0.83,0,0,1.2,0.0,0.0,0.0,13,0.0,0.0,11.011,4,0.0,0.0,0.0,24.0,1,0,13,0,1,7.13
Matheus Martins,Botafogo (RJ),Brasileirao,MF,805,,0,Perfil 0,0,0,0.12,4,0,2.0,0.0,0.0,0.0,4,0.0,0.0,23.852000000000004,13,0.0,0.0,0.0,22.0,1,0,14,3,1,6.79
Maycon,Atlético Mineiro,Brasileirao,MF,672,,0,Perfil 0,0,0,0.02,1,0,1.9,0.0,0.0,0.0,9,0.0,0.0,7.05,1,0.0,0.0,0.0,28.0,0,0,8,3,1,6.93
Mayke,Santos,Brasileirao,DF,180,,0,Perfil 0,0,0,0.0,0,0,0.0,0.0,0.0,0.0,1,0.0,0.0,1.0,1,0.0,0.0,0.0,33.0,1,0,2,0,1,6.86
Cristian Medina,Botafogo (RJ),Brasileirao,MF,701,,0,Perfil 0,0,0,0.02,1,0,1.6,0.0,0.0,0.0,13,0.0,0.0,8.034,1,0.0,0.0,0.0,23.0,2,1,9,3,1,6.7
Gabriel Menino,Santos,Brasileirao,MF,428,,0,Perfil 0,0,0,0.0,1,0,0.5,0.0,0.0,0.0,6,0.0,0.0,11.088,3,0.0,0.0,0.0,25.0,2,0,8,3,1,6.86
Higor Meritão,Chapecoense,Brasileirao,MF,594,,0,Perfil 0,0,0,0.0,1,0,1.3,0.0,0.0,0.0,4,0.0,0.0,10.032,4,0.0,0.0,0.0,31.0,1,0,10,3,1,6.66
Alan Minda,Atlético Mineiro,Brasileirao,MF,251,,0,Perfil 0,0,0,0.0,1,0,1.2,0.0,0.0,0.0,2,0.0,0.0,7.027999999999999,4,0.0,0.0,0.0,23.0,0,0,7,3,1,6.86
Moises,Santos,Brasileirao,MF,328,,0,Perfil 0,0,0,0.0,2,1,1.5,0.0,0.0,0.0,2,0.0,0.0,8.892000000000001,6,0.0,0.0,0.0,29.0,0,0,11,3,1,6.56
Álvaro Montoro,Botafogo (RJ),Brasileirao,MF,705,,0,Perfil 0,0,0,0.02,0,3,1.2,0.0,0.0,0.0,5,0.0,0.0,9.984,3,0.0,0.0,0.0,19.0,1,0,12,3,1,6.91
Henry Mosquera,RB Bragantino,Brasileirao,MF,922,,0,Perfil 0,0,0,0.07,0,2,2.6,0.0,0.0,0.0,2,0.0,0.0,27.845999999999997,7,0.0,0.0,0.0,24.0,1,0,12,3,1,7.38
Natanael,Atlético Mineiro,Brasileirao,DF,601,,0,Perfil 0,0,0,0.04,0,1,0.3,0.0,0.0,0.0,8,0.0,0.0,6.03,2,0.0,0.0,0.0,24.0,0,1,8,0,1,6.83
Neto,Botafogo (RJ),Brasileirao,GK,630,,0,Perfil 0,0,0,0.0,0,0,0.0,0.0,0.0,0.0,0,0.0,0.0,0.0,0,29.0,72.5,1.0,36.0,0,0,7,2,1,6.44
Newton,Botafogo (RJ),Brasileirao,DF,392,,0,Perfil 0,0,0,0.01,0,0,0.0,0.0,0.0,0.0,4,0.0,0.0,3.036,1,0.0,0.0,0.0,26.0,1,0,6,0,1,6.86
Neymar,Santos,Brasileirao,MF,619,,0,Perfil 0,0,0,0.01,4,2,2.7,0.0,0.0,0.0,0,0.0,0.0,18.078000000000003,6,0.0,0.0,0.0,34.0,4,0,7,3,1,6.86
Christian Oliva,Santos,Brasileirao,MF,693,,0,Perfil 0,0,0,0.02,0,1,0.3,0.0,0.0,0.0,14,0.0,0.0,7.007000000000001,0,0.0,0.0,0.0,29.0,0,0,10,3,1,6.79
Bruno Pacheco,Chapecoense,Brasileirao,DF,450,,0,Perfil 0,0,0,0.0,0,1,0.1,0.0,0.0,0.0,2,0.0,0.0,0.0,0,0.0,0.0,0.0,34.0,1,0,6,0,1,6.89
Kauã Pascini,Atlético Mineiro,Brasileirao,DF,109,,0,Perfil 0,0,0,0.0,0,0,0.0,0.0,0.0,0.0,0,0.0,0.0,0.0,0,0.0,0.0,0.0,18.0,0,0,3,0,1,6.86
Paulinho,Internacional,Brasileirao,MF,691,,0,Perfil 0,0,0,0.01,0,0,0.7,0.0,0.0,0.0,6,0.0,0.0,9.009,3,0.0,0.0,0.0,29.0,4,0,12,3,1,6.86
Joao Paulo,Chapecoense,Brasileirao,DF,236,,0,Perfil 0,0,0,0.0,0,0,0.2,0.0,0.0,0.0,3,0.0,0.0,0.0,0,0.0,0.0,0.0,28.0,1,0,3,0,1,6.86
Tomás Pérez,Atlético Mineiro,Brasileirao,MF,518,,0,Perfil 0,0,0,0.02,0,0,0.2,0.0,0.0,0.0,12,0.0,0.0,3.016,1,0.0,0.0,0.0,20.0,2,0,9,3,1,6.76
Neto Pessoa,Chapecoense,Brasileirao,FW,116,,0,Perfil 0,0,0,0.0,1,0,1.4,0.0,0.0,0.0,0,0.0,0.0,5.044,2,0.0,0.0,0.0,31.0,1,0,6,1,1,6.74
Isidro Pitta,RB Bragantino,Brasileirao,FW,906,,0,Perfil 0,0,0,0.12,5,1,5.4,0.0,0.0,0.0,2,0.0,0.0,27.068,9,0.0,0.0,0.0,26.0,2,0,14,1,1,6.81
Mateo Ponte,Botafogo (RJ),Brasileirao,DF,425,,0,Perfil 0,0,0,0.0,0,1,0.6,0.0,0.0,0.0,6,0.0,0.0,1.974,0,0.0,0.0,0.0,22.0,2,0,6,0,1,6.86
Ángelo Preciado,Atlético Mineiro,Brasileirao,MF,375,,0,Perfil 0,0,0,0.0,0,0,0.1,0.0,0.0,0.0,6,0.0,0.0,4.032,0,0.0,0.0,0.0,28.0,1,0,7,3,1,6.86
Zé Rafael,Santos,Brasileirao,MF,165,,0,Perfil 0,0,0,0.0,1,1,0.7,0.0,0.0,0.0,0,0.0,0.0,4.914,1,0.0,0.0,0.0,32.0,1,0,5,3,1,6.86
Eric Ramires,RB Bragantino,Brasileirao,MF,155,,0,Perfil 0,0,0,0.0,0,0,0.4,0.0,0.0,0.0,2,0.0,0.0,0.9859999999999999,0,0.0,0.0,0.0,25.0,1,0,8,3,1,6.86
Reinier,Atlético Mineiro,Brasileirao,FW,543,,0,Perfil 0,0,0,0.0,1,1,2.5,0.0,0.0,0.0,1,0.0,0.0,14.940000000000001,7,0.0,0.0,0.0,24.0,1,0,13,1,1,6.75
Santiago Rodríguez,Botafogo (RJ),Brasileirao,MF,372,,0,Perfil 0,0,0,0.0,0,0,0.1,0.0,0.0,0.0,1,0.0,0.0,0.0,0,0.0,0.0,0.0,26.0,1,0,7,3,1,6.49
Benjamín Rollheiser,Santos,Brasileirao,MF,342,,0,Perfil 0,0,0,0.02,3,0,2.3,0.0,0.0,0.0,2,0.0,0.0,12.008,7,0.0,0.0,0.0,26.0,1,0,12,3,1,6.97
Iván Román,Atlético Mineiro,Brasileirao,DF,350,,0,Perfil 0,0,0,0.01,1,0,0.9,0.0,0.0,0.0,6,0.0,0.0,3.003,1,0.0,0.0,0.0,19.0,2,0,5,0,1,6.86
Rony,Santos,Brasileirao,MF,775,,0,Perfil 0,0,0,0.02,0,0,0.6,0.0,0.0,0.0,6,0.0,0.0,9.03,1,0.0,0.0,0.0,31.0,3,0,12,3,1,6.68
Caio Roque,Botafogo (RJ),Brasileirao,DF,115,,0,Perfil 0,0,0,0.0,0,0,0.0,0.0,0.0,0.0,2,0.0,0.0,1.014,0,0.0,0.0,0.0,24.0,0,0,3,0,1,6.86
Agustín Sant'Anna,RB Bragantino,Brasileirao,DF,124,,0,Perfil 0,0,0,0.01,0,1,0.2,0.0,0.0,0.0,1,0.0,0.0,2.03,1,0.0,0.0,0.0,28.0,0,0,4,0,1,6.86
Danilo Santos,Botafogo (RJ),Brasileirao,MF,1070,,1,Atacantes,1,1,0.8,7,2,1.9,0.0,0.0,0.0,5,0.0,0.0,28.084,12,0.0,0.0,0.0,25.0,1,0,12,3,1,7.47
Eduardo Santos,RB Bragantino,Brasileirao,DF,112,,0,Perfil 0,0,0,0.0,0,0,0.0,0.0,0.0,0.0,0,0.0,0.0,0.96,0,0.0,0.0,0.0,28.0,0,0,3,0,1,6.86
Júnior Santos,Botafogo (RJ),Brasileirao,FW,409,,0,Perfil 0,0,0,0.0,1,0,1.1,0.0,0.0,0.0,1,0.0,0.0,7.92,4,0.0,0.0,0.0,31.0,2,0,9,1,1,6.42
Rafael Santos,Chapecoense,Brasileirao,GK,360,,0,Perfil 0,0,0,0.0,0,0,0.0,0.0,0.0,0.0,0,0.0,0.0,0.0,0,20.0,66.7,0.0,37.0,0,0,4,2,1,6.93
Eduardo Sasha,RB Bragantino,Brasileirao,FW,687,,0,Perfil 0,0,0,0.01,0,0,3.4,0.0,0.0,0.0,3,0.0,0.0,13.908,5,0.0,0.0,0.0,34.0,0,0,11,1,1,6.37
Gustavo Scarpa,Atlético Mineiro,Brasileirao,MF,323,,0,Perfil 0,0,0,0.0,1,0,0.6,0.0,0.0,0.0,1,0.0,0.0,14.04,3,0.0,0.0,0.0,32.0,0,0,10,3,1,6.41
João Schmidt,Santos,Brasileirao,MF,622,,0,Perfil 0,0,0,0.0,0,0,0.4,0.0,0.0,0.0,7,0.0,0.0,6.003,0,0.0,0.0,0.0,32.0,2,0,10,3,1,6.86
Ignacio Sosa,RB Bragantino,Brasileirao,MF,401,,0,Perfil 0,0,0,0.01,0,0,0.3,0.0,0.0,0.0,3,0.0,0.0,5.040000000000001,1,0.0,0.0,0.0,22.0,4,0,12,3,1,6.55
Alex Telles,Botafogo (RJ),Brasileirao,DF,976,,0,Perfil 0,0,0,0.11,2,2,1.8,0.0,0.0,0.0,7,0.0,0.0,4.968000000000001,2,0.0,0.0,0.0,33.0,1,0,13,0,1,6.75
Miguel Terceros,Santos,Brasileirao,FW,246,,0,Perfil 0,0,0,0.0,0,0,0.5,0.0,0.0,0.0,2,0.0,0.0,4.941000000000001,0,0.0,0.0,0.0,22.0,1,0,6,1,1,6.74
Thaciano,Santos,Brasileirao,MF,534,,0,Perfil 0,0,0,0.0,2,0,1.6,0.0,0.0,0.0,2,0.0,0.0,12.921000000000001,3,0.0,0.0,0.0,31.0,1,0,11,3,1,6.86
Rafael Thyere,Chapecoense,Brasileirao,DF,104,,0,Perfil 0,0,0,0.0,0,0,0.0,0.0,0.0,0.0,1,0.0,0.0,0.0,0,0.0,0.0,0.0,32.0,0,0,2,0,1,6.86
Lucas Veríssimo,Santos,Brasileirao,DF,720,,0,Perfil 0,0,0,0.08,0,0,1.0,0.0,0.0,0.0,19,0.0,0.0,2.96,1,0.0,0.0,0.0,30.0,1,0,8,0,1,6.63
Lucas Villalba,Botafogo (RJ),Brasileirao,MF,197,,0,Perfil 0,0,0,0.0,1,0,0.0,0.0,0.0,0.0,0,0.0,0.0,2.0020000000000002,1,0.0,0.0,0.0,25.0,1,0,6,3,1,6.86
Marcos Vinicius,Chapecoense,Brasileirao,DF,409,,0,Perfil 0,0,0,0.01,0,1,0.4,0.0,0.0,0.0,4,0.0,0.0,2.97,0,0.0,0.0,0.0,29.0,2,0,7,0,1,6.32
Vitinho,Botafogo (RJ),Brasileirao,DF,1043,,0,Perfil 0,1,1,0.79,0,2,0.4,0.0,0.0,0.0,13,0.0,0.0,4.06,0,0.0,0.0,0.0,26.0,3,0,13,0,1,6.73
João Vitor,Chapecoense,Brasileirao,MF,588,,0,Perfil 0,0,0,0.02,0,0,0.7,0.0,0.0,0.0,1,0.0,0.0,18.915,3,0.0,0.0,0.0,28.0,1,0,10,3,1,6.62
Tiago Volpi,RB Bragantino,Brasileirao,GK,720,,0,Perfil 0,0,0,0.02,0,0,1.6,0.0,0.0,0.0,0,0.0,0.0,0.0,0,20.0,66.7,2.0,35.0,0,0,8,2,1,7.22
Himad Abdelli,Angers,Big5,MF,943,,0,Perfil 0,0,0,0.19,2,0,0.0,0.0,0.0,0.0,13,0.0,0.0,11.025,5,0.0,0.0,0.0,26.0,1,0,13,3,0,6.86
Abdel Abqar,Getafe,Big5,DF,1328,,0,Perfil 0,1,1,0.98,0,2,0.0,0.0,0.0,0.0,20,0.0,0.0,6.9559999999999995,1,0.0,0.0,0.0,27.0,10,1,21,0,0,6.86
Francis Abu,Toulouse,Big5,MF,526,,0,Perfil 0,0,0,0.0,0,0,0.0,0.0,0.0,0.0,8,0.0,0.0,5.974,0,0.0,0.0,0.0,25.0,2,0,8,3,0,6.86
Joshua Acheampong,Chelsea,Big5,DF,587,,0,Perfil 0,0,0,0.11,1,0,0.0,0.0,0.0,0.0,11,0.0,0.0,2.99,2,0.0,0.0,0.0,20.0,1,0,15,0,0,6.86
Junior Adamu,Freiburg,Big5,FW,446,,0,Perfil 0,0,0,0.01,1,1,0.0,0.0,0.0,0.0,5,0.0,0.0,8.05,3,0.0,0.0,0.0,24.0,1,0,9,1,0,6.74
Dapo Afolayan,St Pauli,Big5,MF,150,,0,Perfil 0,0,0,0.0,0,0,0.0,0.0,0.0,0.0,0,0.0,0.0,4.08,2,0.0,0.0,0.0,28.0,1,0,7,3,0,6.86
Tosin Aiyegun,Lorient,Big5,FW,1049,,0,Perfil 0,1,1,0.88,5,0,0.0,0.0,0.0,0.0,1,0.0,0.0,30.068999999999996,12,0.0,0.0,0.0,27.0,1,0,26,1,0,6.74
Ilias Akhomach,Villarreal,Big5,MF,188,,0,Perfil 0,0,0,0.0,0,0,0.0,0.0,0.0,0.0,0,0.0,0.0,6.027,2,0.0,0.0,0.0,22.0,0,0,9,3,0,6.86
Jean-Daniel Akpa-Akpro,Hellas Verona,Big5,MF,1384,,0,Perfil 0,1,1,0.96,1,0,0.0,0.0,0.0,0.0,19,0.0,0.0,13.09,4,0.0,0.0,0.0,33.0,9,0,20,3,0,6.86
Al-Musrati,Hellas Verona,Big5,MF,811,,0,Perfil 0,0,0,0.19,0,1,0.0,0.0,0.0,0.0,10,0.0,0.0,8.01,1,0.0,0.0,0.0,30.0,6,1,17,3,0,6.86
Carlos Alcaraz,Everton,Big5,MF,682,,0,Perfil 0,0,0,0.07,0,1,0.0,0.0,0.0,0.0,2,0.0,0.0,19.075999999999997,5,0.0,0.0,0.0,23.0,4,0,19,3,0,6.86
Alexandre Alemão,Rayo Vallecano,Big5,FW,1002,,0,Perfil 0,0,0,0.15,3,0,0.0,0.0,0.0,0.0,1,0.0,0.0,21.977999999999998,10,0.0,0.0,0.0,28.0,3,0,23,1,0,6.74
Alfon,Villarreal,Big5,MF,288,,0,Perfil 0,0,0,0.0,1,0,0.0,0.0,0.0,0.0,2,0.0,0.0,5.984000000000001,3,0.0,0.0,0.0,27.0,0,0,9,3,0,6.86
Alfon,Sevilla,Big5,MF,312,,0,Perfil 0,0,0,0.0,1,0,0.0,0.0,0.0,0.0,1,0.0,0.0,11.094999999999999,7,0.0,0.0,0.0,27.0,0,0,10,3,0,6.86
Mohamed Ali Cho,Nice,Big5,FW,1622,,0,Perfil 0,1,1,0.88,4,3,0.0,0.0,0.0,0.0,4,0.0,0.0,29.88,14,0.0,0.0,0.0,22.0,1,0,23,1,0,6.74
Alisson,Liverpool,Big5,GK,2250,,2,Goleiros,1,1,1.0,0,0,0.0,0.0,0.0,0.0,0,0.0,0.0,0.0,0,56.0,66.7,8.0,33.0,1,0,25,2,0,6.93
Domingos André Ribeiro Almeida,Valencia,Big5,MF,1008,,0,Perfil 0,0,0,0.09,0,1,0.0,0.0,0.0,0.0,8,0.0,0.0,8.959999999999999,3,0.0,0.0,0.0,25.0,0,0,20,3,0,6.86
Ayoube Amaimouni Echghouyab,Eintracht Frankfurt,Big5,MF,586,,0,Perfil 0,0,0,0.01,2,3,0.0,0.0,0.0,0.0,2,0.0,0.0,11.96,7,0.0,0.0,0.0,21.0,1,0,17,3,0,6.86
Mohamed Amine Sbai,Angers,Big5,MF,1728,,0,Perfil 0,1,1,0.91,2,1,0.0,0.0,0.0,0.0,4,0.0,0.0,32.064,15,0.0,0.0,0.0,25.0,3,1,24,3,0,6.86
Michael Amir Murillo,Marseille,Big5,DF,989,,0,Perfil 0,0,0,0.13,2,1,0.0,0.0,0.0,0.0,6,0.0,0.0,9.02,2,0.0,0.0,0.0,30.0,4,0,16,0,0,6.86
Nícolas Andrade,Pisa,Big5,GK,540,,0,Perfil 0,0,0,0.0,0,0,0.0,0.0,0.0,0.0,0,0.0,0.0,0.0,0,12.0,46.2,0.0,38.0,0,0,6,2,0,6.93
Miguel Ángel Rubio,Espanyol,Big5,DF,206,,0,Perfil 0,0,0,0.0,1,0,0.0,0.0,0.0,0.0,1,0.0,0.0,2.001,1,0.0,0.0,0.0,28.0,0,0,12,0,0,6.86
Faustino Anjorin,Torino,Big5,MF,289,,0,Perfil 0,0,0,0.0,0,0,0.0,0.0,0.0,0.0,7,0.0,0.0,4.0,1,0.0,0.0,0.0,24.0,1,0,15,3,0,6.86
Antoniu,Espanyol,Big5,MF,229,,0,Perfil 0,0,0,0.0,0,0,0.0,0.0,0.0,0.0,2,0.0,0.0,3.9250000000000003,0,0.0,0.0,0.0,23.0,1,0,11,3,0,6.86
Youssef El-Arabi,Nantes,Big5,FW,941,,0,Perfil 0,0,0,0.15,3,0,0.0,0.0,0.0,0.0,4,0.0,0.0,15.014999999999999,9,0.0,0.0,0.0,39.0,0,0,25,1,0,6.74
Dehmaine Assoumani,Nantes,Big5,MF,1276,,0,Perfil 0,1,1,1.0,1,0,0.0,0.0,0.0,0.0,16,0.0,0.0,29.109999999999996,7,0.0,0.0,0.0,21.0,5,0,27,3,0,6.86
Otavio Ataide,Paris FC,Big5,DF,1818,,0,Perfil 0,1,1,0.98,1,0,0.0,0.0,0.0,0.0,26,0.0,0.0,11.918,3,0.0,0.0,0.0,24.0,6,1,22,0,0,6.86
Tommaso Baldanzi,Roma,Big5,FW,386,,0,Perfil 0,0,0,0.01,1,0,0.0,0.0,0.0,0.0,3,0.0,0.0,11.008,4,0.0,0.0,0.0,23.0,2,0,10,1,0,6.74
Fodé Ballo-Touré,Metz,Big5,DF,836,,0,Perfil 0,0,0,0.02,0,0,0.0,0.0,0.0,0.0,5,0.0,0.0,5.022000000000001,1,0.0,0.0,0.0,29.0,2,0,13,0,0,6.86
Kike Barja,Osasuna,Big5,MF,410,,0,Perfil 0,0,0,0.12,2,2,0.0,0.0,0.0,0.0,3,0.0,0.0,8.096,4,0.0,0.0,0.0,29.0,3,0,25,3,0,6.86
Altay Bayındır,Manchester Utd,Big5,GK,540,,0,Perfil 0,0,0,0.0,0,0,0.0,0.0,0.0,0.0,0,0.0,0.0,0.0,0,13.0,54.2,0.0,28.0,0,0,6,2,0,6.93
Vakoun Bayo,Udinese,Big5,FW,433,,0,Perfil 0,0,0,0.01,0,2,0.0,0.0,0.0,0.0,0,0.0,0.0,12.96,2,0.0,0.0,0.0,29.0,0,0,14,1,0,6.74
Hannes Behrens,Heidenheim,Big5,DF,1228,,0,Perfil 0,1,1,0.81,1,2,0.0,0.0,0.0,0.0,16,0.0,0.0,8.976,4,0.0,0.0,0.0,21.0,0,0,15,0,0,6.86
Armel Bella Kotchap,Hellas Verona,Big5,DF,1314,,0,Perfil 0,1,1,0.9,0,0,0.0,0.0,0.0,0.0,29,0.0,0.0,3.066,0,0.0,0.0,0.0,24.0,3,0,18,0,0,6.86
Fran Beltrán,Celta Vigo,Big5,MF,528,,0,Perfil 0,0,0,0.0,0,0,0.0,0.0,0.0,0.0,8,0.0,0.0,6.018000000000001,1,0.0,0.0,0.0,27.0,0,0,10,3,0,6.86
Carlos Benavídez,Alavés,Big5,DF,262,,0,Perfil 0,0,0,0.01,0,0,0.0,0.0,0.0,0.0,3,0.0,0.0,2.987,2,0.0,0.0,0.0,28.0,2,1,11,0,0,6.86
Oscar Bobb,Manchester City,Big5,MF,468,,0,Perfil 0,0,0,0.0,0,1,0.0,0.0,0.0,0.0,3,0.0,0.0,4.0040000000000004,0,0.0,0.0,0.0,22.0,1,0,9,3,0,6.86
Morgan Bokelé Mputu,Metz,Big5,MF,227,,0,Perfil 0,0,0,0.0,0,0,0.0,0.0,0.0,0.0,1,0.0,0.0,2.9749999999999996,1,0.0,0.0,0.0,22.0,0,0,10,3,0,6.86
Victor Boniface,Werder Bremen,Big5,FW,333,,0,Perfil 0,0,0,0.03,0,2,0.0,0.0,0.0,0.0,0,0.0,0.0,15.984000000000002,6,0.0,0.0,0.0,25.0,1,0,11,1,0,6.74
Rahim Bonkano,Oviedo,Big5,DF,1547,,0,Perfil 0,1,1,0.94,0,0,0.0,0.0,0.0,0.0,26,0.0,0.0,2.924,0,0.0,0.0,0.0,24.0,2,0,25,0,0,6.86
Enzo Boyomo,Osasuna,Big5,DF,2362,,0,Perfil 0,1,1,0.98,1,1,0.0,0.0,0.0,0.0,14,0.0,0.0,7.859999999999999,3,0.0,0.0,0.0,24.0,6,0,28,0,0,6.86
Marco Brescianini,Atalanta,Big5,MF,182,,0,Perfil 0,0,0,0.0,1,0,0.0,0.0,0.0,0.0,2,0.0,0.0,2.96,2,0.0,0.0,0.0,26.0,1,0,9,3,0,6.86
Brugui,Levante,Big5,MF,985,,0,Perfil 0,0,0,0.12,1,1,0.0,0.0,0.0,0.0,4,0.0,0.0,25.942,9,0.0,0.0,0.0,29.0,1,0,18,3,0,6.86
Emi Buendía,Aston Villa,Big5,MF,1581,,1,Atacantes,1,1,0.99,6,2,0.0,0.0,0.0,0.0,9,0.0,0.0,46.11200000000001,12,0.0,0.0,0.0,29.0,6,0,34,3,0,6.86
Dan Burn,Newcastle United,Big5,DF,2100,,0,Perfil 0,1,1,1.0,1,2,0.0,0.0,0.0,0.0,19,0.0,0.0,10.019,3,0.0,0.0,0.0,34.0,11,1,27,0,0,6.86
Marnon Busch,Heidenheim,Big5,DF,1870,,0,Perfil 0,1,1,1.0,1,5,0.0,0.0,0.0,0.0,33,0.0,0.0,12.064,3,0.0,0.0,0.0,31.0,4,0,28,0,0,6.86
Igor Carioca,Lorient,Big5,DF,1213,,0,Perfil 0,1,1,0.87,1,0,0.0,0.0,0.0,0.0,13,0.0,0.0,7.965,1,0.0,0.0,0.0,29.0,1,0,17,0,0,6.86
Carmona,Sevilla,Big5,DF,2406,,0,Perfil 0,1,1,1.0,1,3,0.0,0.0,0.0,0.0,40,0.0,0.0,20.025,3,0.0,0.0,0.0,24.0,13,0,33,0,0,6.86
Dani Carvajal,Real Madrid,Big5,DF,777,,0,Perfil 0,0,0,0.02,0,0,0.0,0.0,0.0,0.0,4,0.0,0.0,4.9879999999999995,1,0.0,0.0,0.0,34.0,0,0,14,0,0,6.86
Cristian Cásseres Jr.,Toulouse,Big5,MF,2495,,0,Perfil 0,1,1,1.0,2,3,0.0,0.0,0.0,0.0,37,0.0,0.0,26.037999999999997,6,0.0,0.0,0.0,26.0,6,0,30,3,0,6.86
Castrin,Sevilla,Big5,DF,1187,,0,Perfil 0,1,1,0.94,1,0,0.0,0.0,0.0,0.0,20,0.0,0.0,10.032,2,0.0,0.0,0.0,23.0,4,0,18,0,0,6.86
Jonny Castro,Alavés,Big5,DF,2994,,0,Perfil 0,1,1,1.0,0,0,0.0,0.0,0.0,0.0,40,0.0,0.0,8.991,3,0.0,0.0,0.0,32.0,7,0,34,0,0,6.86
Catena,Osasuna,Big5,DF,2891,,0,Perfil 0,1,1,1.0,3,2,0.0,0.0,0.0,0.0,32,0.0,0.0,18.939,4,0.0,0.0,0.0,31.0,11,1,33,0,0,6.86
Julian Chabot,Stuttgart,Big5,DF,2204,,0,Perfil 0,1,1,0.98,0,0,0.0,0.0,0.0,0.0,40,0.0,0.0,18.13,7,0.0,0.0,0.0,28.0,3,0,26,0,0,6.86
Walid Cheddira,Sassuolo,Big5,FW,221,,0,Perfil 0,0,0,0.0,1,0,0.0,0.0,0.0,0.0,0,0.0,0.0,8.149999999999999,2,0.0,0.0,0.0,28.0,1,0,16,1,0,6.74
Chema,Stuttgart,Big5,MF,1220,,0,Perfil 0,1,1,0.97,2,0,0.0,0.0,0.0,0.0,27,0.0,0.0,12.104,4,0.0,0.0,0.0,21.0,4,0,24,3,0,6.86
Copete,Valencia,Big5,DF,1759,,0,Perfil 0,1,1,0.96,0,0,0.0,0.0,0.0,0.0,25,0.0,0.0,13.065000000000001,0,0.0,0.0,0.0,26.0,5,0,21,0,0,6.86
Samu Costa,Mallorca,Big5,MF,2546,,1,Atacantes,1,1,1.0,7,2,0.0,0.0,0.0,0.0,25,0.0,0.0,37.073,15,0.0,0.0,0.0,25.0,10,0,32,3,0,6.86
Abdoul Coulibaly,Werder Bremen,Big5,DF,2030,,0,Perfil 0,1,1,0.97,1,0,0.0,0.0,0.0,0.0,23,0.0,0.0,6.102000000000001,1,0.0,0.0,0.0,18.0,5,1,26,0,0,6.86
Ben Cremaschi,Parma,Big5,MF,132,,0,Perfil 0,0,0,0.0,0,0,0.0,0.0,0.0,0.0,0,0.0,0.0,1.02,0,0.0,0.0,0.0,21.0,0,0,8,3,0,6.86
Juan Cruz Armada,Osasuna,Big5,DF,649,,0,Perfil 0,0,0,0.01,0,0,0.0,0.0,0.0,0.0,4,0.0,0.0,1.0080000000000002,0,0.0,0.0,0.0,33.0,2,0,15,0,0,6.86
Cucho,Real Betis,Big5,FW,2490,,1,Atacantes,1,1,0.98,11,3,0.0,0.0,0.0,0.0,11,0.0,0.0,85.03899999999999,25,0.0,0.0,0.0,27.0,5,0,31,1,0,6.74
Pablo Cuñat,Levante,Big5,GK,180,,0,Perfil 0,0,0,0.0,0,0,0.0,0.0,0.0,0.0,0,0.0,0.0,0.0,0,11.0,68.8,0.0,24.0,0,0,2,2,0,6.93
Ameen Al-Dakhil,Stuttgart,Big5,DF,380,,0,Perfil 0,0,0,0.0,0,0,0.0,0.0,0.0,0.0,5,0.0,0.0,1.008,0,0.0,0.0,0.0,24.0,1,0,8,0,0,6.86
Muhammed Damar,Hoffenheim,Big5,MF,277,,0,Perfil 0,0,0,0.0,0,0,0.0,0.0,0.0,0.0,1,0.0,0.0,12.09,8,0.0,0.0,0.0,22.0,0,0,15,3,0,6.86
Damián,Getafe,Big5,MF,90,,0,Perfil 0,0,0,0.0,0,0,0.0,0.0,0.0,0.0,1,0.0,0.0,0.0,0,0.0,0.0,0.0,22.0,0,0,1,3,0,6.86
Juan David Cabal,Juventus,Big5,MF,296,,0,Perfil 0,0,0,0.0,2,0,0.0,0.0,0.0,0.0,4,0.0,0.0,5.016,2,0.0,0.0,0.0,25.0,1,0,12,3,0,6.86
Habib Diallo,Metz,Big5,FW,1909,,0,Perfil 0,1,1,0.88,4,1,0.0,0.0,0.0,0.0,2,0.0,0.0,37.948,12,0.0,0.0,0.0,30.0,0,0,25,1,0,6.74
Junior Diaz,Brest,Big5,DF,1562,,0,Perfil 0,1,1,0.93,0,0,0.0,0.0,0.0,0.0,25,0.0,0.0,6.96,1,0.0,0.0,0.0,22.0,4,0,20,0,0,6.86
El Hadji Malick Diouf,West Ham United,Big5,DF,2527,,0,Perfil 0,1,1,1.0,0,5,0.0,0.0,0.0,0.0,29,0.0,0.0,17.141000000000002,3,0.0,0.0,0.0,21.0,5,0,30,0,0,6.86
Harouna Djibrin,Angers,Big5,MF,336,,0,Perfil 0,0,0,0.02,2,1,0.0,0.0,0.0,0.0,5,0.0,0.0,6.9190000000000005,3,0.0,0.0,0.0,19.0,2,0,15,3,0,6.86
Benjamín Domínguez,Bologna,Big5,MF,544,,0,Perfil 0,0,0,0.03,0,3,0.0,0.0,0.0,0.0,2,0.0,0.0,11.94,2,0.0,0.0,0.0,22.0,1,0,14,3,0,6.86
Adam Dźwigała,St Pauli,Big5,DF,1212,,0,Perfil 0,1,1,0.98,1,1,0.0,0.0,0.0,0.0,23,0.0,0.0,4.05,2,0.0,0.0,0.0,30.0,5,0,18,0,0,6.86
Enzo Ebosse,Hellas Verona,Big5,DF,214,,0,Perfil 0,0,0,0.0,0,0,0.0,0.0,0.0,0.0,0,0.0,0.0,1.008,0,0.0,0.0,0.0,27.0,1,0,4,0,0,6.86
Noah Edjouma,Toulouse,Big5,FW,256,,0,Perfil 0,0,0,0.0,0,0,0.0,0.0,0.0,0.0,3,0.0,0.0,7.867999999999999,3,0.0,0.0,0.0,20.0,0,0,12,1,0,6.74
Mikael Ellertsson,Genoa,Big5,MF,2587,,0,Perfil 0,1,1,0.98,1,1,0.0,0.0,0.0,0.0,14,0.0,0.0,25.83,6,0.0,0.0,0.0,24.0,1,1,34,3,0,6.86
Elif Elmas,Napoli,Big5,MF,1635,,0,Perfil 0,1,1,0.96,1,2,0.0,0.0,0.0,0.0,6,0.0,0.0,23.114,8,0.0,0.0,0.0,26.0,2,0,31,3,0,6.86
Alfonso Espino,Rayo Vallecano,Big5,DF,1296,,0,Perfil 0,1,1,1.0,2,0,0.0,0.0,0.0,0.0,15,0.0,0.0,18.0,8,0.0,0.0,0.0,34.0,2,0,27,0,0,6.86
Francesco Esposito,Inter,Big5,FW,1454,,1,Atacantes,1,1,0.99,6,3,0.0,0.0,0.0,0.0,5,0.0,0.0,55.08,22,0.0,0.0,0.0,20.0,1,0,33,1,0,6.74
Karl Etta Eyong,Villarreal,Big5,FW,256,,0,Perfil 0,0,0,0.0,1,2,0.0,0.0,0.0,0.0,0,0.0,0.0,6.888,3,0.0,0.0,0.0,22.0,0,0,3,1,0,6.74
Karl Etta Eyong,Levante,Big5,FW,1410,,1,Atacantes,1,1,0.98,6,2,0.0,0.0,0.0,0.0,5,0.0,0.0,41.134,21,0.0,0.0,0.0,22.0,3,0,28,1,0,6.74
Abde Ezzalzouli,Real Betis,Big5,MF,2090,40000000.0,1,Atacantes,1,1,1.0,9,8,0.0,0.0,0.0,0.0,15,0.0,0.0,70.992,24,0.0,0.0,0.0,24.0,3,0,27,3,0,6.86
Giovanni Fabbian,Bologna,Big5,MF,705,,0,Perfil 0,0,0,0.01,2,0,0.0,0.0,0.0,0.0,5,0.0,0.0,13.962,4,0.0,0.0,0.0,23.0,0,0,14,3,0,6.86
Kiko Femenía,Getafe,Big5,DF,2008,,0,Perfil 0,1,1,1.0,1,1,0.0,0.0,0.0,0.0,36,0.0,0.0,8.028,3,0.0,0.0,0.0,35.0,6,0,28,0,0,6.86
Ezequiél Fernández,Leverkusen,Big5,MF,984,,0,Perfil 0,0,0,0.32,0,1,0.0,0.0,0.0,0.0,14,0.0,0.0,11.009,1,0.0,0.0,0.0,23.0,4,1,20,3,0,6.86
Romano Floriani,Cremonese,Big5,MF,1092,,0,Perfil 0,1,1,0.84,0,1,0.0,0.0,0.0,0.0,6,0.0,0.0,4.960999999999999,1,0.0,0.0,0.0,23.0,2,0,26,3,0,6.86
Przemysław Frankowski,Rennes,Big5,MF,1210,,0,Perfil 0,1,1,0.79,1,2,0.0,0.0,0.0,0.0,9,0.0,0.0,8.978000000000002,3,0.0,0.0,0.0,31.0,5,0,19,3,0,6.86
Joel Fujita,St Pauli,Big5,MF,2575,,0,Perfil 0,1,1,1.0,1,3,0.0,0.0,0.0,0.0,32,0.0,0.0,30.03,7,0.0,0.0,0.0,24.0,5,0,31,3,0,6.86
Javi Galán,Atlético Madrid,Big5,DF,134,,0,Perfil 0,0,0,0.0,0,0,0.0,0.0,0.0,0.0,1,0.0,0.0,0.0,0,0.0,0.0,0.0,31.0,0,0,5,0,0,6.86
Tyrique George,Chelsea,Big5,FW,145,,0,Perfil 0,0,0,0.0,0,0,0.0,0.0,0.0,0.0,0,0.0,0.0,2.9760000000000004,2,0.0,0.0,0.0,20.0,2,0,4,1,0,6.74
Dimitris Giannoulis,Augsburg,Big5,MF,1888,,0,Perfil 0,1,1,0.99,2,5,0.0,0.0,0.0,0.0,21,0.0,0.0,10.08,6,0.0,0.0,0.0,30.0,8,0,27,3,0,6.86
Giovane,Hellas Verona,Big5,FW,1533,,1,Atacantes,1,1,0.94,3,4,0.0,0.0,0.0,0.0,5,0.0,0.0,46.919999999999995,25,0.0,0.0,0.0,22.0,2,0,21,1,0,6.74
Giovane,Napoli,Big5,MF,338,,0,Perfil 0,0,0,0.0,0,1,0.0,0.0,0.0,0.0,1,0.0,0.0,9.12,2,0.0,0.0,0.0,22.0,0,0,12,3,0,6.86
Joe Gomez,Liverpool,Big5,DF,540,,0,Perfil 0,0,0,0.16,0,2,0.0,0.0,0.0,0.0,8,0.0,0.0,3.0,1,0.0,0.0,0.0,28.0,3,0,19,0,0,6.86
Rafael Gonçalves,Strasbourg,Big5,MF,588,,0,Perfil 0,0,0,0.0,0,1,0.0,0.0,0.0,0.0,4,0.0,0.0,5.005,3,0.0,0.0,0.0,21.0,0,0,12,3,0,6.86
Nicolás González,Manchester City,Big5,MF,1479,,0,Perfil 0,1,1,0.98,1,0,0.0,0.0,0.0,0.0,23,0.0,0.0,12.956,2,0.0,0.0,0.0,24.0,6,0,24,3,0,6.86
Álex Grimaldo,Leverkusen,Big5,MF,2431,,1,Atacantes,1,1,1.0,8,7,0.0,0.0,0.0,0.0,18,0.0,0.0,58.05,20,0.0,0.0,0.0,30.0,5,0,28,3,0,6.86
Albert Grønbaek,Hamburger SV,Big5,MF,402,,0,Perfil 0,0,0,0.03,1,2,0.0,0.0,0.0,0.0,11,0.0,0.0,6.03,4,0.0,0.0,0.0,24.0,0,0,6,3,0,6.86
Albert Grønbaek,Genoa,Big5,MF,103,,0,Perfil 0,0,0,0.0,0,0,0.0,0.0,0.0,0.0,0,0.0,0.0,0.9570000000000001,1,0.0,0.0,0.0,24.0,1,0,4,3,0,6.86
Marc Guéhi,Crystal Palace,Big5,DF,1800,70000000.0,0,Perfil 0,1,1,0.99,2,2,0.0,0.0,0.0,0.0,24,0.0,0.0,15.0,4,0.0,0.0,0.0,25.0,4,0,20,0,0,6.86
Evann Guessand,Aston Villa,Big5,MF,588,,0,Perfil 0,0,0,0.01,0,1,0.0,0.0,0.0,0.0,3,0.0,0.0,7.93,5,0.0,0.0,0.0,24.0,0,0,13,3,0,6.86
Albert Guðmundsson,Fiorentina,Big5,FW,2148,,1,Atacantes,1,1,0.99,5,4,0.0,0.0,0.0,0.0,2,0.0,0.0,41.108,15,0.0,0.0,0.0,28.0,3,1,31,1,0,6.74
Hákon Haraldsson,Lille,Big5,MF,2379,,1,Atacantes,1,1,1.0,8,2,0.0,0.0,0.0,0.0,12,0.0,0.0,48.839999999999996,17,0.0,0.0,0.0,23.0,5,0,31,3,0,6.86
Hwang Hee-chan,Wolves,Big5,FW,1278,,0,Perfil 0,1,1,0.81,2,1,0.0,0.0,0.0,0.0,8,0.0,0.0,17.04,6,0.0,0.0,0.0,30.0,4,0,24,1,0,6.74
Yangel Herrera,Girona,Big5,MF,110,,0,Perfil 0,0,0,0.0,0,0,0.0,0.0,0.0,0.0,1,0.0,0.0,0.9839999999999999,0,0.0,0.0,0.0,28.0,0,0,2,3,0,6.86
Malthe Hojholt,Pisa,Big5,MF,715,,0,Perfil 0,0,0,0.01,0,0,0.0,0.0,0.0,0.0,7,0.0,0.0,3.95,2,0.0,0.0,0.0,25.0,2,0,15,3,0,6.86
Emil Holm,Bologna,Big5,DF,655,,0,Perfil 0,0,0,0.07,1,4,0.0,0.0,0.0,0.0,7,0.0,0.0,8.030000000000001,1,0.0,0.0,0.0,26.0,3,1,11,0,0,6.86
Kwon Hyeokkyu,Nantes,Big5,MF,753,,0,Perfil 0,0,0,0.0,0,0,0.0,0.0,0.0,0.0,6,0.0,0.0,3.024,0,0.0,0.0,0.0,25.0,2,0,12,3,0,6.86
Hong Hyunseok,Nantes,Big5,MF,284,,0,Perfil 0,0,0,0.0,0,0,0.0,0.0,0.0,0.0,2,0.0,0.0,4.064,2,0.0,0.0,0.0,26.0,0,0,6,3,0,6.86
Pierre Højbjerg,Marseille,Big5,MF,2631,,1,Atacantes,1,1,1.0,3,4,0.0,0.0,0.0,0.0,25,0.0,0.0,42.924,13,0.0,0.0,0.0,30.0,3,0,31,3,0,6.86
Iglesias,Getafe,Big5,DF,3005,,0,Perfil 0,1,1,1.0,1,2,0.0,0.0,0.0,0.0,28,0.0,0.0,25.049999999999997,5,0.0,0.0,0.0,27.0,4,0,35,0,0,6.86
Igor,West Ham United,Big5,DF,105,,0,Perfil 0,0,0,0.0,0,0,0.0,0.0,0.0,0.0,1,0.0,0.0,0.0,0,0.0,0.0,0.0,28.0,0,0,4,0,0,6.86
Lee Jae-sung,Mainz 05,Big5,MF,2162,,0,Perfil 0,1,1,0.99,4,2,0.0,0.0,0.0,0.0,23,0.0,0.0,30.0,9,0.0,0.0,0.0,33.0,4,0,27,3,0,6.86
Karl Jakob Hein,Werder Bremen,Big5,GK,180,,0,Perfil 0,0,0,0.0,0,0,0.0,0.0,0.0,0.0,0,0.0,0.0,0.0,0,11.0,78.6,1.0,24.0,0,0,2,2,0,6.93
Castrop Jens,Gladbach,Big5,MF,1584,,0,Perfil 0,1,1,1.0,3,1,0.0,0.0,0.0,0.0,17,0.0,0.0,29.92,12,0.0,0.0,0.0,22.0,2,2,26,3,0,6.86
Oliver Jensen,Parma,Big5,MF,1800,,0,Perfil 0,1,1,0.96,1,1,0.0,0.0,0.0,0.0,17,0.0,0.0,14.0,3,0.0,0.0,0.0,24.0,2,0,32,3,0,6.86
Jofre,Espanyol,Big5,MF,859,,0,Perfil 0,0,0,0.22,1,0,0.0,0.0,0.0,0.0,6,0.0,0.0,19.95,5,0.0,0.0,0.0,24.0,1,0,25,3,0,6.86
Þórir Jóhann Helgason,Lecce,Big5,MF,147,,0,Perfil 0,0,0,0.0,0,0,0.0,0.0,0.0,0.0,3,0.0,0.0,2.9440000000000004,2,0.0,0.0,0.0,25.0,0,0,8,3,0,6.86
Ísak Jóhannesson,Köln,Big5,MF,1787,,0,Perfil 0,1,1,0.95,1,2,0.0,0.0,0.0,0.0,8,0.0,0.0,12.934999999999999,4,0.0,0.0,0.0,23.0,6,0,30,3,0,6.86
John,Nottingham Forest,Big5,GK,437,,0,Perfil 0,0,0,0.0,0,0,0.0,0.0,0.0,0.0,0,0.0,0.0,0.0,0,6.0,46.2,1.0,30.0,1,0,5,2,0,6.93
Dennis Johnsen,Cremonese,Big5,MF,390,,0,Perfil 0,0,0,0.0,1,1,0.0,0.0,0.0,0.0,0,0.0,0.0,4.944999999999999,2,0.0,0.0,0.0,28.0,0,0,11,3,0,6.86
Brennan Johnson,Tottenham Hotspur,Big5,MF,610,,0,Perfil 0,0,0,0.01,2,0,0.0,0.0,0.0,0.0,2,0.0,0.0,6.052,2,0.0,0.0,0.0,24.0,2,0,16,3,0,6.86
Abdulai Juma Bah,Nice,Big5,DF,1958,,0,Perfil 0,1,1,0.98,0,0,0.0,0.0,0.0,0.0,30,0.0,0.0,6.976,2,0.0,0.0,0.0,20.0,7,0,26,0,0,6.86
Eli Junior Kroupi,Bournemouth,Big5,MF,1525,,1,Atacantes,1,1,0.97,12,0,0.0,0.0,0.0,0.0,8,0.0,0.0,43.94,20,0.0,0.0,0.0,19.0,5,0,31,3,0,6.86
Luiz Lúcio Reis Júnior,Villarreal,Big5,GK,2520,,2,Goleiros,1,1,1.0,0,0,0.0,0.0,0.0,0.0,1,0.0,0.0,0.0,0,72.0,74.0,8.0,25.0,3,0,28,2,0,6.93
Hamed Junior Traorè,Marseille,Big5,MF,619,,0,Perfil 0,0,0,0.01,2,1,0.0,0.0,0.0,0.0,5,0.0,0.0,13.041,6,0.0,0.0,0.0,26.0,1,0,13,3,0,6.86
Filip Jørgensen,Chelsea,Big5,GK,379,,0,Perfil 0,0,0,0.01,0,0,0.0,0.0,0.0,0.0,1,0.0,0.0,0.0,0,8.0,61.5,0.0,24.0,0,0,5,2,0,6.93
Arnaud Kalimuendo,Nottingham Forest,Big5,FW,96,,0,Perfil 0,0,0,0.0,0,0,0.0,0.0,0.0,0.0,0,0.0,0.0,4.125,1,0.0,0.0,0.0,24.0,0,0,9,1,0,6.74
Arnaud Kalimuendo,Eintracht Frankfurt,Big5,FW,1372,,0,Perfil 0,1,1,0.92,6,1,0.0,0.0,0.0,0.0,3,0.0,0.0,29.944,16,0.0,0.0,0.0,24.0,4,0,18,1,0,6.74
Justin-Noël Kalumba,Angers,Big5,FW,224,,0,Perfil 0,0,0,0.0,0,0,0.0,0.0,0.0,0.0,1,0.0,0.0,1.0,0,0.0,0.0,0.0,21.0,0,0,4,1,0,6.74
Lee Kang-in,Paris Saint-Germain,Big5,MF,1486,,1,Atacantes,1,1,0.95,3,4,0.0,0.0,0.0,0.0,1,0.0,0.0,36.96,15,0.0,0.0,0.0,25.0,3,0,26,3,0,6.86
Silas Katompa,Mainz 05,Big5,FW,334,,0,Perfil 0,0,0,0.0,1,0,0.0,0.0,0.0,0.0,0,0.0,0.0,7.992000000000001,7,0.0,0.0,0.0,27.0,1,0,8,1,0,6.74
Thomas Keller,Heidenheim,Big5,DF,188,,0,Perfil 0,0,0,0.0,0,0,0.0,0.0,0.0,0.0,0,0.0,0.0,2.016,0,0.0,0.0,0.0,26.0,1,0,4,0,0,6.86
Kialonda,Lecce,Big5,DF,1828,,0,Perfil 0,1,1,1.0,0,0,0.0,0.0,0.0,0.0,19,0.0,0.0,8.932,1,0.0,0.0,0.0,28.0,6,1,22,0,0,6.86
Kiké,Espanyol,Big5,FW,1647,,1,Atacantes,1,1,0.98,7,1,0.0,0.0,0.0,0.0,4,0.0,0.0,58.011,26,0.0,0.0,0.0,36.0,3,0,35,1,0,6.74
Semih Kılıçsoy,Cagliari,Big5,FW,975,,0,Perfil 0,0,0,0.02,4,0,0.0,0.0,0.0,0.0,1,0.0,0.0,16.956000000000003,8,0.0,0.0,0.0,20.0,1,0,22,1,0,6.74
Enzo Koffi Vinette,Le Havre,Big5,DF,340,,0,Perfil 0,0,0,0.05,0,0,0.0,0.0,0.0,0.0,9,0.0,0.0,4.028,2,0.0,0.0,0.0,20.0,1,0,13,0,0,6.86
Manu Koné,Roma,Big5,MF,2437,50000000.0,0,Perfil 0,1,1,0.99,2,3,0.0,0.0,0.0,0.0,20,0.0,0.0,21.138,5,0.0,0.0,0.0,24.0,2,0,28,3,0,6.86
Rémy Labeau Lascary,Brest,Big5,MF,1173,,0,Perfil 0,1,1,0.97,5,1,0.0,0.0,0.0,0.0,4,0.0,0.0,29.9,14,0.0,0.0,0.0,23.0,2,0,26,3,0,6.86
Pierre Lees-Melou,Brest,Big5,MF,180,,0,Perfil 0,0,0,0.0,0,0,0.0,0.0,0.0,0.0,0,0.0,0.0,4.0,0,0.0,0.0,0.0,32.0,0,0,2,3,0,6.86
Youssef Lekhedim,Alavés,Big5,DF,1290,,0,Perfil 0,1,1,0.96,0,1,0.0,0.0,0.0,0.0,12,0.0,0.0,11.011000000000001,3,0.0,0.0,0.0,20.0,6,0,24,0,0,6.86
Esteban Lepaul,Angers,Big5,FW,174,,0,Perfil 0,0,0,0.0,1,0,0.0,0.0,0.0,0.0,0,0.0,0.0,2.945,1,0.0,0.0,0.0,26.0,0,0,2,1,0,6.74
Victor Lindelöf,Aston Villa,Big5,DF,831,,0,Perfil 0,0,0,0.09,0,1,0.0,0.0,0.0,0.0,6,0.0,0.0,2.944,0,0.0,0.0,0.0,31.0,0,0,15,0,0,6.86
Javier Llabrés,Mallorca,Big5,MF,187,,0,Perfil 0,0,0,0.0,0,0,0.0,0.0,0.0,0.0,0,0.0,0.0,5.061000000000001,2,0.0,0.0,0.0,23.0,0,0,16,3,0,6.86
Danny Loader,Auxerre,Big5,MF,2446,,1,Atacantes,1,1,0.99,3,3,0.0,0.0,0.0,0.0,9,0.0,0.0,62.01599999999999,17,0.0,0.0,0.0,25.0,8,0,29,3,0,6.86
Lucas,Burnley,Big5,MF,1229,,0,Perfil 0,1,1,0.75,0,0,0.0,0.0,0.0,0.0,15,0.0,0.0,11.097,1,0.0,0.0,0.0,25.0,0,1,18,3,0,6.86
Florentino Luís,Burnley,Big5,MF,1938,,0,Perfil 0,1,1,0.99,0,2,0.0,0.0,0.0,0.0,35,0.0,0.0,10.965,1,0.0,0.0,0.0,26.0,6,0,29,3,0,6.86
José Luis Gayà,Valencia,Big5,DF,2386,,0,Perfil 0,1,1,1.0,1,2,0.0,0.0,0.0,0.0,22,0.0,0.0,12.985,3,0.0,0.0,0.0,30.0,6,1,31,0,0,6.86
Douglas Luiz,Nottingham Forest,Big5,MF,315,,0,Perfil 0,0,0,0.0,0,0,0.0,0.0,0.0,0.0,7,0.0,0.0,5.005,1,0.0,0.0,0.0,28.0,2,0,8,3,0,6.86
Kristoffer Lund,Köln,Big5,DF,2186,,0,Perfil 0,1,1,0.98,0,2,0.0,0.0,0.0,0.0,28,0.0,0.0,19.926,3,0.0,0.0,0.0,24.0,2,0,32,0,0,6.86
Sebastiano Luperto,Cagliari,Big5,DF,1706,,0,Perfil 0,1,1,0.98,1,0,0.0,0.0,0.0,0.0,19,0.0,0.0,7.03,3,0.0,0.0,0.0,29.0,3,0,19,0,0,6.86
Babis Lykogiannis,Bologna,Big5,DF,627,,0,Perfil 0,0,0,0.01,0,1,0.0,0.0,0.0,0.0,6,0.0,0.0,7.0,2,0.0,0.0,0.0,32.0,3,0,10,0,0,6.86
Mathias Løvik,Parma,Big5,MF,471,,0,Perfil 0,0,0,0.0,0,0,0.0,0.0,0.0,0.0,7,0.0,0.0,2.964,0,0.0,0.0,0.0,22.0,0,0,9,3,0,6.86
Deiver Machado,Lens,Big5,MF,273,,0,Perfil 0,0,0,0.0,0,0,0.0,0.0,0.0,0.0,3,0.0,0.0,5.9399999999999995,1,0.0,0.0,0.0,32.0,1,0,5,3,0,6.86
Gabriel Magalhães,Arsenal,Big5,DF,2616,,0,Perfil 0,1,1,1.0,3,4,0.0,0.0,0.0,0.0,22,0.0,0.0,25.899,7,0.0,0.0,0.0,28.0,4,0,30,0,0,6.86
Radosław Majecki,Brest,Big5,GK,864,,0,Perfil 0,0,0,0.05,0,0,0.0,0.0,0.0,0.0,0,0.0,0.0,0.0,0,26.0,60.5,3.0,26.0,0,1,10,2,0,6.93
Daniel Maldini,Atalanta,Big5,MF,264,,0,Perfil 0,0,0,0.0,0,0,0.0,0.0,0.0,0.0,0,0.0,0.0,7.917,2,0.0,0.0,0.0,24.0,1,0,9,3,0,6.86
Youssef Maleh,Lecce,Big5,MF,460,,0,Perfil 0,0,0,0.0,0,0,0.0,0.0,0.0,0.0,7,0.0,0.0,6.987,1,0.0,0.0,0.0,27.0,2,0,9,3,0,6.86
Ruslan Malinovskyi,Genoa,Big5,MF,2145,,1,Atacantes,1,1,1.0,6,3,0.0,0.0,0.0,0.0,16,0.0,0.0,50.932,15,0.0,0.0,0.0,33.0,10,0,33,3,0,6.86
Pape Mamadou Sy,Metz,Big5,GK,706,,0,Perfil 0,0,0,0.06,0,0,0.0,0.0,0.0,0.0,0,0.0,0.0,0.0,0,29.0,60.4,2.0,29.0,0,0,8,2,0,6.93
Reinildo Mandava,Sunderland,Big5,DF,1786,,0,Perfil 0,1,1,0.99,0,1,0.0,0.0,0.0,0.0,29,0.0,0.0,3.9600000000000004,0,0.0,0.0,0.0,32.0,7,1,23,0,0,6.86
Brad Mantsounga,Nice,Big5,DF,90,,0,Perfil 0,0,0,0.0,0,0,0.0,0.0,0.0,0.0,0,0.0,0.0,0.0,0,0.0,0.0,0.0,18.0,0,0,1,0,0,6.86
José María Giménez,Atlético Madrid,Big5,DF,1178,,0,Perfil 0,1,1,0.9,0,1,0.0,0.0,0.0,0.0,15,0.0,0.0,12.969,3,0.0,0.0,0.0,31.0,3,0,16,0,0,6.86
Mariano,Alavés,Big5,FW,288,,0,Perfil 0,0,0,0.0,0,0,0.0,0.0,0.0,0.0,0,0.0,0.0,5.984000000000001,3,0.0,0.0,0.0,32.0,1,0,10,1,0,6.74
Luca Marianucci,Napoli,Big5,DF,119,,0,Perfil 0,0,0,0.0,0,1,0.0,0.0,0.0,0.0,1,0.0,0.0,0.9880000000000001,0,0.0,0.0,0.0,21.0,0,0,2,0,0,6.86
João Mário Lopes,Bologna,Big5,DF,645,,0,Perfil 0,0,0,0.01,1,0,0.0,0.0,0.0,0.0,9,0.0,0.0,3.024,2,0.0,0.0,0.0,26.0,1,0,9,0,0,6.86
João Mário Lopes,Juventus,Big5,MF,258,,0,Perfil 0,0,0,0.0,0,0,0.0,0.0,0.0,0.0,3,0.0,0.0,3.045,0,0.0,0.0,0.0,26.0,1,0,10,3,0,6.86
Daniel Martinez,Atlético Madrid,Big5,DF,90,,0,Perfil 0,0,0,0.0,0,0,0.0,0.0,0.0,0.0,1,0.0,0.0,0.0,0,0.0,0.0,0.0,22.0,0,0,1,0,0,6.86
Joaquín Martínez Gauna,Sevilla,Big5,MF,1255,,0,Perfil 0,1,1,0.72,2,3,0.0,0.0,0.0,0.0,6,0.0,0.0,15.012000000000002,7,0.0,0.0,0.0,22.0,1,0,19,3,0,6.86
Pape Matar Sarr,Tottenham Hotspur,Big5,MF,1357,,0,Perfil 0,1,1,0.93,2,3,0.0,0.0,0.0,0.0,13,0.0,0.0,16.006,6,0.0,0.0,0.0,23.0,2,0,24,3,0,6.86
Rudy Matondo,Auxerre,Big5,MF,614,,0,Perfil 0,0,0,0.02,0,0,0.0,0.0,0.0,0.0,7,0.0,0.0,4.012,0,0.0,0.0,0.0,18.0,3,0,16,3,0,6.86
Jean Mattéo Bahoya,Eintracht Frankfurt,Big5,MF,1315,,0,Perfil 0,1,1,0.98,3,4,0.0,0.0,0.0,0.0,12,0.0,0.0,28.032,8,0.0,0.0,0.0,21.0,2,0,26,3,0,6.86
Michel Mboula,Metz,Big5,DF,740,,0,Perfil 0,0,0,0.07,0,0,0.0,0.0,0.0,0.0,15,0.0,0.0,1.9679999999999997,1,0.0,0.0,0.0,23.0,2,0,13,0,0,6.86
Moustapha Mbow,Paris FC,Big5,DF,2717,,0,Perfil 0,1,1,1.0,0,1,0.0,0.0,0.0,0.0,38,0.0,0.0,9.966000000000001,3,0.0,0.0,0.0,26.0,5,0,31,0,0,6.86
Kader Meïté,Rennes,Big5,FW,535,,0,Perfil 0,0,0,0.03,3,2,0.0,0.0,0.0,0.0,1,0.0,0.0,21.830000000000002,7,0.0,0.0,0.0,18.0,0,0,17,1,0,6.74
Kim Min-jae,Bayern Munich,Big5,DF,1602,,0,Perfil 0,1,1,0.98,1,1,0.0,0.0,0.0,0.0,38,0.0,0.0,4.984000000000001,3,0.0,0.0,0.0,29.0,1,0,25,0,0,6.86
Lionel Mpasi,Le Havre,Big5,GK,315,,0,Perfil 0,0,0,0.0,0,0,0.0,0.0,0.0,0.0,0,0.0,0.0,0.0,0,15.0,88.2,1.0,31.0,1,0,4,2,0,6.93
Ngal'Ayel Mukau,Lille,Big5,MF,1489,,0,Perfil 0,1,1,0.99,1,0,0.0,0.0,0.0,0.0,13,0.0,0.0,19.965,5,0.0,0.0,0.0,21.0,3,0,29,3,0,6.86
Javier Muñoz,Getafe,Big5,MF,551,,0,Perfil 0,0,0,0.02,0,0,0.0,0.0,0.0,0.0,6,0.0,0.0,12.932,6,0.0,0.0,0.0,31.0,0,0,17,3,0,6.86
Yunus Musah,Milan,Big5,MF,90,,0,Perfil 0,0,0,0.0,0,0,0.0,0.0,0.0,0.0,0,0.0,0.0,0.0,0,0.0,0.0,0.0,23.0,0,0,1,3,0,6.86
Junior Mwanga,Nantes,Big5,MF,1260,,0,Perfil 0,1,1,0.64,1,1,0.0,0.0,0.0,0.0,8,0.0,0.0,8.96,3,0.0,0.0,0.0,23.0,2,1,15,3,0,6.86
Obite N'Dicka,Roma,Big5,DF,2644,,0,Perfil 0,1,1,0.99,3,0,0.0,0.0,0.0,0.0,43,0.0,0.0,22.932,6,0.0,0.0,0.0,26.0,5,0,30,0,0,6.86
Konan N'dri,Lecce,Big5,MF,512,,0,Perfil 0,0,0,0.17,2,0,0.0,0.0,0.0,0.0,2,0.0,0.0,18.012,5,0.0,0.0,0.0,25.0,3,0,25,3,0,6.86
Roberto Navarro,Athletic Club,Big5,MF,1172,,0,Perfil 0,1,1,0.95,6,1,0.0,0.0,0.0,0.0,7,0.0,0.0,20.02,10,0.0,0.0,0.0,24.0,1,0,30,3,0,6.86
Quentin Ndjantou Mbitcha,Paris Saint-Germain,Big5,MF,360,,0,Perfil 0,0,0,0.0,1,1,0.0,0.0,0.0,0.0,2,0.0,0.0,9.0,3,0.0,0.0,0.0,18.0,1,0,10,3,0,6.86
Mikayil Ngor Faye,Cremonese,Big5,MF,254,,0,Perfil 0,0,0,0.0,0,0,0.0,0.0,0.0,0.0,5,0.0,0.0,1.9879999999999998,0,0.0,0.0,0.0,21.0,1,0,8,3,0,6.86
Abdoulaye Niakhate Ndiaye,Parma,Big5,DF,750,,0,Perfil 0,0,0,0.07,0,0,0.0,0.0,0.0,0.0,11,0.0,0.0,5.976,0,0.0,0.0,0.0,24.0,5,1,10,0,0,6.86
Hans Nicolussi Caviglia,Fiorentina,Big5,MF,585,,0,Perfil 0,0,0,0.0,0,1,0.0,0.0,0.0,0.0,3,0.0,0.0,4.03,1,0.0,0.0,0.0,25.0,4,0,11,3,0,6.86
Oliver Nielsen,Lazio,Big5,DF,1401,,0,Perfil 0,1,1,0.97,0,0,0.0,0.0,0.0,0.0,13,0.0,0.0,6.084,2,0.0,0.0,0.0,22.0,3,0,24,0,0,6.86
Eddie Nketiah,Crystal Palace,Big5,MF,424,,0,Perfil 0,0,0,0.0,2,0,0.0,0.0,0.0,0.0,2,0.0,0.0,14.946000000000002,6,0.0,0.0,0.0,26.0,2,0,12,3,0,6.86
Ørjan Nyland,Sevilla,Big5,GK,360,,0,Perfil 0,0,0,0.0,0,0,0.0,0.0,0.0,0.0,0,0.0,0.0,0.0,0,9.0,60.0,1.0,35.0,1,0,4,2,0,6.93
M'Bala Nzola,Pisa,Big5,FW,1052,,0,Perfil 0,1,1,0.67,3,0,0.0,0.0,0.0,0.0,1,0.0,0.0,28.08,7,0.0,0.0,0.0,29.0,1,1,16,1,0,6.74
Matt O'Riley,Marseille,Big5,MF,741,,0,Perfil 0,0,0,0.02,1,2,0.0,0.0,0.0,0.0,6,0.0,0.0,6.969999999999999,3,0.0,0.0,0.0,25.0,2,0,15,3,0,6.86
Matt O'Riley,Brighton,Big5,MF,204,,0,Perfil 0,0,0,0.0,1,0,0.0,0.0,0.0,0.0,0,0.0,0.0,4.048,2,0.0,0.0,0.0,25.0,0,0,6,3,0,6.86
Noam Obougou Jacquet,Le Havre,Big5,FW,104,,0,Perfil 0,0,0,0.0,1,0,0.0,0.0,0.0,0.0,1,0.0,0.0,4.152,3,0.0,0.0,0.0,20.0,0,0,5,1,0,6.74
Rafel Obrador,Torino,Big5,MF,964,,0,Perfil 0,0,0,0.05,0,2,0.0,0.0,0.0,0.0,11,0.0,0.0,5.992,1,0.0,0.0,0.0,22.0,1,0,14,3,0,6.86
Ifechukwu Ogbus,Freiburg,Big5,DF,1158,,0,Perfil 0,1,1,0.75,0,0,0.0,0.0,0.0,0.0,12,0.0,0.0,5.031000000000001,2,0.0,0.0,0.0,20.0,1,0,17,0,0,6.86
Olasagasti,Levante,Big5,MF,1568,,0,Perfil 0,1,1,0.99,1,4,0.0,0.0,0.0,0.0,13,0.0,0.0,24.881999999999998,8,0.0,0.0,0.0,25.0,2,1,31,3,0,6.86
Max Oyedele,Strasbourg,Big5,MF,446,,0,Perfil 0,0,0,0.0,1,0,0.0,0.0,0.0,0.0,5,0.0,0.0,2.0,1,0.0,0.0,0.0,21.0,3,0,8,3,0,6.86
Nico O’Reilly,Manchester City,Big5,DF,2556,70000000.0,1,Atacantes,1,1,1.0,5,3,0.0,0.0,0.0,0.0,20,0.0,0.0,38.908,14,0.0,0.0,0.0,21.0,5,0,33,0,0,6.86
Isaac Palazón Camacho,Rayo Vallecano,Big5,MF,2248,,1,Atacantes,1,1,0.97,3,3,0.0,0.0,0.0,0.0,3,0.0,0.0,52.0,15,0.0,0.0,0.0,31.0,10,1,31,3,0,6.86
Emerson Palmieri,Marseille,Big5,DF,2024,,0,Perfil 0,1,1,0.98,0,3,0.0,0.0,0.0,0.0,32,0.0,0.0,13.95,2,0.0,0.0,0.0,31.0,3,0,27,0,0,6.86
Daniel Parejo,Villarreal,Big5,MF,1308,,0,Perfil 0,1,1,0.89,0,0,0.0,0.0,0.0,0.0,14,0.0,0.0,2.0300000000000002,0,0.0,0.0,0.0,37.0,3,0,30,3,0,6.86
Nicolás Paz,Como,Big5,MF,2878,,1,Atacantes,1,1,1.0,12,6,0.0,0.0,0.0,0.0,27,0.0,0.0,120.96,48,0.0,0.0,0.0,21.0,5,0,35,3,0,6.86
Mads Pedersen,Augsburg,Big5,MF,180,,0,Perfil 0,0,0,0.0,0,0,0.0,0.0,0.0,0.0,1,0.0,0.0,2.0,0,0.0,0.0,0.0,29.0,0,0,6,3,0,6.86
Marcus Pedersen,Torino,Big5,MF,1990,,0,Perfil 0,1,1,0.94,1,2,0.0,0.0,0.0,0.0,10,0.0,0.0,15.028000000000002,3,0.0,0.0,0.0,25.0,3,0,27,3,0,6.86
Zé Pedro Figueiredo,Cagliari,Big5,DF,1637,,0,Perfil 0,1,1,0.99,0,1,0.0,0.0,0.0,0.0,20,0.0,0.0,4.914,0,0.0,0.0,0.0,28.0,5,0,22,0,0,6.86
Faris Pemi Moumbagna,Cremonese,Big5,FW,93,,0,Perfil 0,0,0,0.0,0,0,0.0,0.0,0.0,0.0,0,0.0,0.0,1.94,0,0.0,0.0,0.0,25.0,0,0,5,1,0,6.74
Peque,Sevilla,Big5,MF,919,,0,Perfil 0,0,0,0.26,2,1,0.0,0.0,0.0,0.0,1,0.0,0.0,13.974,6,0.0,0.0,0.0,23.0,7,0,25,3,0,6.86
Everton Pereira,Nice,Big5,MF,135,,0,Perfil 0,0,0,0.0,0,0,0.0,0.0,0.0,0.0,3,0.0,0.0,1.995,0,0.0,0.0,0.0,19.0,0,0,3,3,0,6.86
Francisco Perez,Rayo Vallecano,Big5,MF,1160,,0,Perfil 0,1,1,0.76,2,1,0.0,0.0,0.0,0.0,2,0.0,0.0,15.996,8,0.0,0.0,0.0,23.0,4,0,27,3,0,6.86
Đorđe Petrović,Bournemouth,Big5,GK,3240,,2,Goleiros,1,1,1.0,0,0,0.0,0.0,0.0,0.0,0,0.0,0.0,0.0,0,103.0,69.1,11.0,26.0,3,0,36,2,0,6.93
Thiago Pinar,Real Madrid,Big5,MF,433,,0,Perfil 0,0,0,0.0,0,0,0.0,0.0,0.0,0.0,4,0.0,0.0,2.976,1,0.0,0.0,0.0,18.0,1,0,8,3,0,6.86
Matteo Prati,Cagliari,Big5,MF,1268,,0,Perfil 0,1,1,0.83,1,0,0.0,0.0,0.0,0.0,15,0.0,0.0,19.035,1,0.0,0.0,0.0,22.0,4,0,20,3,0,6.86
Grant Ranos,Gladbach,Big5,FW,119,,0,Perfil 0,0,0,0.0,1,0,0.0,0.0,0.0,0.0,1,0.0,0.0,3.939,2,0.0,0.0,0.0,22.0,1,0,8,1,0,6.74
Lilian Raolisoa,Angers,Big5,MF,1876,,0,Perfil 0,1,1,1.0,2,4,0.0,0.0,0.0,0.0,13,0.0,0.0,16.016000000000002,5,0.0,0.0,0.0,25.0,3,0,31,3,0,6.86
Raúl,Osasuna,Big5,FW,918,,1,Atacantes,0,0,0.29,7,1,0.0,0.0,0.0,0.0,7,0.0,0.0,33.048,21,0.0,0.0,0.0,25.0,2,1,34,1,0,6.74
Abde Rebbach,Alavés,Big5,MF,1361,,0,Perfil 0,1,1,0.99,1,3,0.0,0.0,0.0,0.0,16,0.0,0.0,32.918,11,0.0,0.0,0.0,27.0,7,0,28,3,0,6.86
Gio Reyna,Gladbach,Big5,MF,496,,0,Perfil 0,0,0,0.02,1,0,0.0,0.0,0.0,0.0,4,0.0,0.0,6.985,2,0.0,0.0,0.0,23.0,1,0,18,3,0,6.86
Zaid Romero,Getafe,Big5,DF,1169,,0,Perfil 0,1,1,0.89,1,0,0.0,0.0,0.0,0.0,28,0.0,0.0,8.969999999999999,1,0.0,0.0,0.0,26.0,5,1,13,0,0,6.86
Salomón Rondón,Oviedo,Big5,FW,1032,,0,Perfil 0,1,1,0.76,2,0,0.0,0.0,0.0,0.0,1,0.0,0.0,24.034999999999997,5,0.0,0.0,0.0,36.0,2,0,16,1,0,6.74
Rubén,Espanyol,Big5,DF,719,,0,Perfil 0,0,0,0.16,0,1,0.0,0.0,0.0,0.0,9,0.0,0.0,8.0,1,0.0,0.0,0.0,25.0,2,0,19,0,0,6.86
Daniele Rugani,Juventus,Big5,DF,250,,0,Perfil 0,0,0,0.0,0,0,0.0,0.0,0.0,0.0,5,0.0,0.0,0.0,0,0.0,0.0,0.0,31.0,0,0,6,0,0,6.86
Fabián Ruiz Peña,Paris Saint-Germain,Big5,MF,1041,,0,Perfil 0,1,1,0.91,1,3,0.0,0.0,0.0,0.0,13,0.0,0.0,18.096,4,0.0,0.0,0.0,30.0,2,0,19,3,0,6.86
Alexander Røssing-Lelesiit,Hamburger SV,Big5,FW,321,,0,Perfil 0,0,0,0.01,0,1,0.0,0.0,0.0,0.0,1,0.0,0.0,2.0160000000000005,2,0.0,0.0,0.0,19.0,3,1,11,1,0,6.74
Matvei Safonov,Paris Saint-Germain,Big5,GK,1260,,2,Goleiros,1,1,0.99,0,0,0.0,0.0,0.0,0.0,0,0.0,0.0,0.0,0,33.0,72.7,8.0,27.0,0,0,14,2,0,6.93
Mama Samba Baldé,Brest,Big5,FW,716,,0,Perfil 0,0,0,0.23,2,2,0.0,0.0,0.0,0.0,5,0.0,0.0,31.2,5,0.0,0.0,0.0,30.0,0,0,18,1,0,6.74
Manu Sánchez,Levante,Big5,DF,2634,,0,Perfil 0,1,1,1.0,1,2,0.0,0.0,0.0,0.0,34,0.0,0.0,12.892000000000001,4,0.0,0.0,0.0,25.0,8,0,31,0,0,6.86
Kauã Santos,Eintracht Frankfurt,Big5,GK,1084,,0,Perfil 0,1,1,0.93,0,0,0.0,0.0,0.0,0.0,0,0.0,0.0,0.0,0,37.0,54.4,2.0,23.0,0,0,13,2,0,6.93
Sávio,Manchester City,Big5,MF,708,,0,Perfil 0,0,0,0.15,1,1,0.0,0.0,0.0,0.0,5,0.0,0.0,17.064000000000004,11,0.0,0.0,0.0,22.0,2,0,22,3,0,6.86
Joe Scally,Gladbach,Big5,MF,2518,,0,Perfil 0,1,1,1.0,2,3,0.0,0.0,0.0,0.0,18,0.0,0.0,15.959999999999999,10,0.0,0.0,0.0,23.0,8,0,31,3,0,6.86
Antoine Semenyo,Bournemouth,Big5,MF,1798,80000000.0,1,Atacantes,1,1,0.97,10,3,0.0,0.0,0.0,0.0,6,0.0,0.0,49.0,27,0.0,0.0,0.0,26.0,6,0,20,3,0,6.86
Nicolás Serrano,Athletic Club,Big5,MF,357,,0,Perfil 0,0,0,0.01,1,0,0.0,0.0,0.0,0.0,2,0.0,0.0,15.12,3,0.0,0.0,0.0,23.0,0,0,15,3,0,6.86
Mathys Silestrie,Rennes,Big5,GK,90,,0,Perfil 0,0,0,0.0,0,0,0.0,0.0,0.0,0.0,0,0.0,0.0,0.0,0,0.0,0.0,0.0,20.0,0,0,1,2,0,6.93
Caio Henrique Oliveira Silva,Monaco,Big5,DF,1536,,0,Perfil 0,1,1,0.87,0,2,0.0,0.0,0.0,0.0,12,0.0,0.0,2.052,0,0.0,0.0,0.0,28.0,2,0,22,0,0,6.86
Leo Skiri Østigård,Genoa,Big5,DF,2622,,0,Perfil 0,1,1,1.0,5,1,0.0,0.0,0.0,0.0,30,0.0,0.0,22.116,12,0.0,0.0,0.0,26.0,7,0,30,0,0,6.86
Łukasz Skorupski,Bologna,Big5,GK,1412,,2,Goleiros,1,1,0.97,0,0,0.0,0.0,0.0,0.0,0,0.0,0.0,0.0,0,30.0,69.8,7.0,35.0,1,1,17,2,0,6.93
Simon Sohm,Fiorentina,Big5,MF,708,,0,Perfil 0,0,0,0.0,0,1,0.0,0.0,0.0,0.0,6,0.0,0.0,5.056,0,0.0,0.0,0.0,25.0,2,0,16,3,0,6.86
Vinicius Souza,Wolfsburg,Big5,MF,1674,,0,Perfil 0,1,1,0.97,0,0,0.0,0.0,0.0,0.0,23,0.0,0.0,7.0680000000000005,2,0.0,0.0,0.0,26.0,4,0,23,3,0,6.86
Orri Steinn Óskarsson,Real Sociedad,Big5,FW,681,,0,Perfil 0,0,0,0.21,7,0,0.0,0.0,0.0,0.0,1,0.0,0.0,20.064,14,0.0,0.0,0.0,21.0,5,0,18,1,0,6.74
Jørgen Strand Larsen,Wolves,Big5,FW,1404,40000000.0,0,Perfil 0,1,1,0.72,1,1,0.0,0.0,0.0,0.0,3,0.0,0.0,21.060000000000002,7,0.0,0.0,0.0,26.0,2,0,22,1,0,6.74
Musa Al-Taamari,Rennes,Big5,MF,2146,,1,Atacantes,1,1,0.99,6,6,0.0,0.0,0.0,0.0,11,0.0,0.0,58.78600000000001,22,0.0,0.0,0.0,28.0,4,0,32,3,0,6.86
Morten Thorsby,Genoa,Big5,MF,731,,0,Perfil 0,0,0,0.0,2,1,0.0,0.0,0.0,0.0,3,0.0,0.0,9.963,4,0.0,0.0,0.0,30.0,2,0,13,3,0,6.86
Khéphren Thuram,Juventus,Big5,MF,2351,,1,Atacantes,1,1,0.99,3,2,0.0,0.0,0.0,0.0,12,0.0,0.0,48.02400000000001,15,0.0,0.0,0.0,25.0,2,0,33,3,0,6.86
Cheikh Tidiane Sabaly,Metz,Big5,MF,967,,0,Perfil 0,0,0,0.01,0,2,0.0,0.0,0.0,0.0,3,0.0,0.0,7.917999999999999,4,0.0,0.0,0.0,27.0,2,0,14,3,0,6.86
Adama Traoré,Fulham,Big5,MF,274,,0,Perfil 0,0,0,0.0,0,0,0.0,0.0,0.0,0.0,0,0.0,0.0,4.92,1,0.0,0.0,0.0,30.0,0,0,15,3,0,6.86
Kostas Tsimikas,Roma,Big5,MF,644,,0,Perfil 0,0,0,0.09,0,0,0.0,0.0,0.0,0.0,8,0.0,0.0,7.056,0,0.0,0.0,0.0,30.0,1,0,18,3,0,6.86
Heorhii Tsitaishvili,Metz,Big5,MF,2449,,0,Perfil 0,1,1,1.0,3,2,0.0,0.0,0.0,0.0,14,0.0,0.0,31.007999999999996,8,0.0,0.0,0.0,25.0,3,0,33,3,0,6.86
Viktor Tsyhankov,Girona,Big5,MF,2371,,1,Atacantes,1,1,1.0,6,5,0.0,0.0,0.0,0.0,20,0.0,0.0,41.028000000000006,17,0.0,0.0,0.0,28.0,3,0,29,3,0,6.86
Hákon Valdimarsson,Brentford,Big5,GK,90,,0,Perfil 0,0,0,0.0,0,0,0.0,0.0,0.0,0.0,0,0.0,0.0,0.0,0,1.0,25.0,0.0,24.0,0,0,1,2,0,6.93
José Luis García Vayá,Valencia,Big5,MF,2058,,0,Perfil 0,1,1,0.99,2,0,0.0,0.0,0.0,0.0,19,0.0,0.0,23.128999999999998,3,0.0,0.0,0.0,27.0,4,0,28,3,0,6.86
Unai Vencedor Paris,Levante,Big5,MF,812,,0,Perfil 0,0,0,0.03,0,0,0.0,0.0,0.0,0.0,4,0.0,0.0,0.0,0,0.0,0.0,0.0,25.0,3,1,16,3,0,6.86
Luca Waldschmidt,Köln,Big5,FW,677,,0,Perfil 0,0,0,0.35,5,4,0.0,0.0,0.0,0.0,4,0.0,0.0,25.95,13,0.0,0.0,0.0,29.0,1,0,24,1,0,6.74
James Ward-Prowse,West Ham United,Big5,MF,413,,0,Perfil 0,0,0,0.0,0,0,0.0,0.0,0.0,0.0,6,0.0,0.0,2.024,0,0.0,0.0,0.0,31.0,0,0,5,3,0,6.86
Max Weiß,Burnley,Big5,GK,90,,0,Perfil 0,0,0,0.0,0,0,0.0,0.0,0.0,0.0,0,0.0,0.0,0.0,0,5.0,71.4,0.0,21.0,0,0,1,2,0,6.93
Estêvão Willian,Chelsea,Big5,MF,848,,0,Perfil 0,0,0,0.18,2,2,0.0,0.0,0.0,0.0,4,0.0,0.0,27.918000000000003,8,0.0,0.0,0.0,19.0,4,0,22,3,0,6.86
Joe Willock,Newcastle United,Big5,MF,855,,0,Perfil 0,0,0,0.06,0,1,0.0,0.0,0.0,0.0,5,0.0,0.0,13.965,5,0.0,0.0,0.0,26.0,3,0,22,3,0,6.86
Jeong Woo-yeong,Union Berlin,Big5,MF,1171,,0,Perfil 0,1,1,0.94,3,1,0.0,0.0,0.0,0.0,8,0.0,0.0,20.93,7,0.0,0.0,0.0,26.0,0,0,27,3,0,6.86
Kenan Yıldız,Juventus,Big5,MF,2736,75000000.0,1,Atacantes,1,1,0.98,10,6,0.0,0.0,0.0,0.0,7,0.0,0.0,93.024,38,0.0,0.0,0.0,21.0,2,0,35,3,0,6.86
Ali Yousuf,Nantes,Big5,DF,969,,0,Perfil 0,0,0,0.29,0,0,0.0,0.0,0.0,0.0,18,0.0,0.0,6.048000000000001,1,0.0,0.0,0.0,24.0,4,0,13,0,0,6.86
Illia Zabarnyi,Paris Saint-Germain,Big5,DF,2297,,0,Perfil 0,1,1,0.99,1,0,0.0,0.0,0.0,0.0,18,0.0,0.0,4.08,3,0.0,0.0,0.0,23.0,6,0,27,0,0,6.86
Andre-Frank Zambo Anguissa,Napoli,Big5,MF,1258,,0,Perfil 0,1,1,0.92,4,1,0.0,0.0,0.0,0.0,13,0.0,0.0,23.099999999999998,9,0.0,0.0,0.0,30.0,1,0,18,3,0,6.86
Jan Ziółkowski,Roma,Big5,DF,483,,0,Perfil 0,0,0,0.02,0,0,0.0,0.0,0.0,0.0,7,0.0,0.0,0.0,0,0.0,0.0,0.0,20.0,2,0,16,0,0,6.86
Milan Đurić,Cremonese,Big5,FW,383,,0,Perfil 0,0,0,0.0,0,1,0.0,0.0,0.0,0.0,0,0.0,0.0,10.105,5,0.0,0.0,0.0,35.0,1,0,10,1,0,6.74
Luciano Acosta,Fluminense,Brasileirao,MF,758,,0,Perfil 0,0,0,0.0,3,3,0.0,0.0,0.0,0.0,5,0.0,0.0,18.983999999999998,7,0.0,0.0,0.0,31.0,3,0,11,3,1,6.86
Artur,Botafogo (RJ),Brasileirao,FW,192,,0,Perfil 0,0,0,0.0,1,0,0.0,0.0,0.0,0.0,0,0.0,0.0,4.914,4,0.0,0.0,0.0,28.0,0,0,4,1,1,6.74
José Luis Rodríguez Bebanz,Vasco da Gama,Brasileirao,DF,692,,0,Perfil 0,0,0,0.07,2,4,0.0,0.0,0.0,0.0,7,0.0,0.0,20.02,7,0.0,0.0,0.0,29.0,2,0,10,0,1,6.86
Marllon Borges,Remo,Brasileirao,DF,1350,,0,Perfil 0,1,1,0.81,1,0,0.0,0.0,0.0,0.0,19,0.0,0.0,4.050000000000001,1,0.0,0.0,0.0,34.0,2,0,15,0,1,6.86
Breno,Corinthians,Brasileirao,MF,887,,0,Perfil 0,0,0,0.02,2,0,0.0,0.0,0.0,0.0,3,0.0,0.0,5.049,2,0.0,0.0,0.0,21.0,1,0,13,3,1,6.86
Breno,Coritiba,Brasileirao,MF,704,,0,Perfil 0,0,0,0.05,5,1,0.0,0.0,0.0,0.0,1,0.0,0.0,11.934,7,0.0,0.0,0.0,30.0,3,0,12,3,1,6.86
Kaiki Bruno,Cruzeiro,Brasileirao,DF,1146,,0,Perfil 0,1,1,0.76,0,2,0.0,0.0,0.0,0.0,17,0.0,0.0,10.033,3,0.0,0.0,0.0,23.0,1,1,13,0,1,6.86
Juan Camilo Portilla,Athletico Paranaense,Brasileirao,MF,794,,0,Perfil 0,0,0,0.08,0,0,0.0,0.0,0.0,0.0,10,0.0,0.0,5.984000000000001,1,0.0,0.0,0.0,27.0,3,0,15,3,1,6.86
Jean Carlos Vicente,Chapecoense,Brasileirao,MF,607,,0,Perfil 0,0,0,0.03,2,2,0.0,0.0,0.0,0.0,5,0.0,0.0,15.879000000000001,6,0.0,0.0,0.0,34.0,2,0,14,3,1,6.86
Caue,RB Bragantino,Brasileirao,DF,179,,0,Perfil 0,0,0,0.0,0,0,0.0,0.0,0.0,0.0,6,0.0,0.0,2.02,0,0.0,0.0,0.0,19.0,1,0,3,0,1,6.86
Murilo Cerqueira,Palmeiras,Brasileirao,DF,1036,,0,Perfil 0,1,1,0.7,1,1,0.0,0.0,0.0,0.0,9,0.0,0.0,7.015,2,0.0,0.0,0.0,29.0,2,1,12,0,1,6.86
Francisco da Costa,Cruzeiro,Brasileirao,FW,189,,0,Perfil 0,0,0,0.0,0,1,0.0,0.0,0.0,0.0,0,0.0,0.0,4.998,2,0.0,0.0,0.0,31.0,0,0,6,1,1,6.74
Leonardo Derik,Athletico Paranaense,Brasileirao,MF,478,,0,Perfil 0,0,0,0.0,0,0,0.0,0.0,0.0,0.0,7,0.0,0.0,2.968,1,0.0,0.0,0.0,20.0,0,0,9,3,1,6.86
Eduardo Doma,Chapecoense,Brasileirao,DF,1169,,0,Perfil 0,1,1,0.8,1,0,0.0,0.0,0.0,0.0,14,0.0,0.0,11.049999999999999,3,0.0,0.0,0.0,27.0,3,1,13,0,1,6.86
Dória,São Paulo,Brasileirao,DF,138,,0,Perfil 0,0,0,0.0,0,0,0.0,0.0,0.0,0.0,3,0.0,0.0,0.0,0,0.0,0.0,0.0,31.0,0,0,3,0,1,6.86
Thiago dos Santos,Coritiba,Brasileirao,MF,224,,0,Perfil 0,0,0,0.0,0,0,0.0,0.0,0.0,0.0,2,0.0,0.0,0.0,0,0.0,0.0,0.0,36.0,3,0,8,3,1,6.86
Emerson,Flamengo,Brasileirao,DF,395,,0,Perfil 0,0,0,0.0,0,1,0.0,0.0,0.0,0.0,5,0.0,0.0,1.0120000000000002,0,0.0,0.0,0.0,27.0,0,0,6,0,1,6.86
Leandro Emmanuel Martínez,Vitória,Brasileirao,MF,867,,0,Perfil 0,0,0,0.06,0,0,0.0,0.0,0.0,0.0,10,0.0,0.0,4.992,0,0.0,0.0,0.0,31.0,4,0,11,3,1,6.86
Evertton,Flamengo,Brasileirao,MF,711,,0,Perfil 0,0,0,0.03,0,1,0.0,0.0,0.0,0.0,7,0.0,0.0,13.983,0,0.0,0.0,0.0,23.0,3,1,11,3,1,6.86
Juan Felipe Aguirre,Athletico Paranaense,Brasileirao,DF,890,,0,Perfil 0,0,0,0.07,1,0,0.0,0.0,0.0,0.0,11,0.0,0.0,6.039,4,0.0,0.0,0.0,29.0,1,0,11,0,1,6.86
Juan Freytes,Fluminense,Brasileirao,DF,1170,,0,Perfil 0,1,1,0.72,0,0,0.0,0.0,0.0,0.0,9,0.0,0.0,11.049999999999999,2,0.0,0.0,0.0,26.0,2,0,13,0,1,6.86
Nuno Gonçalo Moreira,Vasco da Gama,Brasileirao,MF,665,,0,Perfil 0,0,0,0.02,1,1,0.0,0.0,0.0,0.0,5,0.0,0.0,13.024000000000001,3,0.0,0.0,0.0,26.0,1,0,13,3,1,6.86
Jajá,Remo,Brasileirao,MF,762,,0,Perfil 0,0,0,0.02,2,1,0.0,0.0,0.0,0.0,3,0.0,0.0,21.08,9,0.0,0.0,0.0,27.0,1,0,12,3,1,6.86
Caíque de Jesus Gonçalves,Vitória,Brasileirao,MF,957,,0,Perfil 0,0,0,0.03,0,0,0.0,0.0,0.0,0.0,10,0.0,0.0,2.014,1,0.0,0.0,0.0,30.0,1,0,12,3,1,6.86
Jonathan,Cruzeiro,Brasileirao,DF,528,,0,Perfil 0,0,0,0.06,0,0,0.0,0.0,0.0,0.0,14,0.0,0.0,2.0060000000000002,0,0.0,0.0,0.0,21.0,0,0,7,0,1,6.86
Kauê,Corinthians,Brasileirao,GK,180,,0,Perfil 0,0,0,0.0,0,0,0.0,0.0,0.0,0.0,0,0.0,0.0,0.0,0,14.0,82.4,1.0,22.0,1,0,2,2,1,6.93
Renato Kayser,Vitória,Brasileirao,FW,603,,0,Perfil 0,0,0,0.0,3,1,0.0,0.0,0.0,0.0,4,0.0,0.0,14.003,6,0.0,0.0,0.0,30.0,3,0,10,1,1,6.74
Luighi,Palmeiras,Brasileirao,FW,109,,0,Perfil 0,0,0,0.0,0,0,0.0,0.0,0.0,0.0,0,0.0,0.0,1.9799999999999998,0,0.0,0.0,0.0,20.0,2,0,6,1,1,6.74
Wallisson Luiz,Coritiba,Brasileirao,MF,397,,0,Perfil 0,0,0,0.03,0,0,0.0,0.0,0.0,0.0,13,0.0,0.0,2.9920000000000004,0,0.0,0.0,0.0,28.0,3,0,9,3,1,6.86
Marcelinho,RB Bragantino,Brasileirao,MF,173,,0,Perfil 0,0,0,0.0,0,1,0.0,0.0,0.0,0.0,0,0.0,0.0,3.952,1,0.0,0.0,0.0,21.0,0,0,3,3,1,6.86
Igor Marques,Mirassol,Brasileirao,DF,1109,,0,Perfil 0,1,1,0.88,3,0,0.0,0.0,0.0,0.0,20,0.0,0.0,15.006,5,0.0,0.0,0.0,27.0,1,0,14,0,1,6.86
Andre Martins,Grêmio,Brasileirao,MF,96,,0,Perfil 0,0,0,0.0,0,0,0.0,0.0,0.0,0.0,0,0.0,0.0,5.159000000000001,2,0.0,0.0,0.0,24.0,2,0,4,3,1,6.86
Gustavo Martins Santos,Grêmio,Brasileirao,DF,894,,0,Perfil 0,0,0,0.1,0,2,0.0,0.0,0.0,0.0,13,0.0,0.0,9.009,1,0.0,0.0,0.0,23.0,3,0,11,0,1,6.86
Matheusinho,Vitória,Brasileirao,FW,779,,0,Perfil 0,0,0,0.01,2,1,0.0,0.0,0.0,0.0,6,0.0,0.0,16.095,8,0.0,0.0,0.0,28.0,3,0,13,1,1,6.74
Matheusinho,Vitória,Brasileirao,FW,779,,0,Perfil 0,0,0,0.0,2,1,0.0,0.0,0.0,0.0,6,0.0,0.0,11.571,0,0.0,0.0,0.0,28.0,3,0,13,1,1,6.74
Matheusinho,Vitória,Brasileirao,FW,779,,0,Perfil 0,0,0,0.0,2,1,0.0,0.0,0.0,0.0,2,0.0,0.0,16.095,8,0.0,0.0,0.0,28.0,3,0,13,1,1,6.74
Matheusinho,Vitória,Brasileirao,FW,779,,0,Perfil 0,0,0,0.0,2,1,0.0,0.0,0.0,0.0,2,0.0,0.0,11.571,0,0.0,0.0,0.0,28.0,3,0,13,1,1,6.74
Matheusinho,Vitória,Brasileirao,FW,779,,0,Perfil 0,0,0,0.01,2,1,0.0,0.0,0.0,0.0,6,0.0,0.0,16.095,8,0.0,0.0,0.0,28.0,3,0,13,1,1,6.74
Matheusinho,Vitória,Brasileirao,FW,779,,0,Perfil 0,0,0,0.0,2,1,0.0,0.0,0.0,0.0,6,0.0,0.0,11.571,0,0.0,0.0,0.0,28.0,3,0,13,1,1,6.74
Matheusinho,Vitória,Brasileirao,FW,779,,0,Perfil 0,0,0,0.0,2,1,0.0,0.0,0.0,0.0,2,0.0,0.0,16.095,8,0.0,0.0,0.0,28.0,3,0,13,1,1,6.74
Matheusinho,Vitória,Brasileirao,FW,779,,0,Perfil 0,0,0,0.0,2,1,0.0,0.0,0.0,0.0,2,0.0,0.0,11.571,0,0.0,0.0,0.0,28.0,3,0,13,1,1,6.74
Matheusinho,Vitória,Brasileirao,DF,135,,0,Perfil 0,0,0,0.0,0,0,0.0,0.0,0.0,0.0,6,0.0,0.0,2.7750000000000004,8,0.0,0.0,0.0,27.0,0,0,2,0,1,6.86
Matheusinho,Vitória,Brasileirao,DF,135,,0,Perfil 0,0,0,0.0,0,0,0.0,0.0,0.0,0.0,6,0.0,0.0,1.995,0,0.0,0.0,0.0,27.0,0,0,2,0,1,6.86
Matheusinho,Vitória,Brasileirao,DF,135,,0,Perfil 0,0,0,0.01,0,0,0.0,0.0,0.0,0.0,2,0.0,0.0,2.7750000000000004,8,0.0,0.0,0.0,27.0,0,0,2,0,1,6.86
Matheusinho,Vitória,Brasileirao,DF,135,,0,Perfil 0,0,0,0.0,0,0,0.0,0.0,0.0,0.0,2,0.0,0.0,1.995,0,0.0,0.0,0.0,27.0,0,0,2,0,1,6.86
Matheusinho,Vitória,Brasileirao,DF,135,,0,Perfil 0,0,0,0.0,0,0,0.0,0.0,0.0,0.0,6,0.0,0.0,2.7750000000000004,8,0.0,0.0,0.0,27.0,0,0,2,0,1,6.86
Matheusinho,Vitória,Brasileirao,DF,135,,0,Perfil 0,0,0,0.0,0,0,0.0,0.0,0.0,0.0,6,0.0,0.0,1.995,0,0.0,0.0,0.0,27.0,0,0,2,0,1,6.86
Matheusinho,Vitória,Brasileirao,DF,135,,0,Perfil 0,0,0,0.01,0,0,0.0,0.0,0.0,0.0,2,0.0,0.0,2.7750000000000004,8,0.0,0.0,0.0,27.0,0,0,2,0,1,6.86
Matheusinho,Vitória,Brasileirao,DF,135,,0,Perfil 0,0,0,0.0,0,0,0.0,0.0,0.0,0.0,2,0.0,0.0,1.995,0,0.0,0.0,0.0,27.0,0,0,2,0,1,6.86
Mauricio,Palmeiras,Brasileirao,MF,848,,0,Perfil 0,0,0,0.05,1,1,0.0,0.0,0.0,0.0,7,0.0,0.0,19.928,6,0.0,0.0,0.0,24.0,1,0,13,3,1,6.86
Arthur Melo,Grêmio,Brasileirao,MF,672,,0,Perfil 0,0,0,0.0,0,0,0.0,0.0,0.0,0.0,8,0.0,0.0,3.0,0,0.0,0.0,0.0,29.0,1,0,8,3,1,6.86
Memphis,Corinthians,Brasileirao,FW,432,,0,Perfil 0,0,0,0.0,1,0,0.0,0.0,0.0,0.0,0,0.0,0.0,6.0,2,0.0,0.0,0.0,32.0,0,0,7,1,1,6.74
Vinicius Mendonça,RB Bragantino,Brasileirao,MF,288,,0,Perfil 0,0,0,0.0,0,1,0.0,0.0,0.0,0.0,0,0.0,0.0,1.984,1,0.0,0.0,0.0,22.0,0,0,8,3,1,6.86
Stiven Mendoza,Athletico Paranaense,Brasileirao,MF,1203,,0,Perfil 0,1,1,0.7,4,0,0.0,0.0,0.0,0.0,7,0.0,0.0,18.090000000000003,8,0.0,0.0,0.0,33.0,0,0,15,3,1,6.86
Bruno Nascimento,Cruzeiro,Brasileirao,MF,175,,0,Perfil 0,0,0,0.0,0,1,0.0,0.0,0.0,0.0,0,0.0,0.0,1.9569999999999999,1,0.0,0.0,0.0,29.0,0,0,7,3,1,6.86
José Vitor Silva Neves,Vitória,Brasileirao,MF,417,,0,Perfil 0,0,0,0.0,1,0,0.0,0.0,0.0,0.0,3,0.0,0.0,6.946,3,0.0,0.0,0.0,26.0,2,0,7,3,1,6.86
Cauly Oliveira Souza,São Paulo,Brasileirao,MF,500,,0,Perfil 0,0,0,0.0,1,0,0.0,0.0,0.0,0.0,4,0.0,0.0,7.055999999999999,3,0.0,0.0,0.0,30.0,0,0,11,3,1,6.86
Léo Pelé,Athletico Paranaense,Brasileirao,DF,101,,0,Perfil 0,0,0,0.0,0,0,0.0,0.0,0.0,0.0,2,0.0,0.0,0.0,0,0.0,0.0,0.0,30.0,0,0,2,0,1,6.86
Luan Peres Petroni,Santos,Brasileirao,DF,1061,,0,Perfil 0,1,1,0.66,0,0,0.0,0.0,0.0,0.0,9,0.0,0.0,2.95,0,0.0,0.0,0.0,31.0,4,1,13,0,1,6.86
Josué Pesqueira,Coritiba,Brasileirao,MF,1025,,0,Perfil 0,0,0,0.1,0,5,0.0,0.0,0.0,0.0,3,0.0,0.0,6.954,1,0.0,0.0,0.0,35.0,1,1,14,3,1,6.86
Rafael Pires,São Paulo,Brasileirao,GK,1350,,2,Goleiros,1,1,0.99,0,0,0.0,0.0,0.0,0.0,1,0.0,0.0,0.0,0,41.0,73.2,4.0,36.0,0,0,15,2,1,6.93
Santi Ramos Mingo,Bahia,Brasileirao,DF,1260,,0,Perfil 0,1,1,0.78,0,0,0.0,0.0,0.0,0.0,18,0.0,0.0,2.94,1,0.0,0.0,0.0,24.0,3,0,14,0,1,6.86
Renan,Athletico Paranaense,Brasileirao,FW,92,,0,Perfil 0,0,0,0.0,0,0,0.0,0.0,0.0,0.0,0,0.0,0.0,2.93,0,0.0,0.0,0.0,26.0,0,0,6,1,1,6.74
Charles Rigon Matos,Corinthians,Brasileirao,MF,193,,0,Perfil 0,0,0,0.0,0,0,0.0,0.0,0.0,0.0,2,0.0,0.0,0.0,0,0.0,0.0,0.0,29.0,0,0,4,3,1,6.86
Pedro Rocha Neves,Coritiba,Brasileirao,FW,1208,,0,Perfil 0,1,1,0.79,4,0,0.0,0.0,0.0,0.0,3,0.0,0.0,30.016000000000005,10,0.0,0.0,0.0,31.0,1,0,15,1,1,6.74
Rodrigo,RB Bragantino,Brasileirao,MF,239,,0,Perfil 0,0,0,0.0,1,0,0.0,0.0,0.0,0.0,2,0.0,0.0,3.0509999999999997,1,0.0,0.0,0.0,22.0,2,0,7,3,1,6.86
Ruan,Atlético Mineiro,Brasileirao,DF,1149,,0,Perfil 0,1,1,0.76,1,0,0.0,0.0,0.0,0.0,12,0.0,0.0,3.968,2,0.0,0.0,0.0,26.0,5,0,13,0,1,6.86
José Sabino,São Paulo,Brasileirao,DF,1125,,0,Perfil 0,1,1,0.81,1,0,0.0,0.0,0.0,0.0,11,0.0,0.0,5.0,2,0.0,0.0,0.0,29.0,1,0,13,0,1,6.86
Ademir Santos,Bahia,Brasileirao,FW,420,,0,Perfil 0,0,0,0.02,0,0,0.0,0.0,0.0,0.0,2,0.0,0.0,11.092,5,0.0,0.0,0.0,31.0,0,0,14,1,1,6.74
Cleiton Schwengber,RB Bragantino,Brasileirao,GK,630,,0,Perfil 0,0,0,0.0,0,0,0.0,0.0,0.0,0.0,0,0.0,0.0,0.0,0,17.0,70.8,2.0,28.0,1,0,7,2,1,6.93
João Pedro Sousa Silva,Remo,Brasileirao,FW,298,,0,Perfil 0,0,0,0.0,1,0,0.0,0.0,0.0,0.0,0,0.0,0.0,6.962999999999999,2,0.0,0.0,0.0,29.0,2,0,6,1,1,6.74
Matheus Pereira da Silva,Corinthians,Brasileirao,MF,451,,0,Perfil 0,0,0,0.0,0,0,0.0,0.0,0.0,0.0,3,0.0,0.0,8.0,1,0.0,0.0,0.0,28.0,1,0,10,3,1,6.86
Everton Soares,Flamengo,Brasileirao,MF,318,,0,Perfil 0,0,0,0.0,1,1,0.0,0.0,0.0,0.0,1,0.0,0.0,9.905000000000001,2,0.0,0.0,0.0,30.0,2,0,7,3,1,6.86
Renê Sousa,Vitória,Brasileirao,FW,435,,0,Perfil 0,0,0,0.0,3,1,0.0,0.0,0.0,0.0,3,0.0,0.0,13.92,7,0.0,0.0,0.0,22.0,1,0,7,1,1,6.74
Igor Vinícius de Souza,Santos,Brasileirao,DF,990,,0,Perfil 0,0,0,0.04,0,1,0.0,0.0,0.0,0.0,11,0.0,0.0,2.97,2,0.0,0.0,0.0,29.0,3,0,11,0,1,6.86
Raul Steffens,Botafogo (RJ),Brasileirao,GK,630,,0,Perfil 0,0,0,0.02,0,0,0.0,0.0,0.0,0.0,0,0.0,0.0,0.0,0,26.0,63.4,0.0,28.0,1,0,7,2,1,6.93
Everaldo Stum,Bahia,Brasileirao,FW,537,,0,Perfil 0,0,0,0.0,3,0,0.0,0.0,0.0,0.0,4,0.0,0.0,15.059999999999999,6,0.0,0.0,0.0,34.0,2,0,11,1,1,6.74
Rubens Tadeu,Chapecoense,Brasileirao,MF,140,,0,Perfil 0,0,0,0.0,1,0,0.0,0.0,0.0,0.0,1,0.0,0.0,4.112,1,0.0,0.0,0.0,23.0,1,0,5,3,1,6.86
Guilherme Tinga,Coritiba,Brasileirao,DF,862,,0,Perfil 0,0,0,0.04,0,2,0.0,0.0,0.0,0.0,14,0.0,0.0,4.032,2,0.0,0.0,0.0,32.0,0,0,11,0,1,6.86
Félix Torres Caicedo,Internacional,Brasileirao,DF,950,,0,Perfil 0,0,0,0.18,1,0,0.0,0.0,0.0,0.0,21,0.0,0.0,9.01,2,0.0,0.0,0.0,29.0,3,0,12,0,1,6.86
Alix Vinicius,RB Bragantino,Brasileirao,DF,966,,0,Perfil 0,0,0,0.18,0,0,0.0,0.0,0.0,0.0,19,0.0,0.0,2.996,1,0.0,0.0,0.0,26.0,6,1,12,0,1,6.86
Wagner,Grêmio,Brasileirao,DF,496,,0,Perfil 0,0,0,0.0,0,0,0.0,0.0,0.0,0.0,6,0.0,0.0,1.98,0,0.0,0.0,0.0,26.0,2,1,6,0,1,6.86
José Welison,Remo,Brasileirao,MF,623,,0,Perfil 0,0,0,0.06,0,0,0.0,0.0,0.0,0.0,12,0.0,0.0,8.97,0,0.0,0.0,0.0,31.0,3,0,12,3,1,6.86
Willian,Coritiba,Brasileirao,MF,431,,0,Perfil 0,0,0,0.0,0,0,0.0,0.0,0.0,0.0,10,0.0,0.0,4.992,0,0.0,0.0,0.0,32.0,0,0,8,3,1,6.86
Yuri,Mirassol,Brasileirao,MF,323,,0,Perfil 0,0,0,0.0,0,0,0.0,0.0,0.0,0.0,6,0.0,0.0,1.0080000000000002,1,0.0,0.0,0.0,32.0,0,1,6,3,1,6.86
